name,description,property_type_name,province_name,district_name,ward_name,street_name,project_name,area,floor_count,bedroom_count,bathroom_count,latitude,longitude,price,is_market_coverage
Biệt thự/Nhà liền kề Trung tâm An Giang,Coverage row generated from market priors and Hugging Face schema.,Biệt thự/Nhà liền kề,An Giang,Trung tâm,,,,45.0,1.0,2.0,4.0,10.54633,105.126049,1535923647,True
Biệt thự/Nhà liền kề Trung tâm An Giang,Coverage row generated from market priors and Hugging Face schema.,Biệt thự/Nhà liền kề,An Giang,Trung tâm,,,,60.0,3.0,3.0,3.0,10.511034,105.109772,2296348493,True
Biệt thự/Nhà liền kề Trung tâm An Giang,Coverage row generated from market priors and Hugging Face schema.,Biệt thự/Nhà liền kề,An Giang,Trung tâm,,,,80.0,3.0,1.0,2.0,10.545991,105.127914,3090745798,True
Biệt thự/Nhà liền kề Trung tâm An Giang,Coverage row generated from market priors and Hugging Face schema.,Biệt thự/Nhà liền kề,An Giang,Trung tâm,,,,120.0,4.0,1.0,3.0,10.539937,105.134882,4376390608,True
Biệt thự/Nhà liền kề Trung tâm An Giang,Coverage row generated from market priors and Hugging Face schema.,Biệt thự/Nhà liền kề,An Giang,Trung tâm,,,,180.0,2.0,5.0,1.0,10.504961,105.109161,6422755521,True
Căn hộ chung cư Trung tâm An Giang,Coverage row generated from market priors and Hugging Face schema.,Căn hộ chung cư,An Giang,Trung tâm,,,,45.0,4.0,4.0,3.0,10.510175,105.122719,948256547,True
Căn hộ chung cư Trung tâm An Giang,Coverage row generated from market priors and Hugging Face schema.,Căn hộ chung cư,An Giang,Trung tâm,,,,60.0,2.0,3.0,4.0,10.533853,105.102367,1112454543,True
Căn hộ chung cư Trung tâm An Giang,Coverage row generated from market priors and Hugging Face schema.,Căn hộ chung cư,An Giang,Trung tâm,,,,80.0,1.0,4.0,4.0,10.525744,105.105241,1513921576,True
Căn hộ chung cư Trung tâm An Giang,Coverage row generated from market priors and Hugging Face schema.,Căn hộ chung cư,An Giang,Trung tâm,,,,120.0,2.0,5.0,3.0,10.529803,105.131323,2343073156,True
Căn hộ chung cư Trung tâm An Giang,Coverage row generated from market priors and Hugging Face schema.,Căn hộ chung cư,An Giang,Trung tâm,,,,180.0,2.0,2.0,1.0,10.520014,105.14191,3506866696,True
Nhà Trung tâm An Giang,Coverage row generated from market priors and Hugging Face schema.,Nhà,An Giang,Trung tâm,,,,45.0,2.0,3.0,4.0,10.53393,105.147364,1339961177,True
Nhà Trung tâm An Giang,Coverage row generated from market priors and Hugging Face schema.,Nhà,An Giang,Trung tâm,,,,60.0,5.0,3.0,4.0,10.506372,105.134597,1899501062,True
Nhà Trung tâm An Giang,Coverage row generated from market priors and Hugging Face schema.,Nhà,An Giang,Trung tâm,,,,80.0,3.0,1.0,2.0,10.498811,105.122476,2211296641,True
Nhà Trung tâm An Giang,Coverage row generated from market priors and Hugging Face schema.,Nhà,An Giang,Trung tâm,,,,120.0,3.0,1.0,1.0,10.512633,105.132878,3580079019,True
Nhà Trung tâm An Giang,Coverage row generated from market priors and Hugging Face schema.,Nhà,An Giang,Trung tâm,,,,180.0,1.0,3.0,2.0,10.50071,105.109423,4966738640,True
Shophouse Trung tâm An Giang,Coverage row generated from market priors and Hugging Face schema.,Shophouse,An Giang,Trung tâm,,,,45.0,5.0,1.0,3.0,10.511331,105.123862,2054308667,True
Shophouse Trung tâm An Giang,Coverage row generated from market priors and Hugging Face schema.,Shophouse,An Giang,Trung tâm,,,,60.0,2.0,4.0,4.0,10.497169,105.147916,2525259401,True
Shophouse Trung tâm An Giang,Coverage row generated from market priors and Hugging Face schema.,Shophouse,An Giang,Trung tâm,,,,80.0,2.0,4.0,4.0,10.544601,105.149312,3295887814,True
Shophouse Trung tâm An Giang,Coverage row generated from market priors and Hugging Face schema.,Shophouse,An Giang,Trung tâm,,,,120.0,3.0,3.0,4.0,10.535219,105.121317,5542759261,True
Shophouse Trung tâm An Giang,Coverage row generated from market priors and Hugging Face schema.,Shophouse,An Giang,Trung tâm,,,,180.0,3.0,2.0,2.0,10.531538,105.14182,7371723265,True
Đất Trung tâm An Giang,Coverage row generated from market priors and Hugging Face schema.,Đất,An Giang,Trung tâm,,,,45.0,0.0,0.0,0.0,10.512626,105.112285,1162758328,True
Đất Trung tâm An Giang,Coverage row generated from market priors and Hugging Face schema.,Đất,An Giang,Trung tâm,,,,60.0,0.0,0.0,0.0,10.502726,105.122813,1444565604,True
Đất Trung tâm An Giang,Coverage row generated from market priors and Hugging Face schema.,Đất,An Giang,Trung tâm,,,,80.0,0.0,0.0,0.0,10.510854,105.109149,2026652259,True
Đất Trung tâm An Giang,Coverage row generated from market priors and Hugging Face schema.,Đất,An Giang,Trung tâm,,,,120.0,0.0,0.0,0.0,10.521609,105.11076,3059659036,True
Đất Trung tâm An Giang,Coverage row generated from market priors and Hugging Face schema.,Đất,An Giang,Trung tâm,,,,180.0,0.0,0.0,0.0,10.535521,105.109764,4245319733,True
Biệt thự/Nhà liền kề Trung tâm Bà Rịa - Vũng Tàu,Coverage row generated from market priors and Hugging Face schema.,Biệt thự/Nhà liền kề,Bà Rịa - Vũng Tàu,Trung tâm,,,,45.0,5.0,5.0,2.0,10.566306,107.235028,4153825669,True
Biệt thự/Nhà liền kề Trung tâm Bà Rịa - Vũng Tàu,Coverage row generated from market priors and Hugging Face schema.,Biệt thự/Nhà liền kề,Bà Rịa - Vũng Tàu,Trung tâm,,,,60.0,1.0,3.0,4.0,10.522974,107.254969,4576807090,True
Biệt thự/Nhà liền kề Trung tâm Bà Rịa - Vũng Tàu,Coverage row generated from market priors and Hugging Face schema.,Biệt thự/Nhà liền kề,Bà Rịa - Vũng Tàu,Trung tâm,,,,80.0,4.0,3.0,4.0,10.531711,107.232826,6446089159,True
Biệt thự/Nhà liền kề Trung tâm Bà Rịa - Vũng Tàu,Coverage row generated from market priors and Hugging Face schema.,Biệt thự/Nhà liền kề,Bà Rịa - Vũng Tàu,Trung tâm,,,,120.0,3.0,3.0,3.0,10.553491,107.245829,9189177777,True
Biệt thự/Nhà liền kề Trung tâm Bà Rịa - Vũng Tàu,Coverage row generated from market priors and Hugging Face schema.,Biệt thự/Nhà liền kề,Bà Rịa - Vũng Tàu,Trung tâm,,,,180.0,4.0,2.0,4.0,10.541481,107.240786,14433969890,True
Căn hộ chung cư Trung tâm Bà Rịa - Vũng Tàu,Coverage row generated from market priors and Hugging Face schema.,Căn hộ chung cư,Bà Rịa - Vũng Tàu,Trung tâm,,,,45.0,2.0,4.0,4.0,10.528485,107.221665,1923794259,True
Căn hộ chung cư Trung tâm Bà Rịa - Vũng Tàu,Coverage row generated from market priors and Hugging Face schema.,Căn hộ chung cư,Bà Rịa - Vũng Tàu,Trung tâm,,,,60.0,1.0,1.0,3.0,10.53805,107.267252,2269344143,True
Căn hộ chung cư Trung tâm Bà Rịa - Vũng Tàu,Coverage row generated from market priors and Hugging Face schema.,Căn hộ chung cư,Bà Rịa - Vũng Tàu,Trung tâm,,,,80.0,3.0,3.0,2.0,10.521037,107.267107,3526661523,True
Căn hộ chung cư Trung tâm Bà Rịa - Vũng Tàu,Coverage row generated from market priors and Hugging Face schema.,Căn hộ chung cư,Bà Rịa - Vũng Tàu,Trung tâm,,,,120.0,2.0,2.0,4.0,10.554802,107.232404,5088888998,True
Căn hộ chung cư Trung tâm Bà Rịa - Vũng Tàu,Coverage row generated from market priors and Hugging Face schema.,Căn hộ chung cư,Bà Rịa - Vũng Tàu,Trung tâm,,,,180.0,1.0,5.0,4.0,10.55305,107.263067,8269209452,True
Nhà Trung tâm Bà Rịa - Vũng Tàu,Coverage row generated from market priors and Hugging Face schema.,Nhà,Bà Rịa - Vũng Tàu,Trung tâm,,,,45.0,2.0,5.0,3.0,10.564637,107.256535,2916162879,True
Nhà Trung tâm Bà Rịa - Vũng Tàu,Coverage row generated from market priors and Hugging Face schema.,Nhà,Bà Rịa - Vũng Tàu,Trung tâm,,,,60.0,4.0,5.0,4.0,10.526584,107.223228,3976302787,True
Nhà Trung tâm Bà Rịa - Vũng Tàu,Coverage row generated from market priors and Hugging Face schema.,Nhà,Bà Rịa - Vũng Tàu,Trung tâm,,,,80.0,5.0,3.0,2.0,10.539016,107.227507,5500417718,True
Nhà Trung tâm Bà Rịa - Vũng Tàu,Coverage row generated from market priors and Hugging Face schema.,Nhà,Bà Rịa - Vũng Tàu,Trung tâm,,,,120.0,2.0,3.0,1.0,10.524217,107.232771,7341930701,True
Nhà Trung tâm Bà Rịa - Vũng Tàu,Coverage row generated from market priors and Hugging Face schema.,Nhà,Bà Rịa - Vũng Tàu,Trung tâm,,,,180.0,3.0,4.0,2.0,10.540432,107.242217,12117583164,True
Shophouse Trung tâm Bà Rịa - Vũng Tàu,Coverage row generated from market priors and Hugging Face schema.,Shophouse,Bà Rịa - Vũng Tàu,Trung tâm,,,,45.0,4.0,5.0,1.0,10.537956,107.240481,4531575303,True
Shophouse Trung tâm Bà Rịa - Vũng Tàu,Coverage row generated from market priors and Hugging Face schema.,Shophouse,Bà Rịa - Vũng Tàu,Trung tâm,,,,60.0,5.0,1.0,1.0,10.545025,107.246032,5878540870,True
Shophouse Trung tâm Bà Rịa - Vũng Tàu,Coverage row generated from market priors and Hugging Face schema.,Shophouse,Bà Rịa - Vũng Tàu,Trung tâm,,,,80.0,2.0,1.0,1.0,10.52416,107.253316,6771950335,True
Shophouse Trung tâm Bà Rịa - Vũng Tàu,Coverage row generated from market priors and Hugging Face schema.,Shophouse,Bà Rịa - Vũng Tàu,Trung tâm,,,,120.0,4.0,1.0,3.0,10.565422,107.22955,11599813918,True
Shophouse Trung tâm Bà Rịa - Vũng Tàu,Coverage row generated from market priors and Hugging Face schema.,Shophouse,Bà Rịa - Vũng Tàu,Trung tâm,,,,180.0,4.0,5.0,2.0,10.566093,107.245976,17763044892,True
Đất Trung tâm Bà Rịa - Vũng Tàu,Coverage row generated from market priors and Hugging Face schema.,Đất,Bà Rịa - Vũng Tàu,Trung tâm,,,,45.0,0.0,0.0,0.0,10.522624,107.239076,2457396435,True
Đất Trung tâm Bà Rịa - Vũng Tàu,Coverage row generated from market priors and Hugging Face schema.,Đất,Bà Rịa - Vũng Tàu,Trung tâm,,,,60.0,0.0,0.0,0.0,10.55361,107.264947,3167830246,True
Đất Trung tâm Bà Rịa - Vũng Tàu,Coverage row generated from market priors and Hugging Face schema.,Đất,Bà Rịa - Vũng Tàu,Trung tâm,,,,80.0,0.0,0.0,0.0,10.563227,107.223781,4167489241,True
Đất Trung tâm Bà Rịa - Vũng Tàu,Coverage row generated from market priors and Hugging Face schema.,Đất,Bà Rịa - Vũng Tàu,Trung tâm,,,,120.0,0.0,0.0,0.0,10.533316,107.246102,6349344196,True
Đất Trung tâm Bà Rịa - Vũng Tàu,Coverage row generated from market priors and Hugging Face schema.,Đất,Bà Rịa - Vũng Tàu,Trung tâm,,,,180.0,0.0,0.0,0.0,10.558182,107.257713,9385794270,True
Biệt thự/Nhà liền kề Trung tâm Bạc Liêu,Coverage row generated from market priors and Hugging Face schema.,Biệt thự/Nhà liền kề,Bạc Liêu,Trung tâm,,,,45.0,1.0,2.0,4.0,9.314257,105.705065,1483788635,True
Biệt thự/Nhà liền kề Trung tâm Bạc Liêu,Coverage row generated from market priors and Hugging Face schema.,Biệt thự/Nhà liền kề,Bạc Liêu,Trung tâm,,,,60.0,1.0,4.0,4.0,9.276226,105.740258,1875013613,True
Biệt thự/Nhà liền kề Trung tâm Bạc Liêu,Coverage row generated from market priors and Hugging Face schema.,Biệt thự/Nhà liền kề,Bạc Liêu,Trung tâm,,,,80.0,3.0,5.0,3.0,9.310295,105.707095,2934040944,True
Biệt thự/Nhà liền kề Trung tâm Bạc Liêu,Coverage row generated from market priors and Hugging Face schema.,Biệt thự/Nhà liền kề,Bạc Liêu,Trung tâm,,,,120.0,4.0,4.0,3.0,9.277369,105.751875,4519713964,True
Biệt thự/Nhà liền kề Trung tâm Bạc Liêu,Coverage row generated from market priors and Hugging Face schema.,Biệt thự/Nhà liền kề,Bạc Liêu,Trung tâm,,,,180.0,1.0,4.0,1.0,9.306393,105.709346,5735079680,True
Căn hộ chung cư Trung tâm Bạc Liêu,Coverage row generated from market priors and Hugging Face schema.,Căn hộ chung cư,Bạc Liêu,Trung tâm,,,,45.0,1.0,1.0,4.0,9.304874,105.738947,709773111,True
Căn hộ chung cư Trung tâm Bạc Liêu,Coverage row generated from market priors and Hugging Face schema.,Căn hộ chung cư,Bạc Liêu,Trung tâm,,,,60.0,3.0,2.0,1.0,9.303377,105.703394,1001035383,True
Căn hộ chung cư Trung tâm Bạc Liêu,Coverage row generated from market priors and Hugging Face schema.,Căn hộ chung cư,Bạc Liêu,Trung tâm,,,,80.0,5.0,3.0,2.0,9.281191,105.73965,1345787621,True
Căn hộ chung cư Trung tâm Bạc Liêu,Coverage row generated from market priors and Hugging Face schema.,Căn hộ chung cư,Bạc Liêu,Trung tâm,,,,120.0,3.0,3.0,4.0,9.318424,105.746979,2089671012,True
Căn hộ chung cư Trung tâm Bạc Liêu,Coverage row generated from market priors and Hugging Face schema.,Căn hộ chung cư,Bạc Liêu,Trung tâm,,,,180.0,4.0,5.0,4.0,9.316602,105.732025,3324733733,True
Nhà Trung tâm Bạc Liêu,Coverage row generated from market priors and Hugging Face schema.,Nhà,Bạc Liêu,Trung tâm,,,,45.0,2.0,4.0,2.0,9.28919,105.724499,1171088914,True
Nhà Trung tâm Bạc Liêu,Coverage row generated from market priors and Hugging Face schema.,Nhà,Bạc Liêu,Trung tâm,,,,60.0,3.0,4.0,3.0,9.307767,105.750908,1765090588,True
Nhà Trung tâm Bạc Liêu,Coverage row generated from market priors and Hugging Face schema.,Nhà,Bạc Liêu,Trung tâm,,,,80.0,3.0,3.0,3.0,9.314321,105.712346,2121686892,True
Nhà Trung tâm Bạc Liêu,Coverage row generated from market priors and Hugging Face schema.,Nhà,Bạc Liêu,Trung tâm,,,,120.0,5.0,4.0,4.0,9.284405,105.750603,3439238742,True
Nhà Trung tâm Bạc Liêu,Coverage row generated from market priors and Hugging Face schema.,Nhà,Bạc Liêu,Trung tâm,,,,180.0,5.0,3.0,3.0,9.279638,105.746463,5130663577,True
Shophouse Trung tâm Bạc Liêu,Coverage row generated from market priors and Hugging Face schema.,Shophouse,Bạc Liêu,Trung tâm,,,,45.0,4.0,3.0,3.0,9.269913,105.737086,1809042250,True
Shophouse Trung tâm Bạc Liêu,Coverage row generated from market priors and Hugging Face schema.,Shophouse,Bạc Liêu,Trung tâm,,,,60.0,1.0,5.0,3.0,9.294556,105.743038,2144123629,True
Shophouse Trung tâm Bạc Liêu,Coverage row generated from market priors and Hugging Face schema.,Shophouse,Bạc Liêu,Trung tâm,,,,80.0,1.0,2.0,2.0,9.294562,105.718278,2927810350,True
Shophouse Trung tâm Bạc Liêu,Coverage row generated from market priors and Hugging Face schema.,Shophouse,Bạc Liêu,Trung tâm,,,,120.0,4.0,1.0,4.0,9.317281,105.704512,5024232240,True
Shophouse Trung tâm Bạc Liêu,Coverage row generated from market priors and Hugging Face schema.,Shophouse,Bạc Liêu,Trung tâm,,,,180.0,1.0,5.0,2.0,9.314072,105.72334,6733091348,True
Đất Trung tâm Bạc Liêu,Coverage row generated from market priors and Hugging Face schema.,Đất,Bạc Liêu,Trung tâm,,,,45.0,0.0,0.0,0.0,9.27513,105.737119,994801517,True
Đất Trung tâm Bạc Liêu,Coverage row generated from market priors and Hugging Face schema.,Đất,Bạc Liêu,Trung tâm,,,,60.0,0.0,0.0,0.0,9.313221,105.74212,1447209478,True
Đất Trung tâm Bạc Liêu,Coverage row generated from market priors and Hugging Face schema.,Đất,Bạc Liêu,Trung tâm,,,,80.0,0.0,0.0,0.0,9.304934,105.750566,1883918521,True
Đất Trung tâm Bạc Liêu,Coverage row generated from market priors and Hugging Face schema.,Đất,Bạc Liêu,Trung tâm,,,,120.0,0.0,0.0,0.0,9.271972,105.747224,2877871561,True
Đất Trung tâm Bạc Liêu,Coverage row generated from market priors and Hugging Face schema.,Đất,Bạc Liêu,Trung tâm,,,,180.0,0.0,0.0,0.0,9.294444,105.745987,3953187999,True
Biệt thự/Nhà liền kề Trung tâm Bắc Giang,Coverage row generated from market priors and Hugging Face schema.,Biệt thự/Nhà liền kề,Bắc Giang,Trung tâm,,,,45.0,4.0,2.0,1.0,21.251046,106.188476,1490095994,True
Biệt thự/Nhà liền kề Trung tâm Bắc Giang,Coverage row generated from market priors and Hugging Face schema.,Biệt thự/Nhà liền kề,Bắc Giang,Trung tâm,,,,60.0,3.0,2.0,4.0,21.258131,106.207322,1870277128,True
Biệt thự/Nhà liền kề Trung tâm Bắc Giang,Coverage row generated from market priors and Hugging Face schema.,Biệt thự/Nhà liền kề,Bắc Giang,Trung tâm,,,,80.0,5.0,5.0,1.0,21.267723,106.171233,2763191217,True
Biệt thự/Nhà liền kề Trung tâm Bắc Giang,Coverage row generated from market priors and Hugging Face schema.,Biệt thự/Nhà liền kề,Bắc Giang,Trung tâm,,,,120.0,3.0,1.0,3.0,21.262363,106.173684,3920236763,True
Biệt thự/Nhà liền kề Trung tâm Bắc Giang,Coverage row generated from market priors and Hugging Face schema.,Biệt thự/Nhà liền kề,Bắc Giang,Trung tâm,,,,180.0,4.0,1.0,4.0,21.281016,106.192736,6093385702,True
Căn hộ chung cư Trung tâm Bắc Giang,Coverage row generated from market priors and Hugging Face schema.,Căn hộ chung cư,Bắc Giang,Trung tâm,,,,45.0,4.0,3.0,2.0,21.267568,106.196622,715729159,True
Căn hộ chung cư Trung tâm Bắc Giang,Coverage row generated from market priors and Hugging Face schema.,Căn hộ chung cư,Bắc Giang,Trung tâm,,,,60.0,1.0,5.0,3.0,21.270633,106.203811,1043950327,True
Căn hộ chung cư Trung tâm Bắc Giang,Coverage row generated from market priors and Hugging Face schema.,Căn hộ chung cư,Bắc Giang,Trung tâm,,,,80.0,5.0,5.0,2.0,21.28801,106.213924,1370923324,True
Căn hộ chung cư Trung tâm Bắc Giang,Coverage row generated from market priors and Hugging Face schema.,Căn hộ chung cư,Bắc Giang,Trung tâm,,,,120.0,2.0,4.0,4.0,21.275503,106.180545,2057986914,True
Căn hộ chung cư Trung tâm Bắc Giang,Coverage row generated from market priors and Hugging Face schema.,Căn hộ chung cư,Bắc Giang,Trung tâm,,,,180.0,5.0,5.0,3.0,21.298032,106.182417,3078348153,True
Nhà Trung tâm Bắc Giang,Coverage row generated from market priors and Hugging Face schema.,Nhà,Bắc Giang,Trung tâm,,,,45.0,5.0,4.0,3.0,21.256901,106.21663,1217941929,True
Nhà Trung tâm Bắc Giang,Coverage row generated from market priors and Hugging Face schema.,Nhà,Bắc Giang,Trung tâm,,,,60.0,4.0,2.0,4.0,21.280479,106.190024,1605162035,True
Nhà Trung tâm Bắc Giang,Coverage row generated from market priors and Hugging Face schema.,Nhà,Bắc Giang,Trung tâm,,,,80.0,2.0,1.0,4.0,21.26518,106.180363,1856302871,True
Nhà Trung tâm Bắc Giang,Coverage row generated from market priors and Hugging Face schema.,Nhà,Bắc Giang,Trung tâm,,,,120.0,4.0,1.0,2.0,21.25859,106.214925,3197298039,True
Nhà Trung tâm Bắc Giang,Coverage row generated from market priors and Hugging Face schema.,Nhà,Bắc Giang,Trung tâm,,,,180.0,1.0,5.0,2.0,21.292427,106.197487,4258040289,True
Shophouse Trung tâm Bắc Giang,Coverage row generated from market priors and Hugging Face schema.,Shophouse,Bắc Giang,Trung tâm,,,,45.0,5.0,3.0,3.0,21.287587,106.196082,1726570535,True
Shophouse Trung tâm Bắc Giang,Coverage row generated from market priors and Hugging Face schema.,Shophouse,Bắc Giang,Trung tâm,,,,60.0,1.0,3.0,2.0,21.251476,106.180834,1952953898,True
Shophouse Trung tâm Bắc Giang,Coverage row generated from market priors and Hugging Face schema.,Shophouse,Bắc Giang,Trung tâm,,,,80.0,4.0,4.0,1.0,21.289659,106.190329,2961404291,True
Shophouse Trung tâm Bắc Giang,Coverage row generated from market priors and Hugging Face schema.,Shophouse,Bắc Giang,Trung tâm,,,,120.0,3.0,1.0,3.0,21.284806,106.178968,4127466406,True
Shophouse Trung tâm Bắc Giang,Coverage row generated from market priors and Hugging Face schema.,Shophouse,Bắc Giang,Trung tâm,,,,180.0,1.0,2.0,1.0,21.293817,106.198933,6084971274,True
Đất Trung tâm Bắc Giang,Coverage row generated from market priors and Hugging Face schema.,Đất,Bắc Giang,Trung tâm,,,,45.0,0.0,0.0,0.0,21.276933,106.185444,891877912,True
Đất Trung tâm Bắc Giang,Coverage row generated from market priors and Hugging Face schema.,Đất,Bắc Giang,Trung tâm,,,,60.0,0.0,0.0,0.0,21.28085,106.204684,1217823859,True
Đất Trung tâm Bắc Giang,Coverage row generated from market priors and Hugging Face schema.,Đất,Bắc Giang,Trung tâm,,,,80.0,0.0,0.0,0.0,21.263238,106.187253,1651149685,True
Đất Trung tâm Bắc Giang,Coverage row generated from market priors and Hugging Face schema.,Đất,Bắc Giang,Trung tâm,,,,120.0,0.0,0.0,0.0,21.295299,106.197833,2636370324,True
Đất Trung tâm Bắc Giang,Coverage row generated from market priors and Hugging Face schema.,Đất,Bắc Giang,Trung tâm,,,,180.0,0.0,0.0,0.0,21.287944,106.199469,3809954951,True
Biệt thự/Nhà liền kề Trung tâm Bắc Kạn,Coverage row generated from market priors and Hugging Face schema.,Biệt thự/Nhà liền kề,Bắc Kạn,Trung tâm,,,,45.0,1.0,3.0,4.0,22.171033,105.850158,1084414515,True
Biệt thự/Nhà liền kề Trung tâm Bắc Kạn,Coverage row generated from market priors and Hugging Face schema.,Biệt thự/Nhà liền kề,Bắc Kạn,Trung tâm,,,,60.0,4.0,5.0,3.0,22.133077,105.812452,1543179716,True
Biệt thự/Nhà liền kề Trung tâm Bắc Kạn,Coverage row generated from market priors and Hugging Face schema.,Biệt thự/Nhà liền kề,Bắc Kạn,Trung tâm,,,,80.0,2.0,5.0,1.0,22.149821,105.812261,1846618023,True
Biệt thự/Nhà liền kề Trung tâm Bắc Kạn,Coverage row generated from market priors and Hugging Face schema.,Biệt thự/Nhà liền kề,Bắc Kạn,Trung tâm,,,,120.0,3.0,3.0,1.0,22.155413,105.823538,2810221097,True
Biệt thự/Nhà liền kề Trung tâm Bắc Kạn,Coverage row generated from market priors and Hugging Face schema.,Biệt thự/Nhà liền kề,Bắc Kạn,Trung tâm,,,,180.0,4.0,1.0,1.0,22.127485,105.819559,4672871409,True
Căn hộ chung cư Trung tâm Bắc Kạn,Coverage row generated from market priors and Hugging Face schema.,Căn hộ chung cư,Bắc Kạn,Trung tâm,,,,45.0,2.0,1.0,3.0,22.168997,105.858681,508168072,True
Căn hộ chung cư Trung tâm Bắc Kạn,Coverage row generated from market priors and Hugging Face schema.,Căn hộ chung cư,Bắc Kạn,Trung tâm,,,,60.0,1.0,5.0,1.0,22.16337,105.848371,851132770,True
Căn hộ chung cư Trung tâm Bắc Kạn,Coverage row generated from market priors and Hugging Face schema.,Căn hộ chung cư,Bắc Kạn,Trung tâm,,,,80.0,3.0,1.0,4.0,22.136405,105.840821,961755665,True
Căn hộ chung cư Trung tâm Bắc Kạn,Coverage row generated from market priors and Hugging Face schema.,Căn hộ chung cư,Bắc Kạn,Trung tâm,,,,120.0,5.0,2.0,1.0,22.143472,105.844124,1491197657,True
Căn hộ chung cư Trung tâm Bắc Kạn,Coverage row generated from market priors and Hugging Face schema.,Căn hộ chung cư,Bắc Kạn,Trung tâm,,,,180.0,1.0,4.0,2.0,22.148869,105.832468,2325443870,True
Nhà Trung tâm Bắc Kạn,Coverage row generated from market priors and Hugging Face schema.,Nhà,Bắc Kạn,Trung tâm,,,,45.0,1.0,5.0,2.0,22.130185,105.849615,848408587,True
Nhà Trung tâm Bắc Kạn,Coverage row generated from market priors and Hugging Face schema.,Nhà,Bắc Kạn,Trung tâm,,,,60.0,4.0,1.0,2.0,22.150476,105.844951,1122860694,True
Nhà Trung tâm Bắc Kạn,Coverage row generated from market priors and Hugging Face schema.,Nhà,Bắc Kạn,Trung tâm,,,,80.0,1.0,5.0,2.0,22.157585,105.833062,1412757022,True
Nhà Trung tâm Bắc Kạn,Coverage row generated from market priors and Hugging Face schema.,Nhà,Bắc Kạn,Trung tâm,,,,120.0,1.0,2.0,1.0,22.13402,105.844289,2147478367,True
Nhà Trung tâm Bắc Kạn,Coverage row generated from market priors and Hugging Face schema.,Nhà,Bắc Kạn,Trung tâm,,,,180.0,3.0,4.0,2.0,22.138402,105.854796,3657580827,True
Shophouse Trung tâm Bắc Kạn,Coverage row generated from market priors and Hugging Face schema.,Shophouse,Bắc Kạn,Trung tâm,,,,45.0,5.0,2.0,4.0,22.141062,105.824092,1372939430,True
Shophouse Trung tâm Bắc Kạn,Coverage row generated from market priors and Hugging Face schema.,Shophouse,Bắc Kạn,Trung tâm,,,,60.0,5.0,4.0,1.0,22.17183,105.85631,1841728459,True
Shophouse Trung tâm Bắc Kạn,Coverage row generated from market priors and Hugging Face schema.,Shophouse,Bắc Kạn,Trung tâm,,,,80.0,3.0,4.0,3.0,22.155863,105.854994,2439362924,True
Shophouse Trung tâm Bắc Kạn,Coverage row generated from market priors and Hugging Face schema.,Shophouse,Bắc Kạn,Trung tâm,,,,120.0,5.0,4.0,4.0,22.129658,105.844095,3617791575,True
Shophouse Trung tâm Bắc Kạn,Coverage row generated from market priors and Hugging Face schema.,Shophouse,Bắc Kạn,Trung tâm,,,,180.0,5.0,5.0,1.0,22.160152,105.821909,5806437948,True
Đất Trung tâm Bắc Kạn,Coverage row generated from market priors and Hugging Face schema.,Đất,Bắc Kạn,Trung tâm,,,,45.0,0.0,0.0,0.0,22.130401,105.843238,711729710,True
Đất Trung tâm Bắc Kạn,Coverage row generated from market priors and Hugging Face schema.,Đất,Bắc Kạn,Trung tâm,,,,60.0,0.0,0.0,0.0,22.14002,105.841246,1016935596,True
Đất Trung tâm Bắc Kạn,Coverage row generated from market priors and Hugging Face schema.,Đất,Bắc Kạn,Trung tâm,,,,80.0,0.0,0.0,0.0,22.162559,105.846235,1330884598,True
Đất Trung tâm Bắc Kạn,Coverage row generated from market priors and Hugging Face schema.,Đất,Bắc Kạn,Trung tâm,,,,120.0,0.0,0.0,0.0,22.126132,105.813989,1993461707,True
Đất Trung tâm Bắc Kạn,Coverage row generated from market priors and Hugging Face schema.,Đất,Bắc Kạn,Trung tâm,,,,180.0,0.0,0.0,0.0,22.152147,105.846651,3037233108,True
Biệt thự/Nhà liền kề Trung tâm Bắc Ninh,Coverage row generated from market priors and Hugging Face schema.,Biệt thự/Nhà liền kề,Bắc Ninh,Trung tâm,,,,45.0,2.0,5.0,3.0,21.163109,106.080011,3088456022,True
Biệt thự/Nhà liền kề Trung tâm Bắc Ninh,Coverage row generated from market priors and Hugging Face schema.,Biệt thự/Nhà liền kề,Bắc Ninh,Trung tâm,,,,60.0,3.0,4.0,2.0,21.177605,106.068741,4215397407,True
Biệt thự/Nhà liền kề Trung tâm Bắc Ninh,Coverage row generated from market priors and Hugging Face schema.,Biệt thự/Nhà liền kề,Bắc Ninh,Trung tâm,,,,80.0,3.0,3.0,4.0,21.188942,106.099203,5376962285,True
Biệt thự/Nhà liền kề Trung tâm Bắc Ninh,Coverage row generated from market priors and Hugging Face schema.,Biệt thự/Nhà liền kề,Bắc Ninh,Trung tâm,,,,120.0,4.0,4.0,3.0,21.174923,106.090566,8119934336,True
Biệt thự/Nhà liền kề Trung tâm Bắc Ninh,Coverage row generated from market priors and Hugging Face schema.,Biệt thự/Nhà liền kề,Bắc Ninh,Trung tâm,,,,180.0,3.0,4.0,4.0,21.172086,106.072185,11795932571,True
Căn hộ chung cư Trung tâm Bắc Ninh,Coverage row generated from market priors and Hugging Face schema.,Căn hộ chung cư,Bắc Ninh,Trung tâm,,,,45.0,3.0,2.0,4.0,21.18653,106.098084,1576481497,True
Căn hộ chung cư Trung tâm Bắc Ninh,Coverage row generated from market priors and Hugging Face schema.,Căn hộ chung cư,Bắc Ninh,Trung tâm,,,,60.0,3.0,4.0,4.0,21.184576,106.076082,2245074641,True
Căn hộ chung cư Trung tâm Bắc Ninh,Coverage row generated from market priors and Hugging Face schema.,Căn hộ chung cư,Bắc Ninh,Trung tâm,,,,80.0,2.0,2.0,4.0,21.191976,106.08177,2542256691,True
Căn hộ chung cư Trung tâm Bắc Ninh,Coverage row generated from market priors and Hugging Face schema.,Căn hộ chung cư,Bắc Ninh,Trung tâm,,,,120.0,5.0,2.0,2.0,21.192539,106.058786,3873156720,True
Căn hộ chung cư Trung tâm Bắc Ninh,Coverage row generated from market priors and Hugging Face schema.,Căn hộ chung cư,Bắc Ninh,Trung tâm,,,,180.0,2.0,5.0,3.0,21.205247,106.097102,6533826552,True
Nhà Trung tâm Bắc Ninh,Coverage row generated from market priors and Hugging Face schema.,Nhà,Bắc Ninh,Trung tâm,,,,45.0,3.0,5.0,1.0,21.183666,106.081845,2298201084,True
Nhà Trung tâm Bắc Ninh,Coverage row generated from market priors and Hugging Face schema.,Nhà,Bắc Ninh,Trung tâm,,,,60.0,4.0,3.0,1.0,21.195875,106.086064,3452158579,True
Nhà Trung tâm Bắc Ninh,Coverage row generated from market priors and Hugging Face schema.,Nhà,Bắc Ninh,Trung tâm,,,,80.0,5.0,1.0,2.0,21.172014,106.07175,4399459498,True
Nhà Trung tâm Bắc Ninh,Coverage row generated from market priors and Hugging Face schema.,Nhà,Bắc Ninh,Trung tâm,,,,120.0,3.0,3.0,4.0,21.183042,106.100128,6162538267,True
Nhà Trung tâm Bắc Ninh,Coverage row generated from market priors and Hugging Face schema.,Nhà,Bắc Ninh,Trung tâm,,,,180.0,4.0,3.0,1.0,21.167565,106.065289,9229624869,True
Shophouse Trung tâm Bắc Ninh,Coverage row generated from market priors and Hugging Face schema.,Shophouse,Bắc Ninh,Trung tâm,,,,45.0,1.0,5.0,4.0,21.197955,106.091252,3392077026,True
Shophouse Trung tâm Bắc Ninh,Coverage row generated from market priors and Hugging Face schema.,Shophouse,Bắc Ninh,Trung tâm,,,,60.0,1.0,3.0,4.0,21.17403,106.053413,4335406961,True
Shophouse Trung tâm Bắc Ninh,Coverage row generated from market priors and Hugging Face schema.,Shophouse,Bắc Ninh,Trung tâm,,,,80.0,1.0,4.0,2.0,21.194647,106.052115,5990115723,True
Shophouse Trung tâm Bắc Ninh,Coverage row generated from market priors and Hugging Face schema.,Shophouse,Bắc Ninh,Trung tâm,,,,120.0,5.0,4.0,2.0,21.193968,106.085494,9826562769,True
Shophouse Trung tâm Bắc Ninh,Coverage row generated from market priors and Hugging Face schema.,Shophouse,Bắc Ninh,Trung tâm,,,,180.0,4.0,5.0,1.0,21.204693,106.059437,14570149710,True
Đất Trung tâm Bắc Ninh,Coverage row generated from market priors and Hugging Face schema.,Đất,Bắc Ninh,Trung tâm,,,,45.0,0.0,0.0,0.0,21.180466,106.085988,2023400518,True
Đất Trung tâm Bắc Ninh,Coverage row generated from market priors and Hugging Face schema.,Đất,Bắc Ninh,Trung tâm,,,,60.0,0.0,0.0,0.0,21.189972,106.058899,2622849343,True
Đất Trung tâm Bắc Ninh,Coverage row generated from market priors and Hugging Face schema.,Đất,Bắc Ninh,Trung tâm,,,,80.0,0.0,0.0,0.0,21.196061,106.083169,3550843965,True
Đất Trung tâm Bắc Ninh,Coverage row generated from market priors and Hugging Face schema.,Đất,Bắc Ninh,Trung tâm,,,,120.0,0.0,0.0,0.0,21.205815,106.065025,5332478664,True
Đất Trung tâm Bắc Ninh,Coverage row generated from market priors and Hugging Face schema.,Đất,Bắc Ninh,Trung tâm,,,,180.0,0.0,0.0,0.0,21.174654,106.1003,8049957861,True
Biệt thự/Nhà liền kề Trung tâm Bến Tre,Coverage row generated from market priors and Hugging Face schema.,Biệt thự/Nhà liền kề,Bến Tre,Trung tâm,,,,45.0,1.0,5.0,3.0,10.267245,106.362217,1512879133,True
Biệt thự/Nhà liền kề Trung tâm Bến Tre,Coverage row generated from market priors and Hugging Face schema.,Biệt thự/Nhà liền kề,Bến Tre,Trung tâm,,,,60.0,3.0,3.0,2.0,10.262621,106.383644,2104592000,True
Biệt thự/Nhà liền kề Trung tâm Bến Tre,Coverage row generated from market priors and Hugging Face schema.,Biệt thự/Nhà liền kề,Bến Tre,Trung tâm,,,,80.0,1.0,3.0,1.0,10.249533,106.355512,2563565994,True
Biệt thự/Nhà liền kề Trung tâm Bến Tre,Coverage row generated from market priors and Hugging Face schema.,Biệt thự/Nhà liền kề,Bến Tre,Trung tâm,,,,120.0,3.0,3.0,3.0,10.228517,106.396265,4299609863,True
Biệt thự/Nhà liền kề Trung tâm Bến Tre,Coverage row generated from market priors and Hugging Face schema.,Biệt thự/Nhà liền kề,Bến Tre,Trung tâm,,,,180.0,1.0,4.0,2.0,10.248486,106.392006,5918910617,True
Căn hộ chung cư Trung tâm Bến Tre,Coverage row generated from market priors and Hugging Face schema.,Căn hộ chung cư,Bến Tre,Trung tâm,,,,45.0,3.0,4.0,2.0,10.226227,106.372485,882089610,True
Căn hộ chung cư Trung tâm Bến Tre,Coverage row generated from market priors and Hugging Face schema.,Căn hộ chung cư,Bến Tre,Trung tâm,,,,60.0,2.0,2.0,1.0,10.239093,106.356438,1149683990,True
Căn hộ chung cư Trung tâm Bến Tre,Coverage row generated from market priors and Hugging Face schema.,Căn hộ chung cư,Bến Tre,Trung tâm,,,,80.0,2.0,2.0,1.0,10.239935,106.370792,1571034114,True
Căn hộ chung cư Trung tâm Bến Tre,Coverage row generated from market priors and Hugging Face schema.,Căn hộ chung cư,Bến Tre,Trung tâm,,,,120.0,2.0,2.0,2.0,10.246307,106.370468,2129641237,True
Căn hộ chung cư Trung tâm Bến Tre,Coverage row generated from market priors and Hugging Face schema.,Căn hộ chung cư,Bến Tre,Trung tâm,,,,180.0,4.0,1.0,2.0,10.22751,106.375563,3330295252,True
Nhà Trung tâm Bến Tre,Coverage row generated from market priors and Hugging Face schema.,Nhà,Bến Tre,Trung tâm,,,,45.0,2.0,1.0,4.0,10.261203,106.352697,1322775536,True
Nhà Trung tâm Bến Tre,Coverage row generated from market priors and Hugging Face schema.,Nhà,Bến Tre,Trung tâm,,,,60.0,5.0,5.0,3.0,10.26669,106.37508,1887151812,True
Nhà Trung tâm Bến Tre,Coverage row generated from market priors and Hugging Face schema.,Nhà,Bến Tre,Trung tâm,,,,80.0,2.0,2.0,2.0,10.230825,106.393076,2175972362,True
Nhà Trung tâm Bến Tre,Coverage row generated from market priors and Hugging Face schema.,Nhà,Bến Tre,Trung tâm,,,,120.0,2.0,4.0,4.0,10.227854,106.37314,3685865329,True
Nhà Trung tâm Bến Tre,Coverage row generated from market priors and Hugging Face schema.,Nhà,Bến Tre,Trung tâm,,,,180.0,5.0,1.0,3.0,10.263924,106.398271,5791150856,True
Shophouse Trung tâm Bến Tre,Coverage row generated from market priors and Hugging Face schema.,Shophouse,Bến Tre,Trung tâm,,,,45.0,1.0,3.0,2.0,10.266667,106.386235,1709843002,True
Shophouse Trung tâm Bến Tre,Coverage row generated from market priors and Hugging Face schema.,Shophouse,Bến Tre,Trung tâm,,,,60.0,2.0,2.0,4.0,10.246451,106.376003,2534260809,True
Shophouse Trung tâm Bến Tre,Coverage row generated from market priors and Hugging Face schema.,Shophouse,Bến Tre,Trung tâm,,,,80.0,2.0,5.0,3.0,10.222775,106.354081,3463241255,True
Shophouse Trung tâm Bến Tre,Coverage row generated from market priors and Hugging Face schema.,Shophouse,Bến Tre,Trung tâm,,,,120.0,1.0,3.0,2.0,10.261755,106.357669,4717978148,True
Shophouse Trung tâm Bến Tre,Coverage row generated from market priors and Hugging Face schema.,Shophouse,Bến Tre,Trung tâm,,,,180.0,3.0,5.0,2.0,10.267034,106.363084,8373062709,True
Đất Trung tâm Bến Tre,Coverage row generated from market priors and Hugging Face schema.,Đất,Bến Tre,Trung tâm,,,,45.0,0.0,0.0,0.0,10.242918,106.394392,1177255709,True
Đất Trung tâm Bến Tre,Coverage row generated from market priors and Hugging Face schema.,Đất,Bến Tre,Trung tâm,,,,60.0,0.0,0.0,0.0,10.251276,106.362269,1516021896,True
Đất Trung tâm Bến Tre,Coverage row generated from market priors and Hugging Face schema.,Đất,Bến Tre,Trung tâm,,,,80.0,0.0,0.0,0.0,10.244256,106.398336,2030727094,True
Đất Trung tâm Bến Tre,Coverage row generated from market priors and Hugging Face schema.,Đất,Bến Tre,Trung tâm,,,,120.0,0.0,0.0,0.0,10.253693,106.35355,3133301691,True
Đất Trung tâm Bến Tre,Coverage row generated from market priors and Hugging Face schema.,Đất,Bến Tre,Trung tâm,,,,180.0,0.0,0.0,0.0,10.219323,106.396345,4209143225,True
Biệt thự/Nhà liền kề Dĩ An Bình Dương,Coverage row generated from market priors and Hugging Face schema.,Biệt thự/Nhà liền kề,Bình Dương,Dĩ An,,,,45.0,2.0,3.0,1.0,10.987685,106.652572,3421030196,True
Biệt thự/Nhà liền kề Dĩ An Bình Dương,Coverage row generated from market priors and Hugging Face schema.,Biệt thự/Nhà liền kề,Bình Dương,Dĩ An,,,,60.0,2.0,2.0,3.0,10.999718,106.651403,4817239501,True
Biệt thự/Nhà liền kề Dĩ An Bình Dương,Coverage row generated from market priors and Hugging Face schema.,Biệt thự/Nhà liền kề,Bình Dương,Dĩ An,,,,80.0,3.0,3.0,4.0,10.956608,106.6759,6505641628,True
Biệt thự/Nhà liền kề Dĩ An Bình Dương,Coverage row generated from market priors and Hugging Face schema.,Biệt thự/Nhà liền kề,Bình Dương,Dĩ An,,,,120.0,1.0,5.0,4.0,10.976564,106.640269,9843352711,True
Biệt thự/Nhà liền kề Dĩ An Bình Dương,Coverage row generated from market priors and Hugging Face schema.,Biệt thự/Nhà liền kề,Bình Dương,Dĩ An,,,,180.0,4.0,2.0,1.0,10.999534,106.671639,14386929873,True
Căn hộ chung cư Dĩ An Bình Dương,Coverage row generated from market priors and Hugging Face schema.,Căn hộ chung cư,Bình Dương,Dĩ An,,,,45.0,2.0,5.0,4.0,10.980834,106.650348,1998797320,True
Căn hộ chung cư Dĩ An Bình Dương,Coverage row generated from market priors and Hugging Face schema.,Căn hộ chung cư,Bình Dương,Dĩ An,,,,60.0,5.0,3.0,2.0,10.982648,106.646141,2715505063,True
Căn hộ chung cư Dĩ An Bình Dương,Coverage row generated from market priors and Hugging Face schema.,Căn hộ chung cư,Bình Dương,Dĩ An,,,,80.0,5.0,3.0,2.0,10.961504,106.641531,3439254912,True
Căn hộ chung cư Dĩ An Bình Dương,Coverage row generated from market priors and Hugging Face schema.,Căn hộ chung cư,Bình Dương,Dĩ An,,,,120.0,4.0,1.0,2.0,10.985907,106.662291,4993688648,True
Căn hộ chung cư Dĩ An Bình Dương,Coverage row generated from market priors and Hugging Face schema.,Căn hộ chung cư,Bình Dương,Dĩ An,,,,180.0,2.0,1.0,3.0,10.998126,106.64836,7474209117,True
Nhà Dĩ An Bình Dương,Coverage row generated from market priors and Hugging Face schema.,Nhà,Bình Dương,Dĩ An,,,,45.0,5.0,5.0,4.0,10.96842,106.639982,3304055965,True
Nhà Dĩ An Bình Dương,Coverage row generated from market priors and Hugging Face schema.,Nhà,Bình Dương,Dĩ An,,,,60.0,5.0,5.0,3.0,10.959566,106.662373,4491772365,True
Nhà Dĩ An Bình Dương,Coverage row generated from market priors and Hugging Face schema.,Nhà,Bình Dương,Dĩ An,,,,80.0,1.0,4.0,3.0,10.992515,106.642682,5206151930,True
Nhà Dĩ An Bình Dương,Coverage row generated from market priors and Hugging Face schema.,Nhà,Bình Dương,Dĩ An,,,,120.0,5.0,5.0,3.0,10.977338,106.670569,9337142375,True
Nhà Dĩ An Bình Dương,Coverage row generated from market priors and Hugging Face schema.,Nhà,Bình Dương,Dĩ An,,,,180.0,4.0,4.0,4.0,10.956612,106.661415,12038802654,True
Shophouse Dĩ An Bình Dương,Coverage row generated from market priors and Hugging Face schema.,Shophouse,Bình Dương,Dĩ An,,,,45.0,4.0,5.0,3.0,10.964675,106.672832,4637405681,True
Shophouse Dĩ An Bình Dương,Coverage row generated from market priors and Hugging Face schema.,Shophouse,Bình Dương,Dĩ An,,,,60.0,5.0,1.0,3.0,10.975927,106.670452,6319830576,True
Shophouse Dĩ An Bình Dương,Coverage row generated from market priors and Hugging Face schema.,Shophouse,Bình Dương,Dĩ An,,,,80.0,4.0,3.0,1.0,10.99572,106.641446,7519577938,True
Shophouse Dĩ An Bình Dương,Coverage row generated from market priors and Hugging Face schema.,Shophouse,Bình Dương,Dĩ An,,,,120.0,3.0,2.0,4.0,10.960879,106.649153,11967545006,True
Shophouse Dĩ An Bình Dương,Coverage row generated from market priors and Hugging Face schema.,Shophouse,Bình Dương,Dĩ An,,,,180.0,2.0,3.0,2.0,10.969624,106.629961,15762247260,True
Đất Dĩ An Bình Dương,Coverage row generated from market priors and Hugging Face schema.,Đất,Bình Dương,Dĩ An,,,,45.0,0.0,0.0,0.0,10.96734,106.638325,2618946947,True
Đất Dĩ An Bình Dương,Coverage row generated from market priors and Hugging Face schema.,Đất,Bình Dương,Dĩ An,,,,60.0,0.0,0.0,0.0,10.981746,106.635549,3141856344,True
Đất Dĩ An Bình Dương,Coverage row generated from market priors and Hugging Face schema.,Đất,Bình Dương,Dĩ An,,,,80.0,0.0,0.0,0.0,10.982267,106.659694,4519440601,True
Đất Dĩ An Bình Dương,Coverage row generated from market priors and Hugging Face schema.,Đất,Bình Dương,Dĩ An,,,,120.0,0.0,0.0,0.0,10.965261,106.648641,6907911666,True
Đất Dĩ An Bình Dương,Coverage row generated from market priors and Hugging Face schema.,Đất,Bình Dương,Dĩ An,,,,180.0,0.0,0.0,0.0,10.985505,106.651362,10078266583,True
Biệt thự/Nhà liền kề Trung tâm Bình Định,Coverage row generated from market priors and Hugging Face schema.,Biệt thự/Nhà liền kề,Bình Định,Trung tâm,,,,45.0,2.0,3.0,3.0,13.759937,109.197376,1874880890,True
Biệt thự/Nhà liền kề Trung tâm Bình Định,Coverage row generated from market priors and Hugging Face schema.,Biệt thự/Nhà liền kề,Bình Định,Trung tâm,,,,60.0,2.0,3.0,2.0,13.769773,109.195083,2453871316,True
Biệt thự/Nhà liền kề Trung tâm Bình Định,Coverage row generated from market priors and Hugging Face schema.,Biệt thự/Nhà liền kề,Bình Định,Trung tâm,,,,80.0,5.0,2.0,4.0,13.768761,109.210273,3902365225,True
Biệt thự/Nhà liền kề Trung tâm Bình Định,Coverage row generated from market priors and Hugging Face schema.,Biệt thự/Nhà liền kề,Bình Định,Trung tâm,,,,120.0,5.0,3.0,4.0,13.790738,109.214585,5507753529,True
Biệt thự/Nhà liền kề Trung tâm Bình Định,Coverage row generated from market priors and Hugging Face schema.,Biệt thự/Nhà liền kề,Bình Định,Trung tâm,,,,180.0,4.0,3.0,2.0,13.762474,109.200223,7704973632,True
Căn hộ chung cư Trung tâm Bình Định,Coverage row generated from market priors and Hugging Face schema.,Căn hộ chung cư,Bình Định,Trung tâm,,,,45.0,1.0,3.0,3.0,13.791994,109.242288,995760707,True
Căn hộ chung cư Trung tâm Bình Định,Coverage row generated from market priors and Hugging Face schema.,Căn hộ chung cư,Bình Định,Trung tâm,,,,60.0,1.0,4.0,1.0,13.758616,109.227859,1419130473,True
Căn hộ chung cư Trung tâm Bình Định,Coverage row generated from market priors and Hugging Face schema.,Căn hộ chung cư,Bình Định,Trung tâm,,,,80.0,2.0,1.0,1.0,13.805473,109.220853,1703145851,True
Căn hộ chung cư Trung tâm Bình Định,Coverage row generated from market priors and Hugging Face schema.,Căn hộ chung cư,Bình Định,Trung tâm,,,,120.0,2.0,4.0,3.0,13.778276,109.234028,2733182108,True
Căn hộ chung cư Trung tâm Bình Định,Coverage row generated from market priors and Hugging Face schema.,Căn hộ chung cư,Bình Định,Trung tâm,,,,180.0,4.0,1.0,4.0,13.761335,109.228613,3893976369,True
Nhà Trung tâm Bình Định,Coverage row generated from market priors and Hugging Face schema.,Nhà,Bình Định,Trung tâm,,,,45.0,4.0,1.0,1.0,13.797939,109.232166,1551134581,True
Nhà Trung tâm Bình Định,Coverage row generated from market priors and Hugging Face schema.,Nhà,Bình Định,Trung tâm,,,,60.0,1.0,5.0,1.0,13.764192,109.240846,1844500563,True
Nhà Trung tâm Bình Định,Coverage row generated from market priors and Hugging Face schema.,Nhà,Bình Định,Trung tâm,,,,80.0,4.0,3.0,3.0,13.794891,109.20989,2876321457,True
Nhà Trung tâm Bình Định,Coverage row generated from market priors and Hugging Face schema.,Nhà,Bình Định,Trung tâm,,,,120.0,5.0,2.0,2.0,13.795735,109.211715,4289432128,True
Nhà Trung tâm Bình Định,Coverage row generated from market priors and Hugging Face schema.,Nhà,Bình Định,Trung tâm,,,,180.0,2.0,2.0,4.0,13.781279,109.213837,5936995049,True
Shophouse Trung tâm Bình Định,Coverage row generated from market priors and Hugging Face schema.,Shophouse,Bình Định,Trung tâm,,,,45.0,1.0,3.0,1.0,13.802883,109.195598,1957618164,True
Shophouse Trung tâm Bình Định,Coverage row generated from market priors and Hugging Face schema.,Shophouse,Bình Định,Trung tâm,,,,60.0,5.0,4.0,2.0,13.790994,109.207627,3181523634,True
Shophouse Trung tâm Bình Định,Coverage row generated from market priors and Hugging Face schema.,Shophouse,Bình Định,Trung tâm,,,,80.0,5.0,1.0,3.0,13.796594,109.21926,4339633295,True
Shophouse Trung tâm Bình Định,Coverage row generated from market priors and Hugging Face schema.,Shophouse,Bình Định,Trung tâm,,,,120.0,4.0,3.0,4.0,13.799619,109.196333,6437944974,True
Shophouse Trung tâm Bình Định,Coverage row generated from market priors and Hugging Face schema.,Shophouse,Bình Định,Trung tâm,,,,180.0,2.0,4.0,4.0,13.804191,109.226323,9050791267,True
Đất Trung tâm Bình Định,Coverage row generated from market priors and Hugging Face schema.,Đất,Bình Định,Trung tâm,,,,45.0,0.0,0.0,0.0,13.769514,109.216133,1287070344,True
Đất Trung tâm Bình Định,Coverage row generated from market priors and Hugging Face schema.,Đất,Bình Định,Trung tâm,,,,60.0,0.0,0.0,0.0,13.804298,109.195897,1763856193,True
Đất Trung tâm Bình Định,Coverage row generated from market priors and Hugging Face schema.,Đất,Bình Định,Trung tâm,,,,80.0,0.0,0.0,0.0,13.79413,109.238065,2197951302,True
Đất Trung tâm Bình Định,Coverage row generated from market priors and Hugging Face schema.,Đất,Bình Định,Trung tâm,,,,120.0,0.0,0.0,0.0,13.783799,109.214414,3516342564,True
Đất Trung tâm Bình Định,Coverage row generated from market priors and Hugging Face schema.,Đất,Bình Định,Trung tâm,,,,180.0,0.0,0.0,0.0,13.768053,109.227323,5362728005,True
Biệt thự/Nhà liền kề Trung tâm Bình Phước,Coverage row generated from market priors and Hugging Face schema.,Biệt thự/Nhà liền kề,Bình Phước,Trung tâm,,,,45.0,2.0,1.0,4.0,11.765149,106.716163,1720365969,True
Biệt thự/Nhà liền kề Trung tâm Bình Phước,Coverage row generated from market priors and Hugging Face schema.,Biệt thự/Nhà liền kề,Bình Phước,Trung tâm,,,,60.0,1.0,4.0,2.0,11.761159,106.716364,2165863729,True
Biệt thự/Nhà liền kề Trung tâm Bình Phước,Coverage row generated from market priors and Hugging Face schema.,Biệt thự/Nhà liền kề,Bình Phước,Trung tâm,,,,80.0,1.0,1.0,3.0,11.751894,106.70397,3016776370,True
Biệt thự/Nhà liền kề Trung tâm Bình Phước,Coverage row generated from market priors and Hugging Face schema.,Biệt thự/Nhà liền kề,Bình Phước,Trung tâm,,,,120.0,1.0,3.0,2.0,11.771552,106.711043,4387148322,True
Biệt thự/Nhà liền kề Trung tâm Bình Phước,Coverage row generated from market priors and Hugging Face schema.,Biệt thự/Nhà liền kề,Bình Phước,Trung tâm,,,,180.0,1.0,2.0,4.0,11.732921,106.706864,6434563102,True
Căn hộ chung cư Trung tâm Bình Phước,Coverage row generated from market priors and Hugging Face schema.,Căn hộ chung cư,Bình Phước,Trung tâm,,,,45.0,5.0,1.0,1.0,11.733859,106.740826,878407798,True
Căn hộ chung cư Trung tâm Bình Phước,Coverage row generated from market priors and Hugging Face schema.,Căn hộ chung cư,Bình Phước,Trung tâm,,,,60.0,1.0,4.0,4.0,11.748559,106.720643,1281343377,True
Căn hộ chung cư Trung tâm Bình Phước,Coverage row generated from market priors and Hugging Face schema.,Căn hộ chung cư,Bình Phước,Trung tâm,,,,80.0,4.0,5.0,3.0,11.732923,106.723588,1858205922,True
Căn hộ chung cư Trung tâm Bình Phước,Coverage row generated from market priors and Hugging Face schema.,Căn hộ chung cư,Bình Phước,Trung tâm,,,,120.0,3.0,5.0,4.0,11.741214,106.747441,2551054015,True
Căn hộ chung cư Trung tâm Bình Phước,Coverage row generated from market priors and Hugging Face schema.,Căn hộ chung cư,Bình Phước,Trung tâm,,,,180.0,4.0,4.0,1.0,11.742426,106.721817,3930595578,True
Nhà Trung tâm Bình Phước,Coverage row generated from market priors and Hugging Face schema.,Nhà,Bình Phước,Trung tâm,,,,45.0,2.0,1.0,4.0,11.734297,106.728648,1349453660,True
Nhà Trung tâm Bình Phước,Coverage row generated from market priors and Hugging Face schema.,Nhà,Bình Phước,Trung tâm,,,,60.0,2.0,5.0,1.0,11.734162,106.706893,1791251181,True
Nhà Trung tâm Bình Phước,Coverage row generated from market priors and Hugging Face schema.,Nhà,Bình Phước,Trung tâm,,,,80.0,4.0,3.0,3.0,11.733254,106.736617,2693762364,True
Nhà Trung tâm Bình Phước,Coverage row generated from market priors and Hugging Face schema.,Nhà,Bình Phước,Trung tâm,,,,120.0,2.0,5.0,2.0,11.73416,106.707205,3818338974,True
Nhà Trung tâm Bình Phước,Coverage row generated from market priors and Hugging Face schema.,Nhà,Bình Phước,Trung tâm,,,,180.0,2.0,5.0,3.0,11.752871,106.746361,5811030834,True
Shophouse Trung tâm Bình Phước,Coverage row generated from market priors and Hugging Face schema.,Shophouse,Bình Phước,Trung tâm,,,,45.0,1.0,5.0,2.0,11.7348,106.69943,1903398891,True
Shophouse Trung tâm Bình Phước,Coverage row generated from market priors and Hugging Face schema.,Shophouse,Bình Phước,Trung tâm,,,,60.0,3.0,3.0,3.0,11.760885,106.721935,2778045490,True
Shophouse Trung tâm Bình Phước,Coverage row generated from market priors and Hugging Face schema.,Shophouse,Bình Phước,Trung tâm,,,,80.0,3.0,4.0,3.0,11.765791,106.742159,3581110220,True
Shophouse Trung tâm Bình Phước,Coverage row generated from market priors and Hugging Face schema.,Shophouse,Bình Phước,Trung tâm,,,,120.0,3.0,1.0,1.0,11.762403,106.71129,5522785326,True
Shophouse Trung tâm Bình Phước,Coverage row generated from market priors and Hugging Face schema.,Shophouse,Bình Phước,Trung tâm,,,,180.0,5.0,1.0,4.0,11.754519,106.712033,9073330207,True
Đất Trung tâm Bình Phước,Coverage row generated from market priors and Hugging Face schema.,Đất,Bình Phước,Trung tâm,,,,45.0,0.0,0.0,0.0,11.754369,106.731732,1175121779,True
Đất Trung tâm Bình Phước,Coverage row generated from market priors and Hugging Face schema.,Đất,Bình Phước,Trung tâm,,,,60.0,0.0,0.0,0.0,11.751307,106.704022,1661993350,True
Đất Trung tâm Bình Phước,Coverage row generated from market priors and Hugging Face schema.,Đất,Bình Phước,Trung tâm,,,,80.0,0.0,0.0,0.0,11.765391,106.714263,2102478057,True
Đất Trung tâm Bình Phước,Coverage row generated from market priors and Hugging Face schema.,Đất,Bình Phước,Trung tâm,,,,120.0,0.0,0.0,0.0,11.738418,106.705996,3326453387,True
Đất Trung tâm Bình Phước,Coverage row generated from market priors and Hugging Face schema.,Đất,Bình Phước,Trung tâm,,,,180.0,0.0,0.0,0.0,11.738592,106.746642,4691254091,True
Biệt thự/Nhà liền kề Trung tâm Bình Thuận,Coverage row generated from market priors and Hugging Face schema.,Biệt thự/Nhà liền kề,Bình Thuận,Trung tâm,,,,45.0,5.0,5.0,1.0,10.914878,108.114706,2200182707,True
Biệt thự/Nhà liền kề Trung tâm Bình Thuận,Coverage row generated from market priors and Hugging Face schema.,Biệt thự/Nhà liền kề,Bình Thuận,Trung tâm,,,,60.0,4.0,1.0,1.0,10.922723,108.075908,2763193491,True
Biệt thự/Nhà liền kề Trung tâm Bình Thuận,Coverage row generated from market priors and Hugging Face schema.,Biệt thự/Nhà liền kề,Bình Thuận,Trung tâm,,,,80.0,2.0,5.0,3.0,10.921085,108.079652,3655433168,True
Biệt thự/Nhà liền kề Trung tâm Bình Thuận,Coverage row generated from market priors and Hugging Face schema.,Biệt thự/Nhà liền kề,Bình Thuận,Trung tâm,,,,120.0,4.0,4.0,3.0,10.93718,108.077174,6142997666,True
Biệt thự/Nhà liền kề Trung tâm Bình Thuận,Coverage row generated from market priors and Hugging Face schema.,Biệt thự/Nhà liền kề,Bình Thuận,Trung tâm,,,,180.0,3.0,5.0,2.0,10.934603,108.116975,8118150134,True
Căn hộ chung cư Trung tâm Bình Thuận,Coverage row generated from market priors and Hugging Face schema.,Căn hộ chung cư,Bình Thuận,Trung tâm,,,,45.0,2.0,5.0,1.0,10.939798,108.099368,1112574069,True
Căn hộ chung cư Trung tâm Bình Thuận,Coverage row generated from market priors and Hugging Face schema.,Căn hộ chung cư,Bình Thuận,Trung tâm,,,,60.0,2.0,4.0,1.0,10.925489,108.114914,1403976450,True
Căn hộ chung cư Trung tâm Bình Thuận,Coverage row generated from market priors and Hugging Face schema.,Căn hộ chung cư,Bình Thuận,Trung tâm,,,,80.0,1.0,1.0,1.0,10.939494,108.076758,1874937299,True
Căn hộ chung cư Trung tâm Bình Thuận,Coverage row generated from market priors and Hugging Face schema.,Căn hộ chung cư,Bình Thuận,Trung tâm,,,,120.0,4.0,2.0,3.0,10.912484,108.107055,2702755843,True
Căn hộ chung cư Trung tâm Bình Thuận,Coverage row generated from market priors and Hugging Face schema.,Căn hộ chung cư,Bình Thuận,Trung tâm,,,,180.0,2.0,1.0,2.0,10.955621,108.082043,3865360407,True
Nhà Trung tâm Bình Thuận,Coverage row generated from market priors and Hugging Face schema.,Nhà,Bình Thuận,Trung tâm,,,,45.0,1.0,1.0,1.0,10.949173,108.101053,1509120089,True
Nhà Trung tâm Bình Thuận,Coverage row generated from market priors and Hugging Face schema.,Nhà,Bình Thuận,Trung tâm,,,,60.0,4.0,5.0,3.0,10.914447,108.08058,2219058163,True
Nhà Trung tâm Bình Thuận,Coverage row generated from market priors and Hugging Face schema.,Nhà,Bình Thuận,Trung tâm,,,,80.0,3.0,3.0,4.0,10.944033,108.123628,2902744624,True
Nhà Trung tâm Bình Thuận,Coverage row generated from market priors and Hugging Face schema.,Nhà,Bình Thuận,Trung tâm,,,,120.0,2.0,5.0,1.0,10.941238,108.108614,4515128507,True
Nhà Trung tâm Bình Thuận,Coverage row generated from market priors and Hugging Face schema.,Nhà,Bình Thuận,Trung tâm,,,,180.0,5.0,3.0,4.0,10.917389,108.109268,6995382298,True
Shophouse Trung tâm Bình Thuận,Coverage row generated from market priors and Hugging Face schema.,Shophouse,Bình Thuận,Trung tâm,,,,45.0,4.0,2.0,4.0,10.91989,108.078043,2556333651,True
Shophouse Trung tâm Bình Thuận,Coverage row generated from market priors and Hugging Face schema.,Shophouse,Bình Thuận,Trung tâm,,,,60.0,5.0,3.0,2.0,10.957054,108.081002,3269233624,True
Shophouse Trung tâm Bình Thuận,Coverage row generated from market priors and Hugging Face schema.,Shophouse,Bình Thuận,Trung tâm,,,,80.0,2.0,2.0,1.0,10.932942,108.077783,4146287751,True
Shophouse Trung tâm Bình Thuận,Coverage row generated from market priors and Hugging Face schema.,Shophouse,Bình Thuận,Trung tâm,,,,120.0,4.0,2.0,4.0,10.927224,108.117688,6915331255,True
Shophouse Trung tâm Bình Thuận,Coverage row generated from market priors and Hugging Face schema.,Shophouse,Bình Thuận,Trung tâm,,,,180.0,3.0,2.0,1.0,10.940428,108.080352,9640527776,True
Đất Trung tâm Bình Thuận,Coverage row generated from market priors and Hugging Face schema.,Đất,Bình Thuận,Trung tâm,,,,45.0,0.0,0.0,0.0,10.919896,108.107239,1420665681,True
Đất Trung tâm Bình Thuận,Coverage row generated from market priors and Hugging Face schema.,Đất,Bình Thuận,Trung tâm,,,,60.0,0.0,0.0,0.0,10.942346,108.124909,1892048918,True
Đất Trung tâm Bình Thuận,Coverage row generated from market priors and Hugging Face schema.,Đất,Bình Thuận,Trung tâm,,,,80.0,0.0,0.0,0.0,10.95814,108.104861,2538930135,True
Đất Trung tâm Bình Thuận,Coverage row generated from market priors and Hugging Face schema.,Đất,Bình Thuận,Trung tâm,,,,120.0,0.0,0.0,0.0,10.926137,108.089591,3742379003,True
Đất Trung tâm Bình Thuận,Coverage row generated from market priors and Hugging Face schema.,Đất,Bình Thuận,Trung tâm,,,,180.0,0.0,0.0,0.0,10.913322,108.120203,5290273607,True
Biệt thự/Nhà liền kề Trung tâm Cà Mau,Coverage row generated from market priors and Hugging Face schema.,Biệt thự/Nhà liền kề,Cà Mau,Trung tâm,,,,45.0,2.0,1.0,4.0,9.165977,105.140741,1395630734,True
Biệt thự/Nhà liền kề Trung tâm Cà Mau,Coverage row generated from market priors and Hugging Face schema.,Biệt thự/Nhà liền kề,Cà Mau,Trung tâm,,,,60.0,4.0,3.0,2.0,9.174504,105.136944,2047607419,True
Biệt thự/Nhà liền kề Trung tâm Cà Mau,Coverage row generated from market priors and Hugging Face schema.,Biệt thự/Nhà liền kề,Cà Mau,Trung tâm,,,,80.0,2.0,1.0,4.0,9.16388,105.134329,2533492290,True
Biệt thự/Nhà liền kề Trung tâm Cà Mau,Coverage row generated from market priors and Hugging Face schema.,Biệt thự/Nhà liền kề,Cà Mau,Trung tâm,,,,120.0,3.0,2.0,2.0,9.1969,105.168764,3841828470,True
Biệt thự/Nhà liền kề Trung tâm Cà Mau,Coverage row generated from market priors and Hugging Face schema.,Biệt thự/Nhà liền kề,Cà Mau,Trung tâm,,,,180.0,3.0,1.0,2.0,9.166175,105.149558,6144557455,True
Căn hộ chung cư Trung tâm Cà Mau,Coverage row generated from market priors and Hugging Face schema.,Căn hộ chung cư,Cà Mau,Trung tâm,,,,45.0,3.0,5.0,2.0,9.163313,105.134092,889027987,True
Căn hộ chung cư Trung tâm Cà Mau,Coverage row generated from market priors and Hugging Face schema.,Căn hộ chung cư,Cà Mau,Trung tâm,,,,60.0,1.0,1.0,1.0,9.180286,105.145639,960660911,True
Căn hộ chung cư Trung tâm Cà Mau,Coverage row generated from market priors and Hugging Face schema.,Căn hộ chung cư,Cà Mau,Trung tâm,,,,80.0,5.0,3.0,4.0,9.194182,105.162868,1516098038,True
Căn hộ chung cư Trung tâm Cà Mau,Coverage row generated from market priors and Hugging Face schema.,Căn hộ chung cư,Cà Mau,Trung tâm,,,,120.0,5.0,3.0,3.0,9.152426,105.171188,2135121906,True
Căn hộ chung cư Trung tâm Cà Mau,Coverage row generated from market priors and Hugging Face schema.,Căn hộ chung cư,Cà Mau,Trung tâm,,,,180.0,4.0,2.0,2.0,9.198907,105.135359,2952020869,True
Nhà Trung tâm Cà Mau,Coverage row generated from market priors and Hugging Face schema.,Nhà,Cà Mau,Trung tâm,,,,45.0,3.0,4.0,2.0,9.188643,105.161981,1220523826,True
Nhà Trung tâm Cà Mau,Coverage row generated from market priors and Hugging Face schema.,Nhà,Cà Mau,Trung tâm,,,,60.0,2.0,2.0,1.0,9.153175,105.167134,1538364825,True
Nhà Trung tâm Cà Mau,Coverage row generated from market priors and Hugging Face schema.,Nhà,Cà Mau,Trung tâm,,,,80.0,1.0,4.0,4.0,9.172398,105.160575,2093999077,True
Nhà Trung tâm Cà Mau,Coverage row generated from market priors and Hugging Face schema.,Nhà,Cà Mau,Trung tâm,,,,120.0,2.0,2.0,3.0,9.165433,105.15195,2995866799,True
Nhà Trung tâm Cà Mau,Coverage row generated from market priors and Hugging Face schema.,Nhà,Cà Mau,Trung tâm,,,,180.0,3.0,3.0,3.0,9.158198,105.142908,4761951240,True
Shophouse Trung tâm Cà Mau,Coverage row generated from market priors and Hugging Face schema.,Shophouse,Cà Mau,Trung tâm,,,,45.0,4.0,5.0,1.0,9.198885,105.174202,1839000547,True
Shophouse Trung tâm Cà Mau,Coverage row generated from market priors and Hugging Face schema.,Shophouse,Cà Mau,Trung tâm,,,,60.0,2.0,1.0,4.0,9.163886,105.149115,2170460387,True
Shophouse Trung tâm Cà Mau,Coverage row generated from market priors and Hugging Face schema.,Shophouse,Cà Mau,Trung tâm,,,,80.0,1.0,4.0,1.0,9.193299,105.146981,3090378681,True
Shophouse Trung tâm Cà Mau,Coverage row generated from market priors and Hugging Face schema.,Shophouse,Cà Mau,Trung tâm,,,,120.0,4.0,5.0,4.0,9.194769,105.165339,4957897116,True
Shophouse Trung tâm Cà Mau,Coverage row generated from market priors and Hugging Face schema.,Shophouse,Cà Mau,Trung tâm,,,,180.0,5.0,5.0,2.0,9.185899,105.136179,7860879810,True
Đất Trung tâm Cà Mau,Coverage row generated from market priors and Hugging Face schema.,Đất,Cà Mau,Trung tâm,,,,45.0,0.0,0.0,0.0,9.198358,105.137621,1041234945,True
Đất Trung tâm Cà Mau,Coverage row generated from market priors and Hugging Face schema.,Đất,Cà Mau,Trung tâm,,,,60.0,0.0,0.0,0.0,9.195776,105.172589,1299286008,True
Đất Trung tâm Cà Mau,Coverage row generated from market priors and Hugging Face schema.,Đất,Cà Mau,Trung tâm,,,,80.0,0.0,0.0,0.0,9.189897,105.145421,1901739035,True
Đất Trung tâm Cà Mau,Coverage row generated from market priors and Hugging Face schema.,Đất,Cà Mau,Trung tâm,,,,120.0,0.0,0.0,0.0,9.18938,105.146271,2710853235,True
Đất Trung tâm Cà Mau,Coverage row generated from market priors and Hugging Face schema.,Đất,Cà Mau,Trung tâm,,,,180.0,0.0,0.0,0.0,9.17914,105.138426,4207159676,True
Biệt thự/Nhà liền kề Trung tâm Cần Thơ,Coverage row generated from market priors and Hugging Face schema.,Biệt thự/Nhà liền kề,Cần Thơ,Trung tâm,,,,45.0,1.0,4.0,3.0,10.047948,105.729493,2551018049,True
Biệt thự/Nhà liền kề Trung tâm Cần Thơ,Coverage row generated from market priors and Hugging Face schema.,Biệt thự/Nhà liền kề,Cần Thơ,Trung tâm,,,,60.0,1.0,4.0,2.0,10.065506,105.74534,3199379544,True
Biệt thự/Nhà liền kề Trung tâm Cần Thơ,Coverage row generated from market priors and Hugging Face schema.,Biệt thự/Nhà liền kề,Cần Thơ,Trung tâm,,,,80.0,3.0,5.0,1.0,10.049498,105.770243,4597066799,True
Biệt thự/Nhà liền kề Trung tâm Cần Thơ,Coverage row generated from market priors and Hugging Face schema.,Biệt thự/Nhà liền kề,Cần Thơ,Trung tâm,,,,120.0,1.0,4.0,2.0,10.042177,105.753122,6550444658,True
Biệt thự/Nhà liền kề Trung tâm Cần Thơ,Coverage row generated from market priors and Hugging Face schema.,Biệt thự/Nhà liền kề,Cần Thơ,Trung tâm,,,,180.0,5.0,1.0,3.0,10.030619,105.728757,11146430452,True
Căn hộ chung cư Trung tâm Cần Thơ,Coverage row generated from market priors and Hugging Face schema.,Căn hộ chung cư,Cần Thơ,Trung tâm,,,,45.0,3.0,5.0,4.0,10.026952,105.728552,1493112072,True
Căn hộ chung cư Trung tâm Cần Thơ,Coverage row generated from market priors and Hugging Face schema.,Căn hộ chung cư,Cần Thơ,Trung tâm,,,,60.0,3.0,1.0,3.0,10.03304,105.72812,1633279161,True
Căn hộ chung cư Trung tâm Cần Thơ,Coverage row generated from market priors and Hugging Face schema.,Căn hộ chung cư,Cần Thơ,Trung tâm,,,,80.0,1.0,1.0,1.0,10.028928,105.729623,2176821384,True
Căn hộ chung cư Trung tâm Cần Thơ,Coverage row generated from market priors and Hugging Face schema.,Căn hộ chung cư,Cần Thơ,Trung tâm,,,,120.0,4.0,4.0,3.0,10.030289,105.750559,3543026972,True
Căn hộ chung cư Trung tâm Cần Thơ,Coverage row generated from market priors and Hugging Face schema.,Căn hộ chung cư,Cần Thơ,Trung tâm,,,,180.0,5.0,4.0,1.0,10.067167,105.757988,5817971488,True
Nhà Trung tâm Cần Thơ,Coverage row generated from market priors and Hugging Face schema.,Nhà,Cần Thơ,Trung tâm,,,,45.0,4.0,5.0,3.0,10.040976,105.740653,2113535137,True
Nhà Trung tâm Cần Thơ,Coverage row generated from market priors and Hugging Face schema.,Nhà,Cần Thơ,Trung tâm,,,,60.0,4.0,5.0,1.0,10.056531,105.770396,2911797367,True
Nhà Trung tâm Cần Thơ,Coverage row generated from market priors and Hugging Face schema.,Nhà,Cần Thơ,Trung tâm,,,,80.0,5.0,1.0,2.0,10.062484,105.737303,3784939152,True
Nhà Trung tâm Cần Thơ,Coverage row generated from market priors and Hugging Face schema.,Nhà,Cần Thơ,Trung tâm,,,,120.0,4.0,1.0,3.0,10.045334,105.767223,5481351408,True
Nhà Trung tâm Cần Thơ,Coverage row generated from market priors and Hugging Face schema.,Nhà,Cần Thơ,Trung tâm,,,,180.0,3.0,2.0,4.0,10.047376,105.722359,7864177005,True
Shophouse Trung tâm Cần Thơ,Coverage row generated from market priors and Hugging Face schema.,Shophouse,Cần Thơ,Trung tâm,,,,45.0,1.0,5.0,2.0,10.062019,105.724665,2694924552,True
Shophouse Trung tâm Cần Thơ,Coverage row generated from market priors and Hugging Face schema.,Shophouse,Cần Thơ,Trung tâm,,,,60.0,2.0,1.0,2.0,10.02685,105.727936,3961764783,True
Shophouse Trung tâm Cần Thơ,Coverage row generated from market priors and Hugging Face schema.,Shophouse,Cần Thơ,Trung tâm,,,,80.0,3.0,5.0,2.0,10.06678,105.745475,5255982279,True
Shophouse Trung tâm Cần Thơ,Coverage row generated from market priors and Hugging Face schema.,Shophouse,Cần Thơ,Trung tâm,,,,120.0,2.0,2.0,4.0,10.024991,105.733633,7794369983,True
Shophouse Trung tâm Cần Thơ,Coverage row generated from market priors and Hugging Face schema.,Shophouse,Cần Thơ,Trung tâm,,,,180.0,2.0,3.0,2.0,10.031903,105.770795,12096946356,True
Đất Trung tâm Cần Thơ,Coverage row generated from market priors and Hugging Face schema.,Đất,Cần Thơ,Trung tâm,,,,45.0,0.0,0.0,0.0,10.057924,105.74986,1800518772,True
Đất Trung tâm Cần Thơ,Coverage row generated from market priors and Hugging Face schema.,Đất,Cần Thơ,Trung tâm,,,,60.0,0.0,0.0,0.0,10.062751,105.725552,2248600618,True
Đất Trung tâm Cần Thơ,Coverage row generated from market priors and Hugging Face schema.,Đất,Cần Thơ,Trung tâm,,,,80.0,0.0,0.0,0.0,10.04312,105.725346,3034302209,True
Đất Trung tâm Cần Thơ,Coverage row generated from market priors and Hugging Face schema.,Đất,Cần Thơ,Trung tâm,,,,120.0,0.0,0.0,0.0,10.043043,105.739373,4624328322,True
Đất Trung tâm Cần Thơ,Coverage row generated from market priors and Hugging Face schema.,Đất,Cần Thơ,Trung tâm,,,,180.0,0.0,0.0,0.0,10.046738,105.726359,6805805217,True
Biệt thự/Nhà liền kề Trung tâm Cao Bằng,Coverage row generated from market priors and Hugging Face schema.,Biệt thự/Nhà liền kề,Cao Bằng,Trung tâm,,,,45.0,3.0,2.0,1.0,22.658059,106.243407,1133834714,True
Biệt thự/Nhà liền kề Trung tâm Cao Bằng,Coverage row generated from market priors and Hugging Face schema.,Biệt thự/Nhà liền kề,Cao Bằng,Trung tâm,,,,60.0,2.0,1.0,2.0,22.680566,106.27383,1295754141,True
Biệt thự/Nhà liền kề Trung tâm Cao Bằng,Coverage row generated from market priors and Hugging Face schema.,Biệt thự/Nhà liền kề,Cao Bằng,Trung tâm,,,,80.0,3.0,4.0,2.0,22.670033,106.252152,1908896817,True
Biệt thự/Nhà liền kề Trung tâm Cao Bằng,Coverage row generated from market priors and Hugging Face schema.,Biệt thự/Nhà liền kề,Cao Bằng,Trung tâm,,,,120.0,5.0,1.0,3.0,22.655335,106.288503,3053541713,True
Biệt thự/Nhà liền kề Trung tâm Cao Bằng,Coverage row generated from market priors and Hugging Face schema.,Biệt thự/Nhà liền kề,Cao Bằng,Trung tâm,,,,180.0,2.0,4.0,4.0,22.680642,106.271476,4593604153,True
Căn hộ chung cư Trung tâm Cao Bằng,Coverage row generated from market priors and Hugging Face schema.,Căn hộ chung cư,Cao Bằng,Trung tâm,,,,45.0,3.0,1.0,2.0,22.683297,106.279854,551973427,True
Căn hộ chung cư Trung tâm Cao Bằng,Coverage row generated from market priors and Hugging Face schema.,Căn hộ chung cư,Cao Bằng,Trung tâm,,,,60.0,1.0,5.0,2.0,22.679636,106.28379,767971357,True
Căn hộ chung cư Trung tâm Cao Bằng,Coverage row generated from market priors and Hugging Face schema.,Căn hộ chung cư,Cao Bằng,Trung tâm,,,,80.0,1.0,3.0,4.0,22.666489,106.249884,1020901415,True
Căn hộ chung cư Trung tâm Cao Bằng,Coverage row generated from market priors and Hugging Face schema.,Căn hộ chung cư,Cao Bằng,Trung tâm,,,,120.0,2.0,4.0,3.0,22.650107,106.278887,1522350089,True
Căn hộ chung cư Trung tâm Cao Bằng,Coverage row generated from market priors and Hugging Face schema.,Căn hộ chung cư,Cao Bằng,Trung tâm,,,,180.0,5.0,4.0,4.0,22.67523,106.267354,2465391094,True
Nhà Trung tâm Cao Bằng,Coverage row generated from market priors and Hugging Face schema.,Nhà,Cao Bằng,Trung tâm,,,,45.0,3.0,2.0,2.0,22.6857,106.274748,825764612,True
Nhà Trung tâm Cao Bằng,Coverage row generated from market priors and Hugging Face schema.,Nhà,Cao Bằng,Trung tâm,,,,60.0,3.0,1.0,3.0,22.686494,106.269102,1102404270,True
Nhà Trung tâm Cao Bằng,Coverage row generated from market priors and Hugging Face schema.,Nhà,Cao Bằng,Trung tâm,,,,80.0,5.0,3.0,1.0,22.688766,106.276633,1649979631,True
Nhà Trung tâm Cao Bằng,Coverage row generated from market priors and Hugging Face schema.,Nhà,Cao Bằng,Trung tâm,,,,120.0,3.0,5.0,1.0,22.648942,106.281928,2331926040,True
Nhà Trung tâm Cao Bằng,Coverage row generated from market priors and Hugging Face schema.,Nhà,Cao Bằng,Trung tâm,,,,180.0,4.0,3.0,4.0,22.682462,106.249611,3616102274,True
Shophouse Trung tâm Cao Bằng,Coverage row generated from market priors and Hugging Face schema.,Shophouse,Cao Bằng,Trung tâm,,,,45.0,1.0,4.0,4.0,22.658446,106.273209,1267681138,True
Shophouse Trung tâm Cao Bằng,Coverage row generated from market priors and Hugging Face schema.,Shophouse,Cao Bằng,Trung tâm,,,,60.0,2.0,1.0,4.0,22.643944,106.239502,1703604145,True
Shophouse Trung tâm Cao Bằng,Coverage row generated from market priors and Hugging Face schema.,Shophouse,Cao Bằng,Trung tâm,,,,80.0,5.0,3.0,2.0,22.688543,106.245847,2540988497,True
Shophouse Trung tâm Cao Bằng,Coverage row generated from market priors and Hugging Face schema.,Shophouse,Cao Bằng,Trung tâm,,,,120.0,5.0,3.0,1.0,22.687036,106.250707,3504125176,True
Shophouse Trung tâm Cao Bằng,Coverage row generated from market priors and Hugging Face schema.,Shophouse,Cao Bằng,Trung tâm,,,,180.0,3.0,3.0,2.0,22.669905,106.244649,4837868439,True
Đất Trung tâm Cao Bằng,Coverage row generated from market priors and Hugging Face schema.,Đất,Cao Bằng,Trung tâm,,,,45.0,0.0,0.0,0.0,22.687223,106.277332,723459871,True
Đất Trung tâm Cao Bằng,Coverage row generated from market priors and Hugging Face schema.,Đất,Cao Bằng,Trung tâm,,,,60.0,0.0,0.0,0.0,22.661083,106.281492,926050340,True
Đất Trung tâm Cao Bằng,Coverage row generated from market priors and Hugging Face schema.,Đất,Cao Bằng,Trung tâm,,,,80.0,0.0,0.0,0.0,22.673986,106.257013,1250583042,True
Đất Trung tâm Cao Bằng,Coverage row generated from market priors and Hugging Face schema.,Đất,Cao Bằng,Trung tâm,,,,120.0,0.0,0.0,0.0,22.652853,106.241571,1961687154,True
Đất Trung tâm Cao Bằng,Coverage row generated from market priors and Hugging Face schema.,Đất,Cao Bằng,Trung tâm,,,,180.0,0.0,0.0,0.0,22.673566,106.27024,2957961191,True
Biệt thự/Nhà liền kề Hải Châu Đà Nẵng,Coverage row generated from market priors and Hugging Face schema.,Biệt thự/Nhà liền kề,Đà Nẵng,Hải Châu,,,,45.0,2.0,4.0,3.0,16.058282,108.187694,4860495959,True
Biệt thự/Nhà liền kề Hải Châu Đà Nẵng,Coverage row generated from market priors and Hugging Face schema.,Biệt thự/Nhà liền kề,Đà Nẵng,Hải Châu,,,,60.0,4.0,1.0,1.0,16.067851,108.222322,6699620275,True
Biệt thự/Nhà liền kề Hải Châu Đà Nẵng,Coverage row generated from market priors and Hugging Face schema.,Biệt thự/Nhà liền kề,Đà Nẵng,Hải Châu,,,,80.0,3.0,2.0,4.0,16.057897,108.22649,9416066836,True
Biệt thự/Nhà liền kề Hải Châu Đà Nẵng,Coverage row generated from market priors and Hugging Face schema.,Biệt thự/Nhà liền kề,Đà Nẵng,Hải Châu,,,,120.0,5.0,3.0,1.0,16.025406,108.205269,14033321619,True
Biệt thự/Nhà liền kề Hải Châu Đà Nẵng,Coverage row generated from market priors and Hugging Face schema.,Biệt thự/Nhà liền kề,Đà Nẵng,Hải Châu,,,,180.0,5.0,2.0,2.0,16.070502,108.211642,22115785861,True
Biệt thự/Nhà liền kề Sơn Trà Đà Nẵng,Coverage row generated from market priors and Hugging Face schema.,Biệt thự/Nhà liền kề,Đà Nẵng,Sơn Trà,,,,45.0,5.0,2.0,3.0,16.047739,108.211361,5199099054,True
Biệt thự/Nhà liền kề Sơn Trà Đà Nẵng,Coverage row generated from market priors and Hugging Face schema.,Biệt thự/Nhà liền kề,Đà Nẵng,Sơn Trà,,,,60.0,4.0,1.0,3.0,16.055956,108.21966,7215905333,True
Biệt thự/Nhà liền kề Sơn Trà Đà Nẵng,Coverage row generated from market priors and Hugging Face schema.,Biệt thự/Nhà liền kề,Đà Nẵng,Sơn Trà,,,,80.0,3.0,2.0,4.0,16.023762,108.222242,9097857472,True
Biệt thự/Nhà liền kề Sơn Trà Đà Nẵng,Coverage row generated from market priors and Hugging Face schema.,Biệt thự/Nhà liền kề,Đà Nẵng,Sơn Trà,,,,120.0,3.0,1.0,1.0,16.045016,108.206289,12521696624,True
Biệt thự/Nhà liền kề Sơn Trà Đà Nẵng,Coverage row generated from market priors and Hugging Face schema.,Biệt thự/Nhà liền kề,Đà Nẵng,Sơn Trà,,,,180.0,2.0,4.0,2.0,16.069419,108.190049,19683649634,True
Biệt thự/Nhà liền kề Cẩm Lệ Đà Nẵng,Coverage row generated from market priors and Hugging Face schema.,Biệt thự/Nhà liền kề,Đà Nẵng,Cẩm Lệ,,,,45.0,2.0,3.0,2.0,16.036141,108.201068,4602444938,True
Biệt thự/Nhà liền kề Cẩm Lệ Đà Nẵng,Coverage row generated from market priors and Hugging Face schema.,Biệt thự/Nhà liền kề,Đà Nẵng,Cẩm Lệ,,,,60.0,3.0,1.0,3.0,16.065701,108.231744,6258706364,True
Biệt thự/Nhà liền kề Cẩm Lệ Đà Nẵng,Coverage row generated from market priors and Hugging Face schema.,Biệt thự/Nhà liền kề,Đà Nẵng,Cẩm Lệ,,,,80.0,1.0,4.0,1.0,16.059323,108.207911,8603517902,True
Biệt thự/Nhà liền kề Cẩm Lệ Đà Nẵng,Coverage row generated from market priors and Hugging Face schema.,Biệt thự/Nhà liền kề,Đà Nẵng,Cẩm Lệ,,,,120.0,4.0,4.0,2.0,16.066802,108.192635,13292520303,True
Biệt thự/Nhà liền kề Cẩm Lệ Đà Nẵng,Coverage row generated from market priors and Hugging Face schema.,Biệt thự/Nhà liền kề,Đà Nẵng,Cẩm Lệ,,,,180.0,2.0,5.0,3.0,16.054741,108.20585,19117383533,True
Căn hộ chung cư Hải Châu Đà Nẵng,Coverage row generated from market priors and Hugging Face schema.,Căn hộ chung cư,Đà Nẵng,Hải Châu,,,,45.0,3.0,4.0,2.0,16.049037,108.183177,2590000839,True
Căn hộ chung cư Hải Châu Đà Nẵng,Coverage row generated from market priors and Hugging Face schema.,Căn hộ chung cư,Đà Nẵng,Hải Châu,,,,60.0,4.0,5.0,3.0,16.063536,108.213749,3595121819,True
Căn hộ chung cư Hải Châu Đà Nẵng,Coverage row generated from market priors and Hugging Face schema.,Căn hộ chung cư,Đà Nẵng,Hải Châu,,,,80.0,1.0,1.0,3.0,16.0545,108.227106,4163241546,True
Căn hộ chung cư Hải Châu Đà Nẵng,Coverage row generated from market priors and Hugging Face schema.,Căn hộ chung cư,Đà Nẵng,Hải Châu,,,,120.0,2.0,5.0,1.0,16.031005,108.2178,7042429708,True
Căn hộ chung cư Hải Châu Đà Nẵng,Coverage row generated from market priors and Hugging Face schema.,Căn hộ chung cư,Đà Nẵng,Hải Châu,,,,180.0,3.0,2.0,3.0,16.041638,108.184201,10284782624,True
Căn hộ chung cư Sơn Trà Đà Nẵng,Coverage row generated from market priors and Hugging Face schema.,Căn hộ chung cư,Đà Nẵng,Sơn Trà,,,,45.0,5.0,2.0,3.0,16.02897,108.187444,2564318695,True
Căn hộ chung cư Sơn Trà Đà Nẵng,Coverage row generated from market priors and Hugging Face schema.,Căn hộ chung cư,Đà Nẵng,Sơn Trà,,,,60.0,3.0,1.0,3.0,16.054572,108.195091,3267277457,True
Căn hộ chung cư Sơn Trà Đà Nẵng,Coverage row generated from market priors and Hugging Face schema.,Căn hộ chung cư,Đà Nẵng,Sơn Trà,,,,80.0,3.0,3.0,4.0,16.03069,108.217594,4905378148,True
Căn hộ chung cư Sơn Trà Đà Nẵng,Coverage row generated from market priors and Hugging Face schema.,Căn hộ chung cư,Đà Nẵng,Sơn Trà,,,,120.0,4.0,4.0,4.0,16.051132,108.229537,6974565098,True
Căn hộ chung cư Sơn Trà Đà Nẵng,Coverage row generated from market priors and Hugging Face schema.,Căn hộ chung cư,Đà Nẵng,Sơn Trà,,,,180.0,1.0,4.0,1.0,16.066988,108.209407,10723993071,True
Căn hộ chung cư Cẩm Lệ Đà Nẵng,Coverage row generated from market priors and Hugging Face schema.,Căn hộ chung cư,Đà Nẵng,Cẩm Lệ,,,,45.0,2.0,3.0,4.0,16.068,108.192453,2711442517,True
Căn hộ chung cư Cẩm Lệ Đà Nẵng,Coverage row generated from market priors and Hugging Face schema.,Căn hộ chung cư,Đà Nẵng,Cẩm Lệ,,,,60.0,3.0,5.0,4.0,16.060896,108.227955,3910854030,True
Căn hộ chung cư Cẩm Lệ Đà Nẵng,Coverage row generated from market priors and Hugging Face schema.,Căn hộ chung cư,Đà Nẵng,Cẩm Lệ,,,,80.0,3.0,4.0,3.0,16.053564,108.202078,4812818589,True
Căn hộ chung cư Cẩm Lệ Đà Nẵng,Coverage row generated from market priors and Hugging Face schema.,Căn hộ chung cư,Đà Nẵng,Cẩm Lệ,,,,120.0,3.0,1.0,4.0,16.055583,108.192041,6362184264,True
Căn hộ chung cư Cẩm Lệ Đà Nẵng,Coverage row generated from market priors and Hugging Face schema.,Căn hộ chung cư,Đà Nẵng,Cẩm Lệ,,,,180.0,1.0,4.0,1.0,16.026632,108.1873,10458894852,True
Nhà Hải Châu Đà Nẵng,Coverage row generated from market priors and Hugging Face schema.,Nhà,Đà Nẵng,Hải Châu,,,,45.0,3.0,1.0,4.0,16.033935,108.199966,4121694680,True
Nhà Hải Châu Đà Nẵng,Coverage row generated from market priors and Hugging Face schema.,Nhà,Đà Nẵng,Hải Châu,,,,60.0,5.0,1.0,4.0,16.067669,108.230844,5741510585,True
Nhà Hải Châu Đà Nẵng,Coverage row generated from market priors and Hugging Face schema.,Nhà,Đà Nẵng,Hải Châu,,,,80.0,2.0,2.0,4.0,16.069961,108.217883,7080085196,True
Nhà Hải Châu Đà Nẵng,Coverage row generated from market priors and Hugging Face schema.,Nhà,Đà Nẵng,Hải Châu,,,,120.0,5.0,5.0,3.0,16.024626,108.199495,12290884197,True
Nhà Hải Châu Đà Nẵng,Coverage row generated from market priors and Hugging Face schema.,Nhà,Đà Nẵng,Hải Châu,,,,180.0,2.0,1.0,4.0,16.065078,108.221645,15237964479,True
Nhà Sơn Trà Đà Nẵng,Coverage row generated from market priors and Hugging Face schema.,Nhà,Đà Nẵng,Sơn Trà,,,,45.0,1.0,2.0,1.0,16.058812,108.190703,3764429741,True
Nhà Sơn Trà Đà Nẵng,Coverage row generated from market priors and Hugging Face schema.,Nhà,Đà Nẵng,Sơn Trà,,,,60.0,1.0,5.0,4.0,16.055648,108.210701,4902800801,True
Nhà Sơn Trà Đà Nẵng,Coverage row generated from market priors and Hugging Face schema.,Nhà,Đà Nẵng,Sơn Trà,,,,80.0,2.0,2.0,1.0,16.039029,108.184299,6791593949,True
Nhà Sơn Trà Đà Nẵng,Coverage row generated from market priors and Hugging Face schema.,Nhà,Đà Nẵng,Sơn Trà,,,,120.0,3.0,2.0,2.0,16.024201,108.204735,10787577398,True
Nhà Sơn Trà Đà Nẵng,Coverage row generated from market priors and Hugging Face schema.,Nhà,Đà Nẵng,Sơn Trà,,,,180.0,4.0,4.0,3.0,16.025602,108.206723,16862520178,True
Nhà Cẩm Lệ Đà Nẵng,Coverage row generated from market priors and Hugging Face schema.,Nhà,Đà Nẵng,Cẩm Lệ,,,,45.0,4.0,5.0,1.0,16.050713,108.185297,4142557778,True
Nhà Cẩm Lệ Đà Nẵng,Coverage row generated from market priors and Hugging Face schema.,Nhà,Đà Nẵng,Cẩm Lệ,,,,60.0,5.0,1.0,1.0,16.037527,108.21519,5326268921,True
Nhà Cẩm Lệ Đà Nẵng,Coverage row generated from market priors and Hugging Face schema.,Nhà,Đà Nẵng,Cẩm Lệ,,,,80.0,4.0,4.0,4.0,16.060751,108.225898,7900478924,True
Nhà Cẩm Lệ Đà Nẵng,Coverage row generated from market priors and Hugging Face schema.,Nhà,Đà Nẵng,Cẩm Lệ,,,,120.0,3.0,1.0,1.0,16.030419,108.203385,10489654918,True
Nhà Cẩm Lệ Đà Nẵng,Coverage row generated from market priors and Hugging Face schema.,Nhà,Đà Nẵng,Cẩm Lệ,,,,180.0,3.0,3.0,1.0,16.058776,108.226497,16635982089,True
Shophouse Hải Châu Đà Nẵng,Coverage row generated from market priors and Hugging Face schema.,Shophouse,Đà Nẵng,Hải Châu,,,,45.0,5.0,5.0,3.0,16.035145,108.182868,6238915671,True
Shophouse Hải Châu Đà Nẵng,Coverage row generated from market priors and Hugging Face schema.,Shophouse,Đà Nẵng,Hải Châu,,,,60.0,2.0,3.0,3.0,16.047251,108.19023,7425458974,True
Shophouse Hải Châu Đà Nẵng,Coverage row generated from market priors and Hugging Face schema.,Shophouse,Đà Nẵng,Hải Châu,,,,80.0,5.0,1.0,3.0,16.054997,108.227638,10953829708,True
Shophouse Hải Châu Đà Nẵng,Coverage row generated from market priors and Hugging Face schema.,Shophouse,Đà Nẵng,Hải Châu,,,,120.0,3.0,5.0,2.0,16.029538,108.212422,16161948205,True
Shophouse Hải Châu Đà Nẵng,Coverage row generated from market priors and Hugging Face schema.,Shophouse,Đà Nẵng,Hải Châu,,,,180.0,3.0,2.0,1.0,16.047235,108.196607,24106310530,True
Shophouse Sơn Trà Đà Nẵng,Coverage row generated from market priors and Hugging Face schema.,Shophouse,Đà Nẵng,Sơn Trà,,,,45.0,4.0,4.0,2.0,16.059303,108.222676,6128360996,True
Shophouse Sơn Trà Đà Nẵng,Coverage row generated from market priors and Hugging Face schema.,Shophouse,Đà Nẵng,Sơn Trà,,,,60.0,4.0,1.0,4.0,16.024514,108.206547,7986498536,True
Shophouse Sơn Trà Đà Nẵng,Coverage row generated from market priors and Hugging Face schema.,Shophouse,Đà Nẵng,Sơn Trà,,,,80.0,1.0,3.0,1.0,16.060673,108.210449,8985406926,True
Shophouse Sơn Trà Đà Nẵng,Coverage row generated from market priors and Hugging Face schema.,Shophouse,Đà Nẵng,Sơn Trà,,,,120.0,3.0,1.0,1.0,16.032791,108.212926,15297767348,True
Shophouse Sơn Trà Đà Nẵng,Coverage row generated from market priors and Hugging Face schema.,Shophouse,Đà Nẵng,Sơn Trà,,,,180.0,3.0,1.0,4.0,16.060229,108.224825,22087747069,True
Shophouse Cẩm Lệ Đà Nẵng,Coverage row generated from market priors and Hugging Face schema.,Shophouse,Đà Nẵng,Cẩm Lệ,,,,45.0,3.0,4.0,2.0,16.044011,108.196866,5722088342,True
Shophouse Cẩm Lệ Đà Nẵng,Coverage row generated from market priors and Hugging Face schema.,Shophouse,Đà Nẵng,Cẩm Lệ,,,,60.0,1.0,1.0,1.0,16.056996,108.22061,6550669362,True
Shophouse Cẩm Lệ Đà Nẵng,Coverage row generated from market priors and Hugging Face schema.,Shophouse,Đà Nẵng,Cẩm Lệ,,,,80.0,4.0,5.0,4.0,16.04587,108.216574,11145208112,True
Shophouse Cẩm Lệ Đà Nẵng,Coverage row generated from market priors and Hugging Face schema.,Shophouse,Đà Nẵng,Cẩm Lệ,,,,120.0,1.0,1.0,4.0,16.036171,108.198449,14116850284,True
Shophouse Cẩm Lệ Đà Nẵng,Coverage row generated from market priors and Hugging Face schema.,Shophouse,Đà Nẵng,Cẩm Lệ,,,,180.0,2.0,1.0,1.0,16.059989,108.212919,22854762237,True
Đất Hải Châu Đà Nẵng,Coverage row generated from market priors and Hugging Face schema.,Đất,Đà Nẵng,Hải Châu,,,,45.0,0.0,0.0,0.0,16.060877,108.189004,3454487496,True
Đất Hải Châu Đà Nẵng,Coverage row generated from market priors and Hugging Face schema.,Đất,Đà Nẵng,Hải Châu,,,,60.0,0.0,0.0,0.0,16.030673,108.203908,4712356060,True
Đất Hải Châu Đà Nẵng,Coverage row generated from market priors and Hugging Face schema.,Đất,Đà Nẵng,Hải Châu,,,,80.0,0.0,0.0,0.0,16.033528,108.220744,6028378232,True
Đất Hải Châu Đà Nẵng,Coverage row generated from market priors and Hugging Face schema.,Đất,Đà Nẵng,Hải Châu,,,,120.0,0.0,0.0,0.0,16.047222,108.221616,8805270106,True
Đất Hải Châu Đà Nẵng,Coverage row generated from market priors and Hugging Face schema.,Đất,Đà Nẵng,Hải Châu,,,,180.0,0.0,0.0,0.0,16.054537,108.215836,12681731752,True
Đất Sơn Trà Đà Nẵng,Coverage row generated from market priors and Hugging Face schema.,Đất,Đà Nẵng,Sơn Trà,,,,45.0,0.0,0.0,0.0,16.035116,108.191053,3397100659,True
Đất Sơn Trà Đà Nẵng,Coverage row generated from market priors and Hugging Face schema.,Đất,Đà Nẵng,Sơn Trà,,,,60.0,0.0,0.0,0.0,16.026845,108.207975,4404441978,True
Đất Sơn Trà Đà Nẵng,Coverage row generated from market priors and Hugging Face schema.,Đất,Đà Nẵng,Sơn Trà,,,,80.0,0.0,0.0,0.0,16.043427,108.188936,6078320747,True
Đất Sơn Trà Đà Nẵng,Coverage row generated from market priors and Hugging Face schema.,Đất,Đà Nẵng,Sơn Trà,,,,120.0,0.0,0.0,0.0,16.063294,108.218833,9156373091,True
Đất Sơn Trà Đà Nẵng,Coverage row generated from market priors and Hugging Face schema.,Đất,Đà Nẵng,Sơn Trà,,,,180.0,0.0,0.0,0.0,16.036219,108.219658,12585587305,True
Đất Cẩm Lệ Đà Nẵng,Coverage row generated from market priors and Hugging Face schema.,Đất,Đà Nẵng,Cẩm Lệ,,,,45.0,0.0,0.0,0.0,16.022955,108.217333,3391365722,True
Đất Cẩm Lệ Đà Nẵng,Coverage row generated from market priors and Hugging Face schema.,Đất,Đà Nẵng,Cẩm Lệ,,,,60.0,0.0,0.0,0.0,16.043687,108.188195,4296231273,True
Đất Cẩm Lệ Đà Nẵng,Coverage row generated from market priors and Hugging Face schema.,Đất,Đà Nẵng,Cẩm Lệ,,,,80.0,0.0,0.0,0.0,16.044658,108.19911,5649523374,True
Đất Cẩm Lệ Đà Nẵng,Coverage row generated from market priors and Hugging Face schema.,Đất,Đà Nẵng,Cẩm Lệ,,,,120.0,0.0,0.0,0.0,16.038175,108.204905,8518984898,True
Đất Cẩm Lệ Đà Nẵng,Coverage row generated from market priors and Hugging Face schema.,Đất,Đà Nẵng,Cẩm Lệ,,,,180.0,0.0,0.0,0.0,16.033213,108.183491,13102749391,True
Biệt thự/Nhà liền kề Trung tâm Đắk Lắk,Coverage row generated from market priors and Hugging Face schema.,Biệt thự/Nhà liền kề,Đắk Lắk,Trung tâm,,,,45.0,2.0,1.0,4.0,12.667031,108.049707,1684553900,True
Biệt thự/Nhà liền kề Trung tâm Đắk Lắk,Coverage row generated from market priors and Hugging Face schema.,Biệt thự/Nhà liền kề,Đắk Lắk,Trung tâm,,,,60.0,4.0,4.0,3.0,12.667326,108.029418,2414470741,True
Biệt thự/Nhà liền kề Trung tâm Đắk Lắk,Coverage row generated from market priors and Hugging Face schema.,Biệt thự/Nhà liền kề,Đắk Lắk,Trung tâm,,,,80.0,1.0,5.0,2.0,12.663012,108.058079,2840642877,True
Biệt thự/Nhà liền kề Trung tâm Đắk Lắk,Coverage row generated from market priors and Hugging Face schema.,Biệt thự/Nhà liền kề,Đắk Lắk,Trung tâm,,,,120.0,5.0,2.0,2.0,12.677271,108.031951,4889791010,True
Biệt thự/Nhà liền kề Trung tâm Đắk Lắk,Coverage row generated from market priors and Hugging Face schema.,Biệt thự/Nhà liền kề,Đắk Lắk,Trung tâm,,,,180.0,1.0,1.0,4.0,12.680551,108.026764,6638822819,True
Căn hộ chung cư Trung tâm Đắk Lắk,Coverage row generated from market priors and Hugging Face schema.,Căn hộ chung cư,Đắk Lắk,Trung tâm,,,,45.0,5.0,1.0,3.0,12.684091,108.029706,797669145,True
Căn hộ chung cư Trung tâm Đắk Lắk,Coverage row generated from market priors and Hugging Face schema.,Căn hộ chung cư,Đắk Lắk,Trung tâm,,,,60.0,5.0,3.0,4.0,12.678726,108.061802,1209706880,True
Căn hộ chung cư Trung tâm Đắk Lắk,Coverage row generated from market priors and Hugging Face schema.,Căn hộ chung cư,Đắk Lắk,Trung tâm,,,,80.0,1.0,2.0,1.0,12.673558,108.044573,1494344619,True
Căn hộ chung cư Trung tâm Đắk Lắk,Coverage row generated from market priors and Hugging Face schema.,Căn hộ chung cư,Đắk Lắk,Trung tâm,,,,120.0,5.0,4.0,4.0,12.676413,108.020173,2444538998,True
Căn hộ chung cư Trung tâm Đắk Lắk,Coverage row generated from market priors and Hugging Face schema.,Căn hộ chung cư,Đắk Lắk,Trung tâm,,,,180.0,2.0,3.0,3.0,12.682369,108.059782,3806022747,True
Nhà Trung tâm Đắk Lắk,Coverage row generated from market priors and Hugging Face schema.,Nhà,Đắk Lắk,Trung tâm,,,,45.0,3.0,5.0,4.0,12.64509,108.05742,1477353214,True
Nhà Trung tâm Đắk Lắk,Coverage row generated from market priors and Hugging Face schema.,Nhà,Đắk Lắk,Trung tâm,,,,60.0,5.0,3.0,3.0,12.651809,108.037858,2019855972,True
Nhà Trung tâm Đắk Lắk,Coverage row generated from market priors and Hugging Face schema.,Nhà,Đắk Lắk,Trung tâm,,,,80.0,2.0,1.0,1.0,12.642267,108.063053,2213382833,True
Nhà Trung tâm Đắk Lắk,Coverage row generated from market priors and Hugging Face schema.,Nhà,Đắk Lắk,Trung tâm,,,,120.0,5.0,1.0,4.0,12.673774,108.025239,3918057876,True
Nhà Trung tâm Đắk Lắk,Coverage row generated from market priors and Hugging Face schema.,Nhà,Đắk Lắk,Trung tâm,,,,180.0,1.0,2.0,1.0,12.665869,108.043297,4945193425,True
Shophouse Trung tâm Đắk Lắk,Coverage row generated from market priors and Hugging Face schema.,Shophouse,Đắk Lắk,Trung tâm,,,,45.0,3.0,2.0,4.0,12.683828,108.020872,2144593755,True
Shophouse Trung tâm Đắk Lắk,Coverage row generated from market priors and Hugging Face schema.,Shophouse,Đắk Lắk,Trung tâm,,,,60.0,4.0,5.0,2.0,12.651846,108.052282,2973138087,True
Shophouse Trung tâm Đắk Lắk,Coverage row generated from market priors and Hugging Face schema.,Shophouse,Đắk Lắk,Trung tâm,,,,80.0,2.0,3.0,1.0,12.658486,108.015479,3480234236,True
Shophouse Trung tâm Đắk Lắk,Coverage row generated from market priors and Hugging Face schema.,Shophouse,Đắk Lắk,Trung tâm,,,,120.0,3.0,2.0,4.0,12.647771,108.036579,5124960059,True
Shophouse Trung tâm Đắk Lắk,Coverage row generated from market priors and Hugging Face schema.,Shophouse,Đắk Lắk,Trung tâm,,,,180.0,4.0,2.0,4.0,12.669573,108.042722,8832943697,True
Đất Trung tâm Đắk Lắk,Coverage row generated from market priors and Hugging Face schema.,Đất,Đắk Lắk,Trung tâm,,,,45.0,0.0,0.0,0.0,12.665188,108.04433,1159607466,True
Đất Trung tâm Đắk Lắk,Coverage row generated from market priors and Hugging Face schema.,Đất,Đắk Lắk,Trung tâm,,,,60.0,0.0,0.0,0.0,12.689881,108.032577,1626093648,True
Đất Trung tâm Đắk Lắk,Coverage row generated from market priors and Hugging Face schema.,Đất,Đắk Lắk,Trung tâm,,,,80.0,0.0,0.0,0.0,12.660319,108.030456,2116135692,True
Đất Trung tâm Đắk Lắk,Coverage row generated from market priors and Hugging Face schema.,Đất,Đắk Lắk,Trung tâm,,,,120.0,0.0,0.0,0.0,12.650149,108.058237,3082813600,True
Đất Trung tâm Đắk Lắk,Coverage row generated from market priors and Hugging Face schema.,Đất,Đắk Lắk,Trung tâm,,,,180.0,0.0,0.0,0.0,12.664915,108.01975,4616433643,True
Biệt thự/Nhà liền kề Trung tâm Đắk Nông,Coverage row generated from market priors and Hugging Face schema.,Biệt thự/Nhà liền kề,Đắk Nông,Trung tâm,,,,45.0,3.0,5.0,4.0,12.266658,107.602656,1498877861,True
Biệt thự/Nhà liền kề Trung tâm Đắk Nông,Coverage row generated from market priors and Hugging Face schema.,Biệt thự/Nhà liền kề,Đắk Nông,Trung tâm,,,,60.0,4.0,4.0,4.0,12.285357,107.630291,1913890853,True
Biệt thự/Nhà liền kề Trung tâm Đắk Nông,Coverage row generated from market priors and Hugging Face schema.,Biệt thự/Nhà liền kề,Đắk Nông,Trung tâm,,,,80.0,2.0,3.0,2.0,12.262658,107.608967,2390396317,True
Biệt thự/Nhà liền kề Trung tâm Đắk Nông,Coverage row generated from market priors and Hugging Face schema.,Biệt thự/Nhà liền kề,Đắk Nông,Trung tâm,,,,120.0,4.0,4.0,3.0,12.27745,107.632488,4171032234,True
Biệt thự/Nhà liền kề Trung tâm Đắk Nông,Coverage row generated from market priors and Hugging Face schema.,Biệt thự/Nhà liền kề,Đắk Nông,Trung tâm,,,,180.0,4.0,4.0,2.0,12.288803,107.609863,5986101192,True
Căn hộ chung cư Trung tâm Đắk Nông,Coverage row generated from market priors and Hugging Face schema.,Căn hộ chung cư,Đắk Nông,Trung tâm,,,,45.0,3.0,5.0,4.0,12.249471,107.609478,797238054,True
Căn hộ chung cư Trung tâm Đắk Nông,Coverage row generated from market priors and Hugging Face schema.,Căn hộ chung cư,Đắk Nông,Trung tâm,,,,60.0,5.0,1.0,4.0,12.277173,107.615065,924620140,True
Căn hộ chung cư Trung tâm Đắk Nông,Coverage row generated from market priors and Hugging Face schema.,Căn hộ chung cư,Đắk Nông,Trung tâm,,,,80.0,5.0,3.0,1.0,12.260279,107.601085,1258838977,True
Căn hộ chung cư Trung tâm Đắk Nông,Coverage row generated from market priors and Hugging Face schema.,Căn hộ chung cư,Đắk Nông,Trung tâm,,,,120.0,1.0,2.0,2.0,12.278682,107.590149,1975895015,True
Căn hộ chung cư Trung tâm Đắk Nông,Coverage row generated from market priors and Hugging Face schema.,Căn hộ chung cư,Đắk Nông,Trung tâm,,,,180.0,5.0,5.0,2.0,12.262161,107.634236,3221527476,True
Nhà Trung tâm Đắk Nông,Coverage row generated from market priors and Hugging Face schema.,Nhà,Đắk Nông,Trung tâm,,,,45.0,5.0,4.0,1.0,12.251192,107.625743,1224881138,True
Nhà Trung tâm Đắk Nông,Coverage row generated from market priors and Hugging Face schema.,Nhà,Đắk Nông,Trung tâm,,,,60.0,2.0,4.0,1.0,12.270462,107.627219,1386333986,True
Nhà Trung tâm Đắk Nông,Coverage row generated from market priors and Hugging Face schema.,Nhà,Đắk Nông,Trung tâm,,,,80.0,4.0,5.0,3.0,12.275861,107.631467,2051661198,True
Nhà Trung tâm Đắk Nông,Coverage row generated from market priors and Hugging Face schema.,Nhà,Đắk Nông,Trung tâm,,,,120.0,4.0,2.0,1.0,12.260102,107.617863,3072161477,True
Nhà Trung tâm Đắk Nông,Coverage row generated from market priors and Hugging Face schema.,Nhà,Đắk Nông,Trung tâm,,,,180.0,4.0,3.0,2.0,12.28702,107.6343,4488796755,True
Shophouse Trung tâm Đắk Nông,Coverage row generated from market priors and Hugging Face schema.,Shophouse,Đắk Nông,Trung tâm,,,,45.0,1.0,4.0,1.0,12.26112,107.605325,1539470166,True
Shophouse Trung tâm Đắk Nông,Coverage row generated from market priors and Hugging Face schema.,Shophouse,Đắk Nông,Trung tâm,,,,60.0,3.0,2.0,3.0,12.247395,107.588847,2119616648,True
Shophouse Trung tâm Đắk Nông,Coverage row generated from market priors and Hugging Face schema.,Shophouse,Đắk Nông,Trung tâm,,,,80.0,1.0,4.0,3.0,12.24067,107.616197,2808278474,True
Shophouse Trung tâm Đắk Nông,Coverage row generated from market priors and Hugging Face schema.,Shophouse,Đắk Nông,Trung tâm,,,,120.0,4.0,3.0,4.0,12.271376,107.629578,4755741241,True
Shophouse Trung tâm Đắk Nông,Coverage row generated from market priors and Hugging Face schema.,Shophouse,Đắk Nông,Trung tâm,,,,180.0,3.0,1.0,4.0,12.248671,107.58953,6829960047,True
Đất Trung tâm Đắk Nông,Coverage row generated from market priors and Hugging Face schema.,Đất,Đắk Nông,Trung tâm,,,,45.0,0.0,0.0,0.0,12.260996,107.630133,928454969,True
Đất Trung tâm Đắk Nông,Coverage row generated from market priors and Hugging Face schema.,Đất,Đắk Nông,Trung tâm,,,,60.0,0.0,0.0,0.0,12.253729,107.590293,1212770015,True
Đất Trung tâm Đắk Nông,Coverage row generated from market priors and Hugging Face schema.,Đất,Đắk Nông,Trung tâm,,,,80.0,0.0,0.0,0.0,12.278628,107.623336,1750755889,True
Đất Trung tâm Đắk Nông,Coverage row generated from market priors and Hugging Face schema.,Đất,Đắk Nông,Trung tâm,,,,120.0,0.0,0.0,0.0,12.278415,107.622946,2424031613,True
Đất Trung tâm Đắk Nông,Coverage row generated from market priors and Hugging Face schema.,Đất,Đắk Nông,Trung tâm,,,,180.0,0.0,0.0,0.0,12.271449,107.599908,3577571200,True
Biệt thự/Nhà liền kề Trung tâm Điện Biên,Coverage row generated from market priors and Hugging Face schema.,Biệt thự/Nhà liền kề,Điện Biên,Trung tâm,,,,45.0,5.0,1.0,3.0,21.410366,103.019906,1127764171,True
Biệt thự/Nhà liền kề Trung tâm Điện Biên,Coverage row generated from market priors and Hugging Face schema.,Biệt thự/Nhà liền kề,Điện Biên,Trung tâm,,,,60.0,3.0,2.0,3.0,21.385713,103.011123,1426878040,True
Biệt thự/Nhà liền kề Trung tâm Điện Biên,Coverage row generated from market priors and Hugging Face schema.,Biệt thự/Nhà liền kề,Điện Biên,Trung tâm,,,,80.0,4.0,3.0,4.0,21.370025,103.033431,1998988959,True
Biệt thự/Nhà liền kề Trung tâm Điện Biên,Coverage row generated from market priors and Hugging Face schema.,Biệt thự/Nhà liền kề,Điện Biên,Trung tâm,,,,120.0,5.0,5.0,2.0,21.368947,102.9986,3145716205,True
Biệt thự/Nhà liền kề Trung tâm Điện Biên,Coverage row generated from market priors and Hugging Face schema.,Biệt thự/Nhà liền kề,Điện Biên,Trung tâm,,,,180.0,5.0,2.0,3.0,21.399945,103.04722,4575780366,True
Căn hộ chung cư Trung tâm Điện Biên,Coverage row generated from market priors and Hugging Face schema.,Căn hộ chung cư,Điện Biên,Trung tâm,,,,45.0,3.0,4.0,4.0,21.40972,103.037311,527513621,True
Căn hộ chung cư Trung tâm Điện Biên,Coverage row generated from market priors and Hugging Face schema.,Căn hộ chung cư,Điện Biên,Trung tâm,,,,60.0,1.0,5.0,1.0,21.375757,103.000669,774061383,True
Căn hộ chung cư Trung tâm Điện Biên,Coverage row generated from market priors and Hugging Face schema.,Căn hộ chung cư,Điện Biên,Trung tâm,,,,80.0,5.0,1.0,3.0,21.394876,103.024605,907408009,True
Căn hộ chung cư Trung tâm Điện Biên,Coverage row generated from market priors and Hugging Face schema.,Căn hộ chung cư,Điện Biên,Trung tâm,,,,120.0,4.0,1.0,2.0,21.388972,103.001094,1283642663,True
Căn hộ chung cư Trung tâm Điện Biên,Coverage row generated from market priors and Hugging Face schema.,Căn hộ chung cư,Điện Biên,Trung tâm,,,,180.0,4.0,5.0,3.0,21.40758,103.02466,2246387352,True
Nhà Trung tâm Điện Biên,Coverage row generated from market priors and Hugging Face schema.,Nhà,Điện Biên,Trung tâm,,,,45.0,1.0,2.0,4.0,21.403761,103.000206,769952600,True
Nhà Trung tâm Điện Biên,Coverage row generated from market priors and Hugging Face schema.,Nhà,Điện Biên,Trung tâm,,,,60.0,3.0,2.0,3.0,21.3922,103.039914,1147297208,True
Nhà Trung tâm Điện Biên,Coverage row generated from market priors and Hugging Face schema.,Nhà,Điện Biên,Trung tâm,,,,80.0,1.0,4.0,3.0,21.393416,103.004799,1337718603,True
Nhà Trung tâm Điện Biên,Coverage row generated from market priors and Hugging Face schema.,Nhà,Điện Biên,Trung tâm,,,,120.0,5.0,4.0,4.0,21.391065,103.025685,2333642209,True
Nhà Trung tâm Điện Biên,Coverage row generated from market priors and Hugging Face schema.,Nhà,Điện Biên,Trung tâm,,,,180.0,1.0,4.0,4.0,21.368101,103.037556,3207943779,True
Shophouse Trung tâm Điện Biên,Coverage row generated from market priors and Hugging Face schema.,Shophouse,Điện Biên,Trung tâm,,,,45.0,5.0,5.0,1.0,21.378103,103.035075,1332135172,True
Shophouse Trung tâm Điện Biên,Coverage row generated from market priors and Hugging Face schema.,Shophouse,Điện Biên,Trung tâm,,,,60.0,2.0,4.0,2.0,21.388559,103.005636,1516832160,True
Shophouse Trung tâm Điện Biên,Coverage row generated from market priors and Hugging Face schema.,Shophouse,Điện Biên,Trung tâm,,,,80.0,2.0,4.0,2.0,21.369683,103.026949,2017780402,True
Shophouse Trung tâm Điện Biên,Coverage row generated from market priors and Hugging Face schema.,Shophouse,Điện Biên,Trung tâm,,,,120.0,1.0,4.0,3.0,21.388912,103.009425,3074316924,True
Shophouse Trung tâm Điện Biên,Coverage row generated from market priors and Hugging Face schema.,Shophouse,Điện Biên,Trung tâm,,,,180.0,3.0,5.0,1.0,21.399765,103.044909,4830246635,True
Đất Trung tâm Điện Biên,Coverage row generated from market priors and Hugging Face schema.,Đất,Điện Biên,Trung tâm,,,,45.0,0.0,0.0,0.0,21.37795,103.04491,683314524,True
Đất Trung tâm Điện Biên,Coverage row generated from market priors and Hugging Face schema.,Đất,Điện Biên,Trung tâm,,,,60.0,0.0,0.0,0.0,21.397696,103.01884,922174921,True
Đất Trung tâm Điện Biên,Coverage row generated from market priors and Hugging Face schema.,Đất,Điện Biên,Trung tâm,,,,80.0,0.0,0.0,0.0,21.409519,103.01299,1229821937,True
Đất Trung tâm Điện Biên,Coverage row generated from market priors and Hugging Face schema.,Đất,Điện Biên,Trung tâm,,,,120.0,0.0,0.0,0.0,21.382967,103.035637,1768979825,True
Đất Trung tâm Điện Biên,Coverage row generated from market priors and Hugging Face schema.,Đất,Điện Biên,Trung tâm,,,,180.0,0.0,0.0,0.0,21.393317,103.032137,2647590095,True
Biệt thự/Nhà liền kề Biên Hòa Đồng Nai,Coverage row generated from market priors and Hugging Face schema.,Biệt thự/Nhà liền kề,Đồng Nai,Biên Hòa,,,,45.0,1.0,5.0,4.0,10.937873,106.849648,2856759672,True
Biệt thự/Nhà liền kề Biên Hòa Đồng Nai,Coverage row generated from market priors and Hugging Face schema.,Biệt thự/Nhà liền kề,Đồng Nai,Biên Hòa,,,,60.0,3.0,4.0,3.0,10.943205,106.851367,4241030341,True
Biệt thự/Nhà liền kề Biên Hòa Đồng Nai,Coverage row generated from market priors and Hugging Face schema.,Biệt thự/Nhà liền kề,Đồng Nai,Biên Hòa,,,,80.0,3.0,4.0,4.0,10.942262,106.842669,5981396044,True
Biệt thự/Nhà liền kề Biên Hòa Đồng Nai,Coverage row generated from market priors and Hugging Face schema.,Biệt thự/Nhà liền kề,Đồng Nai,Biên Hòa,,,,120.0,1.0,5.0,1.0,10.948442,106.840871,7616296807,True
Biệt thự/Nhà liền kề Biên Hòa Đồng Nai,Coverage row generated from market priors and Hugging Face schema.,Biệt thự/Nhà liền kề,Đồng Nai,Biên Hòa,,,,180.0,1.0,2.0,1.0,10.943013,106.857251,11426738781,True
Căn hộ chung cư Biên Hòa Đồng Nai,Coverage row generated from market priors and Hugging Face schema.,Căn hộ chung cư,Đồng Nai,Biên Hòa,,,,45.0,5.0,1.0,2.0,10.940138,106.859787,1548706640,True
Căn hộ chung cư Biên Hòa Đồng Nai,Coverage row generated from market priors and Hugging Face schema.,Căn hộ chung cư,Đồng Nai,Biên Hòa,,,,60.0,4.0,3.0,3.0,10.953382,106.85986,2039420202,True
Căn hộ chung cư Biên Hòa Đồng Nai,Coverage row generated from market priors and Hugging Face schema.,Căn hộ chung cư,Đồng Nai,Biên Hòa,,,,80.0,4.0,1.0,4.0,10.955361,106.857616,2815589808,True
Căn hộ chung cư Biên Hòa Đồng Nai,Coverage row generated from market priors and Hugging Face schema.,Căn hộ chung cư,Đồng Nai,Biên Hòa,,,,120.0,2.0,3.0,2.0,10.946041,106.852412,4122332624,True
Căn hộ chung cư Biên Hòa Đồng Nai,Coverage row generated from market priors and Hugging Face schema.,Căn hộ chung cư,Đồng Nai,Biên Hòa,,,,180.0,5.0,1.0,4.0,10.940558,106.834638,5979376061,True
Nhà Biên Hòa Đồng Nai,Coverage row generated from market priors and Hugging Face schema.,Nhà,Đồng Nai,Biên Hòa,,,,45.0,2.0,2.0,3.0,10.97437,106.867293,2485670238,True
Nhà Biên Hòa Đồng Nai,Coverage row generated from market priors and Hugging Face schema.,Nhà,Đồng Nai,Biên Hòa,,,,60.0,4.0,3.0,1.0,10.96407,106.849858,3341661250,True
Nhà Biên Hòa Đồng Nai,Coverage row generated from market priors and Hugging Face schema.,Nhà,Đồng Nai,Biên Hòa,,,,80.0,3.0,2.0,4.0,10.951337,106.863584,4314163473,True
Nhà Biên Hòa Đồng Nai,Coverage row generated from market priors and Hugging Face schema.,Nhà,Đồng Nai,Biên Hòa,,,,120.0,1.0,4.0,2.0,10.9732,106.860986,6378080871,True
Nhà Biên Hòa Đồng Nai,Coverage row generated from market priors and Hugging Face schema.,Nhà,Đồng Nai,Biên Hòa,,,,180.0,3.0,2.0,2.0,10.957763,106.855563,10330217703,True
Shophouse Biên Hòa Đồng Nai,Coverage row generated from market priors and Hugging Face schema.,Shophouse,Đồng Nai,Biên Hòa,,,,45.0,4.0,3.0,1.0,10.936037,106.852425,3561814358,True
Shophouse Biên Hòa Đồng Nai,Coverage row generated from market priors and Hugging Face schema.,Shophouse,Đồng Nai,Biên Hòa,,,,60.0,1.0,4.0,2.0,10.974024,106.851393,4596266377,True
Shophouse Biên Hòa Đồng Nai,Coverage row generated from market priors and Hugging Face schema.,Shophouse,Đồng Nai,Biên Hòa,,,,80.0,2.0,4.0,2.0,10.971137,106.858939,6546548829,True
Shophouse Biên Hòa Đồng Nai,Coverage row generated from market priors and Hugging Face schema.,Shophouse,Đồng Nai,Biên Hòa,,,,120.0,4.0,4.0,4.0,10.962289,106.842262,9959905957,True
Shophouse Biên Hòa Đồng Nai,Coverage row generated from market priors and Hugging Face schema.,Shophouse,Đồng Nai,Biên Hòa,,,,180.0,4.0,4.0,2.0,10.959404,106.854607,15849413236,True
Đất Biên Hòa Đồng Nai,Coverage row generated from market priors and Hugging Face schema.,Đất,Đồng Nai,Biên Hòa,,,,45.0,0.0,0.0,0.0,10.95266,106.818968,1983342394,True
Đất Biên Hòa Đồng Nai,Coverage row generated from market priors and Hugging Face schema.,Đất,Đồng Nai,Biên Hòa,,,,60.0,0.0,0.0,0.0,10.971822,106.861457,2698388066,True
Đất Biên Hòa Đồng Nai,Coverage row generated from market priors and Hugging Face schema.,Đất,Đồng Nai,Biên Hòa,,,,80.0,0.0,0.0,0.0,10.94431,106.832463,3667683633,True
Đất Biên Hòa Đồng Nai,Coverage row generated from market priors and Hugging Face schema.,Đất,Đồng Nai,Biên Hòa,,,,120.0,0.0,0.0,0.0,10.981101,106.846642,5256208647,True
Đất Biên Hòa Đồng Nai,Coverage row generated from market priors and Hugging Face schema.,Đất,Đồng Nai,Biên Hòa,,,,180.0,0.0,0.0,0.0,10.936998,106.828374,8523611084,True
Biệt thự/Nhà liền kề Trung tâm Đồng Tháp,Coverage row generated from market priors and Hugging Face schema.,Biệt thự/Nhà liền kề,Đồng Tháp,Trung tâm,,,,45.0,3.0,5.0,4.0,10.481754,105.677026,1638556275,True
Biệt thự/Nhà liền kề Trung tâm Đồng Tháp,Coverage row generated from market priors and Hugging Face schema.,Biệt thự/Nhà liền kề,Đồng Tháp,Trung tâm,,,,60.0,1.0,4.0,2.0,10.473109,105.678317,2113633782,True
Biệt thự/Nhà liền kề Trung tâm Đồng Tháp,Coverage row generated from market priors and Hugging Face schema.,Biệt thự/Nhà liền kề,Đồng Tháp,Trung tâm,,,,80.0,5.0,3.0,4.0,10.49847,105.687832,3149290035,True
Biệt thự/Nhà liền kề Trung tâm Đồng Tháp,Coverage row generated from market priors and Hugging Face schema.,Biệt thự/Nhà liền kề,Đồng Tháp,Trung tâm,,,,120.0,4.0,3.0,2.0,10.471688,105.693082,4913579000,True
Biệt thự/Nhà liền kề Trung tâm Đồng Tháp,Coverage row generated from market priors and Hugging Face schema.,Biệt thự/Nhà liền kề,Đồng Tháp,Trung tâm,,,,180.0,2.0,1.0,4.0,10.502822,105.671322,6413254225,True
Căn hộ chung cư Trung tâm Đồng Tháp,Coverage row generated from market priors and Hugging Face schema.,Căn hộ chung cư,Đồng Tháp,Trung tâm,,,,45.0,3.0,3.0,4.0,10.517601,105.706383,915420404,True
Căn hộ chung cư Trung tâm Đồng Tháp,Coverage row generated from market priors and Hugging Face schema.,Căn hộ chung cư,Đồng Tháp,Trung tâm,,,,60.0,5.0,1.0,2.0,10.517897,105.67169,1075435200,True
Căn hộ chung cư Trung tâm Đồng Tháp,Coverage row generated from market priors and Hugging Face schema.,Căn hộ chung cư,Đồng Tháp,Trung tâm,,,,80.0,3.0,4.0,3.0,10.472226,105.707843,1639389610,True
Căn hộ chung cư Trung tâm Đồng Tháp,Coverage row generated from market priors and Hugging Face schema.,Căn hộ chung cư,Đồng Tháp,Trung tâm,,,,120.0,2.0,1.0,2.0,10.485803,105.667061,2155036747,True
Căn hộ chung cư Trung tâm Đồng Tháp,Coverage row generated from market priors and Hugging Face schema.,Căn hộ chung cư,Đồng Tháp,Trung tâm,,,,180.0,2.0,2.0,2.0,10.517045,105.686857,3210288216,True
Nhà Trung tâm Đồng Tháp,Coverage row generated from market priors and Hugging Face schema.,Nhà,Đồng Tháp,Trung tâm,,,,45.0,2.0,5.0,4.0,10.472546,105.699527,1287215933,True
Nhà Trung tâm Đồng Tháp,Coverage row generated from market priors and Hugging Face schema.,Nhà,Đồng Tháp,Trung tâm,,,,60.0,4.0,2.0,4.0,10.482908,105.699711,1868915826,True
Nhà Trung tâm Đồng Tháp,Coverage row generated from market priors and Hugging Face schema.,Nhà,Đồng Tháp,Trung tâm,,,,80.0,3.0,1.0,2.0,10.489472,105.673435,2318472864,True
Nhà Trung tâm Đồng Tháp,Coverage row generated from market priors and Hugging Face schema.,Nhà,Đồng Tháp,Trung tâm,,,,120.0,3.0,4.0,3.0,10.481531,105.712498,3516438727,True
Nhà Trung tâm Đồng Tháp,Coverage row generated from market priors and Hugging Face schema.,Nhà,Đồng Tháp,Trung tâm,,,,180.0,1.0,1.0,3.0,10.492188,105.687883,4642845032,True
Shophouse Trung tâm Đồng Tháp,Coverage row generated from market priors and Hugging Face schema.,Shophouse,Đồng Tháp,Trung tâm,,,,45.0,4.0,5.0,1.0,10.475727,105.667986,2035841956,True
Shophouse Trung tâm Đồng Tháp,Coverage row generated from market priors and Hugging Face schema.,Shophouse,Đồng Tháp,Trung tâm,,,,60.0,1.0,1.0,3.0,10.503057,105.682367,2229146643,True
Shophouse Trung tâm Đồng Tháp,Coverage row generated from market priors and Hugging Face schema.,Shophouse,Đồng Tháp,Trung tâm,,,,80.0,2.0,2.0,2.0,10.482136,105.710774,3096161218,True
Shophouse Trung tâm Đồng Tháp,Coverage row generated from market priors and Hugging Face schema.,Shophouse,Đồng Tháp,Trung tâm,,,,120.0,5.0,3.0,2.0,10.500404,105.686876,5495565213,True
Shophouse Trung tâm Đồng Tháp,Coverage row generated from market priors and Hugging Face schema.,Shophouse,Đồng Tháp,Trung tâm,,,,180.0,4.0,2.0,4.0,10.517489,105.68273,8211137729,True
Đất Trung tâm Đồng Tháp,Coverage row generated from market priors and Hugging Face schema.,Đất,Đồng Tháp,Trung tâm,,,,45.0,0.0,0.0,0.0,10.476276,105.698275,1097530887,True
Đất Trung tâm Đồng Tháp,Coverage row generated from market priors and Hugging Face schema.,Đất,Đồng Tháp,Trung tâm,,,,60.0,0.0,0.0,0.0,10.5135,105.68615,1539423338,True
Đất Trung tâm Đồng Tháp,Coverage row generated from market priors and Hugging Face schema.,Đất,Đồng Tháp,Trung tâm,,,,80.0,0.0,0.0,0.0,10.478456,105.681962,1930387712,True
Đất Trung tâm Đồng Tháp,Coverage row generated from market priors and Hugging Face schema.,Đất,Đồng Tháp,Trung tâm,,,,120.0,0.0,0.0,0.0,10.51101,105.69761,3103013352,True
Đất Trung tâm Đồng Tháp,Coverage row generated from market priors and Hugging Face schema.,Đất,Đồng Tháp,Trung tâm,,,,180.0,0.0,0.0,0.0,10.503428,105.707263,4502667262,True
Biệt thự/Nhà liền kề Trung tâm Gia Lai,Coverage row generated from market priors and Hugging Face schema.,Biệt thự/Nhà liền kề,Gia Lai,Trung tâm,,,,45.0,2.0,4.0,1.0,13.99323,107.983598,1473021875,True
Biệt thự/Nhà liền kề Trung tâm Gia Lai,Coverage row generated from market priors and Hugging Face schema.,Biệt thự/Nhà liền kề,Gia Lai,Trung tâm,,,,60.0,5.0,5.0,2.0,13.995458,107.991126,2174100645,True
Biệt thự/Nhà liền kề Trung tâm Gia Lai,Coverage row generated from market priors and Hugging Face schema.,Biệt thự/Nhà liền kề,Gia Lai,Trung tâm,,,,80.0,2.0,3.0,3.0,13.974864,107.995886,2705363475,True
Biệt thự/Nhà liền kề Trung tâm Gia Lai,Coverage row generated from market priors and Hugging Face schema.,Biệt thự/Nhà liền kề,Gia Lai,Trung tâm,,,,120.0,2.0,2.0,3.0,14.007881,108.023015,3723852019,True
Biệt thự/Nhà liền kề Trung tâm Gia Lai,Coverage row generated from market priors and Hugging Face schema.,Biệt thự/Nhà liền kề,Gia Lai,Trung tâm,,,,180.0,4.0,4.0,2.0,13.961508,108.017621,5853235738,True
Căn hộ chung cư Trung tâm Gia Lai,Coverage row generated from market priors and Hugging Face schema.,Căn hộ chung cư,Gia Lai,Trung tâm,,,,45.0,2.0,4.0,2.0,13.984663,107.990831,820244832,True
Căn hộ chung cư Trung tâm Gia Lai,Coverage row generated from market priors and Hugging Face schema.,Căn hộ chung cư,Gia Lai,Trung tâm,,,,60.0,5.0,2.0,3.0,13.982392,108.013981,1014111829,True
Căn hộ chung cư Trung tâm Gia Lai,Coverage row generated from market priors and Hugging Face schema.,Căn hộ chung cư,Gia Lai,Trung tâm,,,,80.0,2.0,4.0,1.0,14.003941,107.983429,1428298755,True
Căn hộ chung cư Trung tâm Gia Lai,Coverage row generated from market priors and Hugging Face schema.,Căn hộ chung cư,Gia Lai,Trung tâm,,,,120.0,3.0,3.0,1.0,14.00718,107.975138,1934183830,True
Căn hộ chung cư Trung tâm Gia Lai,Coverage row generated from market priors and Hugging Face schema.,Căn hộ chung cư,Gia Lai,Trung tâm,,,,180.0,2.0,3.0,4.0,13.964877,107.990275,3231953608,True
Nhà Trung tâm Gia Lai,Coverage row generated from market priors and Hugging Face schema.,Nhà,Gia Lai,Trung tâm,,,,45.0,3.0,2.0,3.0,13.959595,108.000886,1193785516,True
Nhà Trung tâm Gia Lai,Coverage row generated from market priors and Hugging Face schema.,Nhà,Gia Lai,Trung tâm,,,,60.0,2.0,1.0,3.0,13.980978,107.983912,1423228261,True
Nhà Trung tâm Gia Lai,Coverage row generated from market priors and Hugging Face schema.,Nhà,Gia Lai,Trung tâm,,,,80.0,1.0,1.0,1.0,13.959437,108.008292,1958673590,True
Nhà Trung tâm Gia Lai,Coverage row generated from market priors and Hugging Face schema.,Nhà,Gia Lai,Trung tâm,,,,120.0,2.0,4.0,1.0,14.004605,108.016808,2946738699,True
Nhà Trung tâm Gia Lai,Coverage row generated from market priors and Hugging Face schema.,Nhà,Gia Lai,Trung tâm,,,,180.0,4.0,2.0,1.0,13.973771,108.001546,4579592468,True
Shophouse Trung tâm Gia Lai,Coverage row generated from market priors and Hugging Face schema.,Shophouse,Gia Lai,Trung tâm,,,,45.0,4.0,4.0,4.0,13.99594,107.991513,1931296976,True
Shophouse Trung tâm Gia Lai,Coverage row generated from market priors and Hugging Face schema.,Shophouse,Gia Lai,Trung tâm,,,,60.0,3.0,3.0,4.0,13.978942,108.005122,2274743773,True
Shophouse Trung tâm Gia Lai,Coverage row generated from market priors and Hugging Face schema.,Shophouse,Gia Lai,Trung tâm,,,,80.0,5.0,5.0,1.0,13.982865,108.019503,3497799521,True
Shophouse Trung tâm Gia Lai,Coverage row generated from market priors and Hugging Face schema.,Shophouse,Gia Lai,Trung tâm,,,,120.0,2.0,1.0,3.0,14.000591,107.992107,4455187787,True
Shophouse Trung tâm Gia Lai,Coverage row generated from market priors and Hugging Face schema.,Shophouse,Gia Lai,Trung tâm,,,,180.0,1.0,5.0,2.0,13.971062,108.020375,6752367321,True
Đất Trung tâm Gia Lai,Coverage row generated from market priors and Hugging Face schema.,Đất,Gia Lai,Trung tâm,,,,45.0,0.0,0.0,0.0,13.978676,107.98328,1022381841,True
Đất Trung tâm Gia Lai,Coverage row generated from market priors and Hugging Face schema.,Đất,Gia Lai,Trung tâm,,,,60.0,0.0,0.0,0.0,14.003989,107.98759,1241078009,True
Đất Trung tâm Gia Lai,Coverage row generated from market priors and Hugging Face schema.,Đất,Gia Lai,Trung tâm,,,,80.0,0.0,0.0,0.0,13.995051,107.988031,1773519583,True
Đất Trung tâm Gia Lai,Coverage row generated from market priors and Hugging Face schema.,Đất,Gia Lai,Trung tâm,,,,120.0,0.0,0.0,0.0,13.995482,108.011922,2619487514,True
Đất Trung tâm Gia Lai,Coverage row generated from market priors and Hugging Face schema.,Đất,Gia Lai,Trung tâm,,,,180.0,0.0,0.0,0.0,13.966328,108.024202,4072875876,True
Biệt thự/Nhà liền kề Trung tâm Hà Giang,Coverage row generated from market priors and Hugging Face schema.,Biệt thự/Nhà liền kề,Hà Giang,Trung tâm,,,,45.0,4.0,1.0,3.0,22.807425,104.990953,1066966926,True
Biệt thự/Nhà liền kề Trung tâm Hà Giang,Coverage row generated from market priors and Hugging Face schema.,Biệt thự/Nhà liền kề,Hà Giang,Trung tâm,,,,60.0,4.0,4.0,4.0,22.827358,104.965242,1492632985,True
Biệt thự/Nhà liền kề Trung tâm Hà Giang,Coverage row generated from market priors and Hugging Face schema.,Biệt thự/Nhà liền kề,Hà Giang,Trung tâm,,,,80.0,4.0,1.0,4.0,22.837529,104.979185,1982199815,True
Biệt thự/Nhà liền kề Trung tâm Hà Giang,Coverage row generated from market priors and Hugging Face schema.,Biệt thự/Nhà liền kề,Hà Giang,Trung tâm,,,,120.0,1.0,3.0,3.0,22.840954,104.992504,2680195750,True
Biệt thự/Nhà liền kề Trung tâm Hà Giang,Coverage row generated from market priors and Hugging Face schema.,Biệt thự/Nhà liền kề,Hà Giang,Trung tâm,,,,180.0,1.0,1.0,1.0,22.832769,104.974557,3857600169,True
Căn hộ chung cư Trung tâm Hà Giang,Coverage row generated from market priors and Hugging Face schema.,Căn hộ chung cư,Hà Giang,Trung tâm,,,,45.0,4.0,4.0,2.0,22.818509,104.967387,616908993,True
Căn hộ chung cư Trung tâm Hà Giang,Coverage row generated from market priors and Hugging Face schema.,Căn hộ chung cư,Hà Giang,Trung tâm,,,,60.0,1.0,2.0,2.0,22.834666,105.000622,725337223,True
Căn hộ chung cư Trung tâm Hà Giang,Coverage row generated from market priors and Hugging Face schema.,Căn hộ chung cư,Hà Giang,Trung tâm,,,,80.0,5.0,5.0,2.0,22.808703,104.982415,1126167181,True
Căn hộ chung cư Trung tâm Hà Giang,Coverage row generated from market priors and Hugging Face schema.,Căn hộ chung cư,Hà Giang,Trung tâm,,,,120.0,1.0,1.0,4.0,22.799161,104.96895,1443985115,True
Căn hộ chung cư Trung tâm Hà Giang,Coverage row generated from market priors and Hugging Face schema.,Căn hộ chung cư,Hà Giang,Trung tâm,,,,180.0,4.0,4.0,3.0,22.842304,104.970699,2265230716,True
Nhà Trung tâm Hà Giang,Coverage row generated from market priors and Hugging Face schema.,Nhà,Hà Giang,Trung tâm,,,,45.0,1.0,3.0,2.0,22.844788,104.997029,790458638,True
Nhà Trung tâm Hà Giang,Coverage row generated from market priors and Hugging Face schema.,Nhà,Hà Giang,Trung tâm,,,,60.0,2.0,1.0,2.0,22.818794,104.961511,1069115486,True
Nhà Trung tâm Hà Giang,Coverage row generated from market priors and Hugging Face schema.,Nhà,Hà Giang,Trung tâm,,,,80.0,3.0,5.0,4.0,22.839234,104.965086,1626202083,True
Nhà Trung tâm Hà Giang,Coverage row generated from market priors and Hugging Face schema.,Nhà,Hà Giang,Trung tâm,,,,120.0,2.0,3.0,2.0,22.815911,104.97239,2183032600,True
Nhà Trung tâm Hà Giang,Coverage row generated from market priors and Hugging Face schema.,Nhà,Hà Giang,Trung tâm,,,,180.0,3.0,3.0,2.0,22.815895,104.982063,3467180036,True
Shophouse Trung tâm Hà Giang,Coverage row generated from market priors and Hugging Face schema.,Shophouse,Hà Giang,Trung tâm,,,,45.0,4.0,2.0,4.0,22.838192,105.006497,1380179772,True
Shophouse Trung tâm Hà Giang,Coverage row generated from market priors and Hugging Face schema.,Shophouse,Hà Giang,Trung tâm,,,,60.0,4.0,5.0,3.0,22.83867,104.959051,1869515646,True
Shophouse Trung tâm Hà Giang,Coverage row generated from market priors and Hugging Face schema.,Shophouse,Hà Giang,Trung tâm,,,,80.0,4.0,4.0,1.0,22.806385,104.970789,2483694511,True
Shophouse Trung tâm Hà Giang,Coverage row generated from market priors and Hugging Face schema.,Shophouse,Hà Giang,Trung tâm,,,,120.0,4.0,3.0,3.0,22.81507,104.979452,3569934580,True
Shophouse Trung tâm Hà Giang,Coverage row generated from market priors and Hugging Face schema.,Shophouse,Hà Giang,Trung tâm,,,,180.0,1.0,1.0,3.0,22.836447,104.980487,4410958529,True
Đất Trung tâm Hà Giang,Coverage row generated from market priors and Hugging Face schema.,Đất,Hà Giang,Trung tâm,,,,45.0,0.0,0.0,0.0,22.822908,104.984562,724309540,True
Đất Trung tâm Hà Giang,Coverage row generated from market priors and Hugging Face schema.,Đất,Hà Giang,Trung tâm,,,,60.0,0.0,0.0,0.0,22.802954,104.963316,1023577440,True
Đất Trung tâm Hà Giang,Coverage row generated from market priors and Hugging Face schema.,Đất,Hà Giang,Trung tâm,,,,80.0,0.0,0.0,0.0,22.818831,104.983158,1285630587,True
Đất Trung tâm Hà Giang,Coverage row generated from market priors and Hugging Face schema.,Đất,Hà Giang,Trung tâm,,,,120.0,0.0,0.0,0.0,22.828974,104.978537,1837742673,True
Đất Trung tâm Hà Giang,Coverage row generated from market priors and Hugging Face schema.,Đất,Hà Giang,Trung tâm,,,,180.0,0.0,0.0,0.0,22.847066,104.98701,3069915704,True
Biệt thự/Nhà liền kề Trung tâm Hà Nam,Coverage row generated from market priors and Hugging Face schema.,Biệt thự/Nhà liền kề,Hà Nam,Trung tâm,,,,45.0,4.0,1.0,1.0,20.592523,105.912237,1717961722,True
Biệt thự/Nhà liền kề Trung tâm Hà Nam,Coverage row generated from market priors and Hugging Face schema.,Biệt thự/Nhà liền kề,Hà Nam,Trung tâm,,,,60.0,1.0,2.0,3.0,20.580826,105.932684,2017433879,True
Biệt thự/Nhà liền kề Trung tâm Hà Nam,Coverage row generated from market priors and Hugging Face schema.,Biệt thự/Nhà liền kề,Hà Nam,Trung tâm,,,,80.0,1.0,2.0,2.0,20.598005,105.937066,2763242647,True
Biệt thự/Nhà liền kề Trung tâm Hà Nam,Coverage row generated from market priors and Hugging Face schema.,Biệt thự/Nhà liền kề,Hà Nam,Trung tâm,,,,120.0,3.0,3.0,4.0,20.565907,105.927413,4120317971,True
Biệt thự/Nhà liền kề Trung tâm Hà Nam,Coverage row generated from market priors and Hugging Face schema.,Biệt thự/Nhà liền kề,Hà Nam,Trung tâm,,,,180.0,5.0,5.0,4.0,20.603505,105.944028,7244868003,True
Căn hộ chung cư Trung tâm Hà Nam,Coverage row generated from market priors and Hugging Face schema.,Căn hộ chung cư,Hà Nam,Trung tâm,,,,45.0,2.0,5.0,1.0,20.56104,105.946594,939787193,True
Căn hộ chung cư Trung tâm Hà Nam,Coverage row generated from market priors and Hugging Face schema.,Căn hộ chung cư,Hà Nam,Trung tâm,,,,60.0,3.0,1.0,3.0,20.586642,105.925411,1023363228,True
Căn hộ chung cư Trung tâm Hà Nam,Coverage row generated from market priors and Hugging Face schema.,Căn hộ chung cư,Hà Nam,Trung tâm,,,,80.0,4.0,5.0,1.0,20.563504,105.925103,1634131784,True
Căn hộ chung cư Trung tâm Hà Nam,Coverage row generated from market priors and Hugging Face schema.,Căn hộ chung cư,Hà Nam,Trung tâm,,,,120.0,5.0,2.0,2.0,20.593578,105.945055,2072294840,True
Căn hộ chung cư Trung tâm Hà Nam,Coverage row generated from market priors and Hugging Face schema.,Căn hộ chung cư,Hà Nam,Trung tâm,,,,180.0,5.0,2.0,1.0,20.588054,105.919611,3188800358,True
Nhà Trung tâm Hà Nam,Coverage row generated from market priors and Hugging Face schema.,Nhà,Hà Nam,Trung tâm,,,,45.0,5.0,4.0,2.0,20.576048,105.925,1388411960,True
Nhà Trung tâm Hà Nam,Coverage row generated from market priors and Hugging Face schema.,Nhà,Hà Nam,Trung tâm,,,,60.0,3.0,5.0,3.0,20.5623,105.899121,1829478154,True
Nhà Trung tâm Hà Nam,Coverage row generated from market priors and Hugging Face schema.,Nhà,Hà Nam,Trung tâm,,,,80.0,3.0,3.0,2.0,20.595724,105.90021,2427775824,True
Nhà Trung tâm Hà Nam,Coverage row generated from market priors and Hugging Face schema.,Nhà,Hà Nam,Trung tâm,,,,120.0,5.0,3.0,1.0,20.579981,105.92702,3706343392,True
Nhà Trung tâm Hà Nam,Coverage row generated from market priors and Hugging Face schema.,Nhà,Hà Nam,Trung tâm,,,,180.0,4.0,2.0,4.0,20.576628,105.940321,5382782469,True
Shophouse Trung tâm Hà Nam,Coverage row generated from market priors and Hugging Face schema.,Shophouse,Hà Nam,Trung tâm,,,,45.0,3.0,1.0,2.0,20.568814,105.923207,1886041447,True
Shophouse Trung tâm Hà Nam,Coverage row generated from market priors and Hugging Face schema.,Shophouse,Hà Nam,Trung tâm,,,,60.0,2.0,4.0,3.0,20.595386,105.928107,2423238849,True
Shophouse Trung tâm Hà Nam,Coverage row generated from market priors and Hugging Face schema.,Shophouse,Hà Nam,Trung tâm,,,,80.0,2.0,4.0,3.0,20.588961,105.925755,3313207156,True
Shophouse Trung tâm Hà Nam,Coverage row generated from market priors and Hugging Face schema.,Shophouse,Hà Nam,Trung tâm,,,,120.0,4.0,3.0,4.0,20.560152,105.899722,5277678670,True
Shophouse Trung tâm Hà Nam,Coverage row generated from market priors and Hugging Face schema.,Shophouse,Hà Nam,Trung tâm,,,,180.0,4.0,2.0,2.0,20.602602,105.911641,8043699322,True
Đất Trung tâm Hà Nam,Coverage row generated from market priors and Hugging Face schema.,Đất,Hà Nam,Trung tâm,,,,45.0,0.0,0.0,0.0,20.585596,105.912841,1052755702,True
Đất Trung tâm Hà Nam,Coverage row generated from market priors and Hugging Face schema.,Đất,Hà Nam,Trung tâm,,,,60.0,0.0,0.0,0.0,20.563286,105.901978,1506302145,True
Đất Trung tâm Hà Nam,Coverage row generated from market priors and Hugging Face schema.,Đất,Hà Nam,Trung tâm,,,,80.0,0.0,0.0,0.0,20.588707,105.915629,1806466857,True
Đất Trung tâm Hà Nam,Coverage row generated from market priors and Hugging Face schema.,Đất,Hà Nam,Trung tâm,,,,120.0,0.0,0.0,0.0,20.583558,105.91222,2879855566,True
Đất Trung tâm Hà Nam,Coverage row generated from market priors and Hugging Face schema.,Đất,Hà Nam,Trung tâm,,,,180.0,0.0,0.0,0.0,20.565168,105.943801,4209407024,True
Biệt thự/Nhà liền kề Cầu Giấy Hà Nội,Coverage row generated from market priors and Hugging Face schema.,Biệt thự/Nhà liền kề,Hà Nội,Cầu Giấy,,,,45.0,1.0,4.0,1.0,21.01099,105.838315,8443053977,True
Biệt thự/Nhà liền kề Cầu Giấy Hà Nội,Coverage row generated from market priors and Hugging Face schema.,Biệt thự/Nhà liền kề,Hà Nội,Cầu Giấy,,,,60.0,5.0,2.0,3.0,21.020302,105.844692,13465896968,True
Biệt thự/Nhà liền kề Cầu Giấy Hà Nội,Coverage row generated from market priors and Hugging Face schema.,Biệt thự/Nhà liền kề,Hà Nội,Cầu Giấy,,,,80.0,4.0,2.0,4.0,21.031593,105.860041,16932898539,True
Biệt thự/Nhà liền kề Cầu Giấy Hà Nội,Coverage row generated from market priors and Hugging Face schema.,Biệt thự/Nhà liền kề,Hà Nội,Cầu Giấy,,,,120.0,1.0,4.0,4.0,21.01857,105.859227,24248743622,True
Biệt thự/Nhà liền kề Cầu Giấy Hà Nội,Coverage row generated from market priors and Hugging Face schema.,Biệt thự/Nhà liền kề,Hà Nội,Cầu Giấy,,,,180.0,2.0,4.0,2.0,21.045881,105.870803,37489854086,True
Biệt thự/Nhà liền kề Đống Đa Hà Nội,Coverage row generated from market priors and Hugging Face schema.,Biệt thự/Nhà liền kề,Hà Nội,Đống Đa,,,,45.0,2.0,5.0,2.0,21.018114,105.839483,8829241883,True
Biệt thự/Nhà liền kề Đống Đa Hà Nội,Coverage row generated from market priors and Hugging Face schema.,Biệt thự/Nhà liền kề,Hà Nội,Đống Đa,,,,60.0,3.0,1.0,2.0,21.032244,105.878025,11838689332,True
Biệt thự/Nhà liền kề Đống Đa Hà Nội,Coverage row generated from market priors and Hugging Face schema.,Biệt thự/Nhà liền kề,Hà Nội,Đống Đa,,,,80.0,1.0,2.0,4.0,21.010066,105.834564,16080830522,True
Biệt thự/Nhà liền kề Đống Đa Hà Nội,Coverage row generated from market priors and Hugging Face schema.,Biệt thự/Nhà liền kề,Hà Nội,Đống Đa,,,,120.0,5.0,4.0,2.0,21.047037,105.853726,28130045456,True
Biệt thự/Nhà liền kề Đống Đa Hà Nội,Coverage row generated from market priors and Hugging Face schema.,Biệt thự/Nhà liền kề,Hà Nội,Đống Đa,,,,180.0,5.0,4.0,2.0,21.038952,105.832216,38466395068,True
Biệt thự/Nhà liền kề Tây Hồ Hà Nội,Coverage row generated from market priors and Hugging Face schema.,Biệt thự/Nhà liền kề,Hà Nội,Tây Hồ,,,,45.0,4.0,3.0,1.0,21.045135,105.865044,9438331063,True
Biệt thự/Nhà liền kề Tây Hồ Hà Nội,Coverage row generated from market priors and Hugging Face schema.,Biệt thự/Nhà liền kề,Hà Nội,Tây Hồ,,,,60.0,3.0,3.0,2.0,21.011658,105.839866,12998565690,True
Biệt thự/Nhà liền kề Tây Hồ Hà Nội,Coverage row generated from market priors and Hugging Face schema.,Biệt thự/Nhà liền kề,Hà Nội,Tây Hồ,,,,80.0,4.0,4.0,4.0,21.016752,105.82943,17983188276,True
Biệt thự/Nhà liền kề Tây Hồ Hà Nội,Coverage row generated from market priors and Hugging Face schema.,Biệt thự/Nhà liền kề,Hà Nội,Tây Hồ,,,,120.0,1.0,2.0,3.0,21.025907,105.874738,23711785618,True
Biệt thự/Nhà liền kề Tây Hồ Hà Nội,Coverage row generated from market priors and Hugging Face schema.,Biệt thự/Nhà liền kề,Hà Nội,Tây Hồ,,,,180.0,1.0,3.0,4.0,21.038718,105.855923,35115763576,True
Biệt thự/Nhà liền kề Bắc Từ Liêm Hà Nội,Coverage row generated from market priors and Hugging Face schema.,Biệt thự/Nhà liền kề,Hà Nội,Bắc Từ Liêm,,,,45.0,1.0,5.0,2.0,21.008811,105.831204,8291157185,True
Biệt thự/Nhà liền kề Bắc Từ Liêm Hà Nội,Coverage row generated from market priors and Hugging Face schema.,Biệt thự/Nhà liền kề,Hà Nội,Bắc Từ Liêm,,,,60.0,3.0,1.0,1.0,21.028418,105.838203,12270741150,True
Biệt thự/Nhà liền kề Bắc Từ Liêm Hà Nội,Coverage row generated from market priors and Hugging Face schema.,Biệt thự/Nhà liền kề,Hà Nội,Bắc Từ Liêm,,,,80.0,3.0,1.0,1.0,21.020617,105.877896,16170568183,True
Biệt thự/Nhà liền kề Bắc Từ Liêm Hà Nội,Coverage row generated from market priors and Hugging Face schema.,Biệt thự/Nhà liền kề,Hà Nội,Bắc Từ Liêm,,,,120.0,5.0,3.0,2.0,21.004372,105.863787,25722654282,True
Biệt thự/Nhà liền kề Bắc Từ Liêm Hà Nội,Coverage row generated from market priors and Hugging Face schema.,Biệt thự/Nhà liền kề,Hà Nội,Bắc Từ Liêm,,,,180.0,5.0,5.0,2.0,21.019764,105.850659,38908890601,True
Căn hộ chung cư Cầu Giấy Hà Nội,Coverage row generated from market priors and Hugging Face schema.,Căn hộ chung cư,Hà Nội,Cầu Giấy,,,,45.0,3.0,1.0,4.0,21.048687,105.850443,4633250141,True
Căn hộ chung cư Cầu Giấy Hà Nội,Coverage row generated from market priors and Hugging Face schema.,Căn hộ chung cư,Hà Nội,Cầu Giấy,,,,60.0,3.0,5.0,2.0,21.033912,105.836429,6634078111,True
Căn hộ chung cư Cầu Giấy Hà Nội,Coverage row generated from market priors and Hugging Face schema.,Căn hộ chung cư,Hà Nội,Cầu Giấy,,,,80.0,2.0,2.0,4.0,21.019867,105.834776,8794570101,True
Căn hộ chung cư Cầu Giấy Hà Nội,Coverage row generated from market priors and Hugging Face schema.,Căn hộ chung cư,Hà Nội,Cầu Giấy,,,,120.0,3.0,2.0,1.0,21.031318,105.854276,12522583339,True
Căn hộ chung cư Cầu Giấy Hà Nội,Coverage row generated from market priors and Hugging Face schema.,Căn hộ chung cư,Hà Nội,Cầu Giấy,,,,180.0,5.0,2.0,4.0,21.031483,105.863526,19200890676,True
Căn hộ chung cư Đống Đa Hà Nội,Coverage row generated from market priors and Hugging Face schema.,Căn hộ chung cư,Hà Nội,Đống Đa,,,,45.0,3.0,2.0,2.0,21.022746,105.875495,4613635657,True
Căn hộ chung cư Đống Đa Hà Nội,Coverage row generated from market priors and Hugging Face schema.,Căn hộ chung cư,Hà Nội,Đống Đa,,,,60.0,5.0,5.0,3.0,21.02484,105.87192,6871507468,True
Căn hộ chung cư Đống Đa Hà Nội,Coverage row generated from market priors and Hugging Face schema.,Căn hộ chung cư,Hà Nội,Đống Đa,,,,80.0,5.0,1.0,1.0,21.02442,105.843102,8441194677,True
Căn hộ chung cư Đống Đa Hà Nội,Coverage row generated from market priors and Hugging Face schema.,Căn hộ chung cư,Hà Nội,Đống Đa,,,,120.0,5.0,1.0,4.0,21.0489,105.8595,11416666868,True
Căn hộ chung cư Đống Đa Hà Nội,Coverage row generated from market priors and Hugging Face schema.,Căn hộ chung cư,Hà Nội,Đống Đa,,,,180.0,5.0,1.0,1.0,21.009029,105.858818,19168272740,True
Căn hộ chung cư Tây Hồ Hà Nội,Coverage row generated from market priors and Hugging Face schema.,Căn hộ chung cư,Hà Nội,Tây Hồ,,,,45.0,5.0,1.0,2.0,21.051084,105.837251,4481781294,True
Căn hộ chung cư Tây Hồ Hà Nội,Coverage row generated from market priors and Hugging Face schema.,Căn hộ chung cư,Hà Nội,Tây Hồ,,,,60.0,2.0,1.0,2.0,21.036446,105.870059,6241973977,True
Căn hộ chung cư Tây Hồ Hà Nội,Coverage row generated from market priors and Hugging Face schema.,Căn hộ chung cư,Hà Nội,Tây Hồ,,,,80.0,2.0,1.0,3.0,21.048083,105.855092,8080821287,True
Căn hộ chung cư Tây Hồ Hà Nội,Coverage row generated from market priors and Hugging Face schema.,Căn hộ chung cư,Hà Nội,Tây Hồ,,,,120.0,1.0,3.0,3.0,21.018737,105.864362,12538885264,True
Căn hộ chung cư Tây Hồ Hà Nội,Coverage row generated from market priors and Hugging Face schema.,Căn hộ chung cư,Hà Nội,Tây Hồ,,,,180.0,2.0,4.0,3.0,21.038368,105.868475,20003902844,True
Căn hộ chung cư Bắc Từ Liêm Hà Nội,Coverage row generated from market priors and Hugging Face schema.,Căn hộ chung cư,Hà Nội,Bắc Từ Liêm,,,,45.0,1.0,2.0,2.0,21.007766,105.83085,4580070842,True
Căn hộ chung cư Bắc Từ Liêm Hà Nội,Coverage row generated from market priors and Hugging Face schema.,Căn hộ chung cư,Hà Nội,Bắc Từ Liêm,,,,60.0,2.0,2.0,4.0,21.027235,105.875173,6174643283,True
Căn hộ chung cư Bắc Từ Liêm Hà Nội,Coverage row generated from market priors and Hugging Face schema.,Căn hộ chung cư,Hà Nội,Bắc Từ Liêm,,,,80.0,2.0,1.0,1.0,21.006137,105.836031,7688880221,True
Căn hộ chung cư Bắc Từ Liêm Hà Nội,Coverage row generated from market priors and Hugging Face schema.,Căn hộ chung cư,Hà Nội,Bắc Từ Liêm,,,,120.0,3.0,2.0,3.0,21.029186,105.836735,12972521686,True
Căn hộ chung cư Bắc Từ Liêm Hà Nội,Coverage row generated from market priors and Hugging Face schema.,Căn hộ chung cư,Hà Nội,Bắc Từ Liêm,,,,180.0,3.0,3.0,4.0,21.048929,105.83257,19690278174,True
Nhà Cầu Giấy Hà Nội,Coverage row generated from market priors and Hugging Face schema.,Nhà,Hà Nội,Cầu Giấy,,,,45.0,1.0,3.0,1.0,21.025915,105.857074,6740925945,True
Nhà Cầu Giấy Hà Nội,Coverage row generated from market priors and Hugging Face schema.,Nhà,Hà Nội,Cầu Giấy,,,,60.0,2.0,1.0,4.0,21.045685,105.834073,9812309619,True
Nhà Cầu Giấy Hà Nội,Coverage row generated from market priors and Hugging Face schema.,Nhà,Hà Nội,Cầu Giấy,,,,80.0,2.0,5.0,3.0,21.040013,105.873792,13810351485,True
Nhà Cầu Giấy Hà Nội,Coverage row generated from market priors and Hugging Face schema.,Nhà,Hà Nội,Cầu Giấy,,,,120.0,3.0,3.0,3.0,21.010844,105.859553,19381447524,True
Nhà Cầu Giấy Hà Nội,Coverage row generated from market priors and Hugging Face schema.,Nhà,Hà Nội,Cầu Giấy,,,,180.0,3.0,3.0,3.0,21.007802,105.862286,29743466651,True
Nhà Đống Đa Hà Nội,Coverage row generated from market priors and Hugging Face schema.,Nhà,Hà Nội,Đống Đa,,,,45.0,5.0,4.0,3.0,21.052554,105.877618,8318436874,True
Nhà Đống Đa Hà Nội,Coverage row generated from market priors and Hugging Face schema.,Nhà,Hà Nội,Đống Đa,,,,60.0,5.0,3.0,1.0,21.003956,105.851588,11110189534,True
Nhà Đống Đa Hà Nội,Coverage row generated from market priors and Hugging Face schema.,Nhà,Hà Nội,Đống Đa,,,,80.0,1.0,2.0,3.0,21.02874,105.86966,11549064736,True
Nhà Đống Đa Hà Nội,Coverage row generated from market priors and Hugging Face schema.,Nhà,Hà Nội,Đống Đa,,,,120.0,1.0,3.0,1.0,21.041299,105.876002,19207222016,True
Nhà Đống Đa Hà Nội,Coverage row generated from market priors and Hugging Face schema.,Nhà,Hà Nội,Đống Đa,,,,180.0,1.0,2.0,2.0,21.02116,105.859509,28866576394,True
Nhà Tây Hồ Hà Nội,Coverage row generated from market priors and Hugging Face schema.,Nhà,Hà Nội,Tây Hồ,,,,45.0,1.0,3.0,3.0,21.027849,105.851299,6644049837,True
Nhà Tây Hồ Hà Nội,Coverage row generated from market priors and Hugging Face schema.,Nhà,Hà Nội,Tây Hồ,,,,60.0,2.0,2.0,4.0,21.01596,105.830239,9256382816,True
Nhà Tây Hồ Hà Nội,Coverage row generated from market priors and Hugging Face schema.,Nhà,Hà Nội,Tây Hồ,,,,80.0,3.0,2.0,4.0,21.047533,105.845852,13380117215,True
Nhà Tây Hồ Hà Nội,Coverage row generated from market priors and Hugging Face schema.,Nhà,Hà Nội,Tây Hồ,,,,120.0,4.0,1.0,2.0,21.045701,105.847022,19480502535,True
Nhà Tây Hồ Hà Nội,Coverage row generated from market priors and Hugging Face schema.,Nhà,Hà Nội,Tây Hồ,,,,180.0,1.0,5.0,1.0,21.020854,105.836109,26342796893,True
Nhà Bắc Từ Liêm Hà Nội,Coverage row generated from market priors and Hugging Face schema.,Nhà,Hà Nội,Bắc Từ Liêm,,,,45.0,3.0,5.0,1.0,21.013218,105.847649,7355438459,True
Nhà Bắc Từ Liêm Hà Nội,Coverage row generated from market priors and Hugging Face schema.,Nhà,Hà Nội,Bắc Từ Liêm,,,,60.0,4.0,5.0,2.0,21.031502,105.837423,11130164430,True
Nhà Bắc Từ Liêm Hà Nội,Coverage row generated from market priors and Hugging Face schema.,Nhà,Hà Nội,Bắc Từ Liêm,,,,80.0,4.0,1.0,3.0,21.038703,105.843985,13408833581,True
Nhà Bắc Từ Liêm Hà Nội,Coverage row generated from market priors and Hugging Face schema.,Nhà,Hà Nội,Bắc Từ Liêm,,,,120.0,3.0,3.0,2.0,21.031519,105.845604,19621385587,True
Nhà Bắc Từ Liêm Hà Nội,Coverage row generated from market priors and Hugging Face schema.,Nhà,Hà Nội,Bắc Từ Liêm,,,,180.0,4.0,4.0,2.0,21.025097,105.861413,33272313697,True
Shophouse Cầu Giấy Hà Nội,Coverage row generated from market priors and Hugging Face schema.,Shophouse,Hà Nội,Cầu Giấy,,,,45.0,2.0,5.0,4.0,21.033045,105.878787,10248900809,True
Shophouse Cầu Giấy Hà Nội,Coverage row generated from market priors and Hugging Face schema.,Shophouse,Hà Nội,Cầu Giấy,,,,60.0,5.0,2.0,3.0,21.031218,105.865833,15142613011,True
Shophouse Cầu Giấy Hà Nội,Coverage row generated from market priors and Hugging Face schema.,Shophouse,Hà Nội,Cầu Giấy,,,,80.0,1.0,4.0,2.0,21.024788,105.872594,17910492545,True
Shophouse Cầu Giấy Hà Nội,Coverage row generated from market priors and Hugging Face schema.,Shophouse,Hà Nội,Cầu Giấy,,,,120.0,3.0,4.0,1.0,21.028486,105.865488,27330033328,True
Shophouse Cầu Giấy Hà Nội,Coverage row generated from market priors and Hugging Face schema.,Shophouse,Hà Nội,Cầu Giấy,,,,180.0,4.0,4.0,1.0,21.034666,105.838389,45164836837,True
Shophouse Đống Đa Hà Nội,Coverage row generated from market priors and Hugging Face schema.,Shophouse,Hà Nội,Đống Đa,,,,45.0,1.0,1.0,2.0,21.004088,105.850517,9444530818,True
Shophouse Đống Đa Hà Nội,Coverage row generated from market priors and Hugging Face schema.,Shophouse,Hà Nội,Đống Đa,,,,60.0,5.0,4.0,1.0,21.005013,105.872672,15797143080,True
Shophouse Đống Đa Hà Nội,Coverage row generated from market priors and Hugging Face schema.,Shophouse,Hà Nội,Đống Đa,,,,80.0,3.0,1.0,1.0,21.031339,105.869866,18230853834,True
Shophouse Đống Đa Hà Nội,Coverage row generated from market priors and Hugging Face schema.,Shophouse,Hà Nội,Đống Đa,,,,120.0,1.0,1.0,2.0,21.021568,105.860835,26524378694,True
Shophouse Đống Đa Hà Nội,Coverage row generated from market priors and Hugging Face schema.,Shophouse,Hà Nội,Đống Đa,,,,180.0,4.0,3.0,2.0,21.038258,105.836472,47377422001,True
Shophouse Tây Hồ Hà Nội,Coverage row generated from market priors and Hugging Face schema.,Shophouse,Hà Nội,Tây Hồ,,,,45.0,5.0,1.0,3.0,21.030183,105.871227,11651886698,True
Shophouse Tây Hồ Hà Nội,Coverage row generated from market priors and Hugging Face schema.,Shophouse,Hà Nội,Tây Hồ,,,,60.0,1.0,3.0,4.0,21.021612,105.863115,12980954117,True
Shophouse Tây Hồ Hà Nội,Coverage row generated from market priors and Hugging Face schema.,Shophouse,Hà Nội,Tây Hồ,,,,80.0,2.0,2.0,3.0,21.018093,105.841287,19507279712,True
Shophouse Tây Hồ Hà Nội,Coverage row generated from market priors and Hugging Face schema.,Shophouse,Hà Nội,Tây Hồ,,,,120.0,1.0,2.0,2.0,21.021398,105.843721,26148447563,True
Shophouse Tây Hồ Hà Nội,Coverage row generated from market priors and Hugging Face schema.,Shophouse,Hà Nội,Tây Hồ,,,,180.0,2.0,2.0,1.0,21.043841,105.842063,40108347144,True
Shophouse Bắc Từ Liêm Hà Nội,Coverage row generated from market priors and Hugging Face schema.,Shophouse,Hà Nội,Bắc Từ Liêm,,,,45.0,2.0,3.0,2.0,21.050665,105.836899,10000102970,True
Shophouse Bắc Từ Liêm Hà Nội,Coverage row generated from market priors and Hugging Face schema.,Shophouse,Hà Nội,Bắc Từ Liêm,,,,60.0,4.0,3.0,3.0,21.004329,105.851606,14985221978,True
Shophouse Bắc Từ Liêm Hà Nội,Coverage row generated from market priors and Hugging Face schema.,Shophouse,Hà Nội,Bắc Từ Liêm,,,,80.0,3.0,4.0,2.0,21.009446,105.869783,19109913810,True
Shophouse Bắc Từ Liêm Hà Nội,Coverage row generated from market priors and Hugging Face schema.,Shophouse,Hà Nội,Bắc Từ Liêm,,,,120.0,3.0,2.0,1.0,21.027503,105.844762,26771805138,True
Shophouse Bắc Từ Liêm Hà Nội,Coverage row generated from market priors and Hugging Face schema.,Shophouse,Hà Nội,Bắc Từ Liêm,,,,180.0,4.0,1.0,3.0,21.008965,105.874086,44590005344,True
Đất Cầu Giấy Hà Nội,Coverage row generated from market priors and Hugging Face schema.,Đất,Hà Nội,Cầu Giấy,,,,45.0,0.0,0.0,0.0,21.01265,105.842963,6137966954,True
Đất Cầu Giấy Hà Nội,Coverage row generated from market priors and Hugging Face schema.,Đất,Hà Nội,Cầu Giấy,,,,60.0,0.0,0.0,0.0,21.01531,105.83611,8127093171,True
Đất Cầu Giấy Hà Nội,Coverage row generated from market priors and Hugging Face schema.,Đất,Hà Nội,Cầu Giấy,,,,80.0,0.0,0.0,0.0,21.024141,105.858167,11402766957,True
Đất Cầu Giấy Hà Nội,Coverage row generated from market priors and Hugging Face schema.,Đất,Hà Nội,Cầu Giấy,,,,120.0,0.0,0.0,0.0,21.013591,105.876062,17354250852,True
Đất Cầu Giấy Hà Nội,Coverage row generated from market priors and Hugging Face schema.,Đất,Hà Nội,Cầu Giấy,,,,180.0,0.0,0.0,0.0,21.01876,105.840755,25388869784,True
Đất Đống Đa Hà Nội,Coverage row generated from market priors and Hugging Face schema.,Đất,Hà Nội,Đống Đa,,,,45.0,0.0,0.0,0.0,21.011496,105.87696,5958912116,True
Đất Đống Đa Hà Nội,Coverage row generated from market priors and Hugging Face schema.,Đất,Hà Nội,Đống Đa,,,,60.0,0.0,0.0,0.0,21.016183,105.870289,7856427230,True
Đất Đống Đa Hà Nội,Coverage row generated from market priors and Hugging Face schema.,Đất,Hà Nội,Đống Đa,,,,80.0,0.0,0.0,0.0,21.034151,105.850575,11370724233,True
Đất Đống Đa Hà Nội,Coverage row generated from market priors and Hugging Face schema.,Đất,Hà Nội,Đống Đa,,,,120.0,0.0,0.0,0.0,21.006122,105.863052,16119429398,True
Đất Đống Đa Hà Nội,Coverage row generated from market priors and Hugging Face schema.,Đất,Hà Nội,Đống Đa,,,,180.0,0.0,0.0,0.0,21.032497,105.877326,24526188929,True
Đất Tây Hồ Hà Nội,Coverage row generated from market priors and Hugging Face schema.,Đất,Hà Nội,Tây Hồ,,,,45.0,0.0,0.0,0.0,21.020358,105.857703,6377795749,True
Đất Tây Hồ Hà Nội,Coverage row generated from market priors and Hugging Face schema.,Đất,Hà Nội,Tây Hồ,,,,60.0,0.0,0.0,0.0,21.037957,105.876236,8526757487,True
Đất Tây Hồ Hà Nội,Coverage row generated from market priors and Hugging Face schema.,Đất,Hà Nội,Tây Hồ,,,,80.0,0.0,0.0,0.0,21.035877,105.85647,10754856603,True
Đất Tây Hồ Hà Nội,Coverage row generated from market priors and Hugging Face schema.,Đất,Hà Nội,Tây Hồ,,,,120.0,0.0,0.0,0.0,21.047474,105.872834,15641302495,True
Đất Tây Hồ Hà Nội,Coverage row generated from market priors and Hugging Face schema.,Đất,Hà Nội,Tây Hồ,,,,180.0,0.0,0.0,0.0,21.042149,105.834682,25117335030,True
Đất Bắc Từ Liêm Hà Nội,Coverage row generated from market priors and Hugging Face schema.,Đất,Hà Nội,Bắc Từ Liêm,,,,45.0,0.0,0.0,0.0,21.04636,105.863626,5917152829,True
Đất Bắc Từ Liêm Hà Nội,Coverage row generated from market priors and Hugging Face schema.,Đất,Hà Nội,Bắc Từ Liêm,,,,60.0,0.0,0.0,0.0,21.004747,105.843428,7772985197,True
Đất Bắc Từ Liêm Hà Nội,Coverage row generated from market priors and Hugging Face schema.,Đất,Hà Nội,Bắc Từ Liêm,,,,80.0,0.0,0.0,0.0,21.036556,105.847234,11607635414,True
Đất Bắc Từ Liêm Hà Nội,Coverage row generated from market priors and Hugging Face schema.,Đất,Hà Nội,Bắc Từ Liêm,,,,120.0,0.0,0.0,0.0,21.01024,105.854327,17025966199,True
Đất Bắc Từ Liêm Hà Nội,Coverage row generated from market priors and Hugging Face schema.,Đất,Hà Nội,Bắc Từ Liêm,,,,180.0,0.0,0.0,0.0,21.0515,105.853681,25018784751,True
Biệt thự/Nhà liền kề Trung tâm Hà Tĩnh,Coverage row generated from market priors and Hugging Face schema.,Biệt thự/Nhà liền kề,Hà Tĩnh,Trung tâm,,,,45.0,5.0,1.0,1.0,18.329569,105.925943,1339189815,True
Biệt thự/Nhà liền kề Trung tâm Hà Tĩnh,Coverage row generated from market priors and Hugging Face schema.,Biệt thự/Nhà liền kề,Hà Tĩnh,Trung tâm,,,,60.0,3.0,2.0,1.0,18.344611,105.918986,1756860859,True
Biệt thự/Nhà liền kề Trung tâm Hà Tĩnh,Coverage row generated from market priors and Hugging Face schema.,Biệt thự/Nhà liền kề,Hà Tĩnh,Trung tâm,,,,80.0,5.0,2.0,2.0,18.339789,105.896584,2686155106,True
Biệt thự/Nhà liền kề Trung tâm Hà Tĩnh,Coverage row generated from market priors and Hugging Face schema.,Biệt thự/Nhà liền kề,Hà Tĩnh,Trung tâm,,,,120.0,3.0,3.0,4.0,18.321411,105.908534,3714412141,True
Biệt thự/Nhà liền kề Trung tâm Hà Tĩnh,Coverage row generated from market priors and Hugging Face schema.,Biệt thự/Nhà liền kề,Hà Tĩnh,Trung tâm,,,,180.0,5.0,3.0,4.0,18.328287,105.8859,5669312693,True
Căn hộ chung cư Trung tâm Hà Tĩnh,Coverage row generated from market priors and Hugging Face schema.,Căn hộ chung cư,Hà Tĩnh,Trung tâm,,,,45.0,2.0,4.0,1.0,18.334633,105.890589,688372729,True
Căn hộ chung cư Trung tâm Hà Tĩnh,Coverage row generated from market priors and Hugging Face schema.,Căn hộ chung cư,Hà Tĩnh,Trung tâm,,,,60.0,5.0,5.0,3.0,18.318437,105.918387,959927451,True
Căn hộ chung cư Trung tâm Hà Tĩnh,Coverage row generated from market priors and Hugging Face schema.,Căn hộ chung cư,Hà Tĩnh,Trung tâm,,,,80.0,5.0,4.0,1.0,18.361124,105.916218,1322825540,True
Căn hộ chung cư Trung tâm Hà Tĩnh,Coverage row generated from market priors and Hugging Face schema.,Căn hộ chung cư,Hà Tĩnh,Trung tâm,,,,120.0,1.0,1.0,2.0,18.332317,105.903384,1677523097,True
Căn hộ chung cư Trung tâm Hà Tĩnh,Coverage row generated from market priors and Hugging Face schema.,Căn hộ chung cư,Hà Tĩnh,Trung tâm,,,,180.0,4.0,5.0,2.0,18.339632,105.906,3109109280,True
Nhà Trung tâm Hà Tĩnh,Coverage row generated from market priors and Hugging Face schema.,Nhà,Hà Tĩnh,Trung tâm,,,,45.0,3.0,5.0,4.0,18.319704,105.88502,1162886382,True
Nhà Trung tâm Hà Tĩnh,Coverage row generated from market priors and Hugging Face schema.,Nhà,Hà Tĩnh,Trung tâm,,,,60.0,2.0,3.0,4.0,18.356113,105.89365,1485816406,True
Nhà Trung tâm Hà Tĩnh,Coverage row generated from market priors and Hugging Face schema.,Nhà,Hà Tĩnh,Trung tâm,,,,80.0,2.0,2.0,1.0,18.35383,105.912956,1754502881,True
Nhà Trung tâm Hà Tĩnh,Coverage row generated from market priors and Hugging Face schema.,Nhà,Hà Tĩnh,Trung tâm,,,,120.0,1.0,2.0,3.0,18.319266,105.910863,2739812545,True
Nhà Trung tâm Hà Tĩnh,Coverage row generated from market priors and Hugging Face schema.,Nhà,Hà Tĩnh,Trung tâm,,,,180.0,2.0,2.0,4.0,18.352526,105.91994,4312996781,True
Shophouse Trung tâm Hà Tĩnh,Coverage row generated from market priors and Hugging Face schema.,Shophouse,Hà Tĩnh,Trung tâm,,,,45.0,1.0,4.0,3.0,18.336776,105.893239,1458716941,True
Shophouse Trung tâm Hà Tĩnh,Coverage row generated from market priors and Hugging Face schema.,Shophouse,Hà Tĩnh,Trung tâm,,,,60.0,2.0,5.0,1.0,18.344295,105.88153,1921634542,True
Shophouse Trung tâm Hà Tĩnh,Coverage row generated from market priors and Hugging Face schema.,Shophouse,Hà Tĩnh,Trung tâm,,,,80.0,3.0,5.0,4.0,18.339489,105.92979,2766539551,True
Shophouse Trung tâm Hà Tĩnh,Coverage row generated from market priors and Hugging Face schema.,Shophouse,Hà Tĩnh,Trung tâm,,,,120.0,3.0,3.0,2.0,18.321276,105.89353,3950623535,True
Shophouse Trung tâm Hà Tĩnh,Coverage row generated from market priors and Hugging Face schema.,Shophouse,Hà Tĩnh,Trung tâm,,,,180.0,4.0,3.0,1.0,18.329377,105.903538,6785062649,True
Đất Trung tâm Hà Tĩnh,Coverage row generated from market priors and Hugging Face schema.,Đất,Hà Tĩnh,Trung tâm,,,,45.0,0.0,0.0,0.0,18.355279,105.926293,922621669,True
Đất Trung tâm Hà Tĩnh,Coverage row generated from market priors and Hugging Face schema.,Đất,Hà Tĩnh,Trung tâm,,,,60.0,0.0,0.0,0.0,18.352591,105.924085,1222787304,True
Đất Trung tâm Hà Tĩnh,Coverage row generated from market priors and Hugging Face schema.,Đất,Hà Tĩnh,Trung tâm,,,,80.0,0.0,0.0,0.0,18.353277,105.91993,1641038078,True
Đất Trung tâm Hà Tĩnh,Coverage row generated from market priors and Hugging Face schema.,Đất,Hà Tĩnh,Trung tâm,,,,120.0,0.0,0.0,0.0,18.360528,105.893794,2271095094,True
Đất Trung tâm Hà Tĩnh,Coverage row generated from market priors and Hugging Face schema.,Đất,Hà Tĩnh,Trung tâm,,,,180.0,0.0,0.0,0.0,18.356353,105.884454,3712321105,True
Biệt thự/Nhà liền kề Trung tâm Hải Dương,Coverage row generated from market priors and Hugging Face schema.,Biệt thự/Nhà liền kề,Hải Dương,Trung tâm,,,,45.0,3.0,5.0,3.0,20.94514,106.310026,2208578384,True
Biệt thự/Nhà liền kề Trung tâm Hải Dương,Coverage row generated from market priors and Hugging Face schema.,Biệt thự/Nhà liền kề,Hải Dương,Trung tâm,,,,60.0,3.0,1.0,1.0,20.938868,106.291946,2688032590,True
Biệt thự/Nhà liền kề Trung tâm Hải Dương,Coverage row generated from market priors and Hugging Face schema.,Biệt thự/Nhà liền kề,Hải Dương,Trung tâm,,,,80.0,1.0,2.0,4.0,20.952003,106.311113,3767941223,True
Biệt thự/Nhà liền kề Trung tâm Hải Dương,Coverage row generated from market priors and Hugging Face schema.,Biệt thự/Nhà liền kề,Hải Dương,Trung tâm,,,,120.0,4.0,1.0,1.0,20.93289,106.325967,6082050989,True
Biệt thự/Nhà liền kề Trung tâm Hải Dương,Coverage row generated from market priors and Hugging Face schema.,Biệt thự/Nhà liền kề,Hải Dương,Trung tâm,,,,180.0,4.0,4.0,1.0,20.915313,106.303333,9067751350,True
Căn hộ chung cư Trung tâm Hải Dương,Coverage row generated from market priors and Hugging Face schema.,Căn hộ chung cư,Hải Dương,Trung tâm,,,,45.0,2.0,4.0,2.0,20.930089,106.308179,1159916095,True
Căn hộ chung cư Trung tâm Hải Dương,Coverage row generated from market priors and Hugging Face schema.,Căn hộ chung cư,Hải Dương,Trung tâm,,,,60.0,2.0,5.0,3.0,20.917146,106.308561,1707392443,True
Căn hộ chung cư Trung tâm Hải Dương,Coverage row generated from market priors and Hugging Face schema.,Căn hộ chung cư,Hải Dương,Trung tâm,,,,80.0,1.0,1.0,2.0,20.939296,106.312333,1983920393,True
Căn hộ chung cư Trung tâm Hải Dương,Coverage row generated from market priors and Hugging Face schema.,Căn hộ chung cư,Hải Dương,Trung tâm,,,,120.0,5.0,1.0,3.0,20.922771,106.308406,2952182963,True
Căn hộ chung cư Trung tâm Hải Dương,Coverage row generated from market priors and Hugging Face schema.,Căn hộ chung cư,Hải Dương,Trung tâm,,,,180.0,1.0,4.0,4.0,20.946803,106.33473,4570604017,True
Nhà Trung tâm Hải Dương,Coverage row generated from market priors and Hugging Face schema.,Nhà,Hải Dương,Trung tâm,,,,45.0,5.0,3.0,1.0,20.951333,106.339518,1984745553,True
Nhà Trung tâm Hải Dương,Coverage row generated from market priors and Hugging Face schema.,Nhà,Hải Dương,Trung tâm,,,,60.0,3.0,5.0,2.0,20.961932,106.298732,2351465528,True
Nhà Trung tâm Hải Dương,Coverage row generated from market priors and Hugging Face schema.,Nhà,Hải Dương,Trung tâm,,,,80.0,5.0,3.0,2.0,20.917421,106.332033,3294478279,True
Nhà Trung tâm Hải Dương,Coverage row generated from market priors and Hugging Face schema.,Nhà,Hải Dương,Trung tâm,,,,120.0,1.0,2.0,1.0,20.954271,106.298524,4269496587,True
Nhà Trung tâm Hải Dương,Coverage row generated from market priors and Hugging Face schema.,Nhà,Hải Dương,Trung tâm,,,,180.0,5.0,2.0,4.0,20.95483,106.307993,7449961004,True
Shophouse Trung tâm Hải Dương,Coverage row generated from market priors and Hugging Face schema.,Shophouse,Hải Dương,Trung tâm,,,,45.0,3.0,1.0,2.0,20.950771,106.321461,2438761946,True
Shophouse Trung tâm Hải Dương,Coverage row generated from market priors and Hugging Face schema.,Shophouse,Hải Dương,Trung tâm,,,,60.0,3.0,2.0,2.0,20.935595,106.30806,3416490964,True
Shophouse Trung tâm Hải Dương,Coverage row generated from market priors and Hugging Face schema.,Shophouse,Hải Dương,Trung tâm,,,,80.0,1.0,4.0,2.0,20.959254,106.295519,4054906596,True
Shophouse Trung tâm Hải Dương,Coverage row generated from market priors and Hugging Face schema.,Shophouse,Hải Dương,Trung tâm,,,,120.0,1.0,2.0,1.0,20.923863,106.315564,6432956926,True
Shophouse Trung tâm Hải Dương,Coverage row generated from market priors and Hugging Face schema.,Shophouse,Hải Dương,Trung tâm,,,,180.0,5.0,4.0,4.0,20.956643,106.296224,11415828859,True
Đất Trung tâm Hải Dương,Coverage row generated from market priors and Hugging Face schema.,Đất,Hải Dương,Trung tâm,,,,45.0,0.0,0.0,0.0,20.918677,106.333911,1409012623,True
Đất Trung tâm Hải Dương,Coverage row generated from market priors and Hugging Face schema.,Đất,Hải Dương,Trung tâm,,,,60.0,0.0,0.0,0.0,20.958327,106.337811,1885189025,True
Đất Trung tâm Hải Dương,Coverage row generated from market priors and Hugging Face schema.,Đất,Hải Dương,Trung tâm,,,,80.0,0.0,0.0,0.0,20.941481,106.324797,2461496267,True
Đất Trung tâm Hải Dương,Coverage row generated from market priors and Hugging Face schema.,Đất,Hải Dương,Trung tâm,,,,120.0,0.0,0.0,0.0,20.938721,106.323153,3645207131,True
Đất Trung tâm Hải Dương,Coverage row generated from market priors and Hugging Face schema.,Đất,Hải Dương,Trung tâm,,,,180.0,0.0,0.0,0.0,20.948785,106.316384,5901148268,True
Biệt thự/Nhà liền kề Trung tâm Hải Phòng,Coverage row generated from market priors and Hugging Face schema.,Biệt thự/Nhà liền kề,Hải Phòng,Trung tâm,,,,45.0,4.0,1.0,1.0,20.830959,106.70573,3356949245,True
Biệt thự/Nhà liền kề Trung tâm Hải Phòng,Coverage row generated from market priors and Hugging Face schema.,Biệt thự/Nhà liền kề,Hải Phòng,Trung tâm,,,,60.0,1.0,1.0,2.0,20.843154,106.690051,3791482271,True
Biệt thự/Nhà liền kề Trung tâm Hải Phòng,Coverage row generated from market priors and Hugging Face schema.,Biệt thự/Nhà liền kề,Hải Phòng,Trung tâm,,,,80.0,2.0,4.0,4.0,20.869302,106.695338,5777995835,True
Biệt thự/Nhà liền kề Trung tâm Hải Phòng,Coverage row generated from market priors and Hugging Face schema.,Biệt thự/Nhà liền kề,Hải Phòng,Trung tâm,,,,120.0,5.0,4.0,2.0,20.836386,106.699176,10194416097,True
Biệt thự/Nhà liền kề Trung tâm Hải Phòng,Coverage row generated from market priors and Hugging Face schema.,Biệt thự/Nhà liền kề,Hải Phòng,Trung tâm,,,,180.0,2.0,5.0,3.0,20.849754,106.693128,13047214240,True
Căn hộ chung cư Trung tâm Hải Phòng,Coverage row generated from market priors and Hugging Face schema.,Căn hộ chung cư,Hải Phòng,Trung tâm,,,,45.0,2.0,1.0,2.0,20.823636,106.665893,1702853823,True
Căn hộ chung cư Trung tâm Hải Phòng,Coverage row generated from market priors and Hugging Face schema.,Căn hộ chung cư,Hải Phòng,Trung tâm,,,,60.0,3.0,2.0,3.0,20.851274,106.665228,2139833838,True
Căn hộ chung cư Trung tâm Hải Phòng,Coverage row generated from market priors and Hugging Face schema.,Căn hộ chung cư,Hải Phòng,Trung tâm,,,,80.0,1.0,5.0,3.0,20.838788,106.690486,3265758039,True
Căn hộ chung cư Trung tâm Hải Phòng,Coverage row generated from market priors and Hugging Face schema.,Căn hộ chung cư,Hải Phòng,Trung tâm,,,,120.0,3.0,2.0,2.0,20.840902,106.675502,4321952518,True
Căn hộ chung cư Trung tâm Hải Phòng,Coverage row generated from market priors and Hugging Face schema.,Căn hộ chung cư,Hải Phòng,Trung tâm,,,,180.0,4.0,3.0,2.0,20.827154,106.690435,6564847754,True
Nhà Trung tâm Hải Phòng,Coverage row generated from market priors and Hugging Face schema.,Nhà,Hải Phòng,Trung tâm,,,,45.0,3.0,1.0,4.0,20.844886,106.707041,2776952578,True
Nhà Trung tâm Hải Phòng,Coverage row generated from market priors and Hugging Face schema.,Nhà,Hải Phòng,Trung tâm,,,,60.0,3.0,3.0,2.0,20.827186,106.709375,3644877645,True
Nhà Trung tâm Hải Phòng,Coverage row generated from market priors and Hugging Face schema.,Nhà,Hải Phòng,Trung tâm,,,,80.0,5.0,4.0,2.0,20.835215,106.71078,5082901404,True
Nhà Trung tâm Hải Phòng,Coverage row generated from market priors and Hugging Face schema.,Nhà,Hải Phòng,Trung tâm,,,,120.0,2.0,5.0,3.0,20.842222,106.672457,7312181663,True
Nhà Trung tâm Hải Phòng,Coverage row generated from market priors and Hugging Face schema.,Nhà,Hải Phòng,Trung tâm,,,,180.0,4.0,1.0,3.0,20.838922,106.704653,10595012762,True
Shophouse Trung tâm Hải Phòng,Coverage row generated from market priors and Hugging Face schema.,Shophouse,Hải Phòng,Trung tâm,,,,45.0,2.0,2.0,1.0,20.840135,106.71021,3507762183,True
Shophouse Trung tâm Hải Phòng,Coverage row generated from market priors and Hugging Face schema.,Shophouse,Hải Phòng,Trung tâm,,,,60.0,3.0,5.0,3.0,20.843856,106.696484,5250965393,True
Shophouse Trung tâm Hải Phòng,Coverage row generated from market priors and Hugging Face schema.,Shophouse,Hải Phòng,Trung tâm,,,,80.0,2.0,2.0,4.0,20.858215,106.704415,6975336590,True
Shophouse Trung tâm Hải Phòng,Coverage row generated from market priors and Hugging Face schema.,Shophouse,Hải Phòng,Trung tâm,,,,120.0,4.0,2.0,3.0,20.831163,106.684567,11041040432,True
Shophouse Trung tâm Hải Phòng,Coverage row generated from market priors and Hugging Face schema.,Shophouse,Hải Phòng,Trung tâm,,,,180.0,2.0,3.0,4.0,20.861567,106.666726,15666425860,True
Đất Trung tâm Hải Phòng,Coverage row generated from market priors and Hugging Face schema.,Đất,Hải Phòng,Trung tâm,,,,45.0,0.0,0.0,0.0,20.857053,106.687759,2252910842,True
Đất Trung tâm Hải Phòng,Coverage row generated from market priors and Hugging Face schema.,Đất,Hải Phòng,Trung tâm,,,,60.0,0.0,0.0,0.0,20.859933,106.691752,3055623050,True
Đất Trung tâm Hải Phòng,Coverage row generated from market priors and Hugging Face schema.,Đất,Hải Phòng,Trung tâm,,,,80.0,0.0,0.0,0.0,20.846361,106.67325,3823722113,True
Đất Trung tâm Hải Phòng,Coverage row generated from market priors and Hugging Face schema.,Đất,Hải Phòng,Trung tâm,,,,120.0,0.0,0.0,0.0,20.839806,106.69094,6175567953,True
Đất Trung tâm Hải Phòng,Coverage row generated from market priors and Hugging Face schema.,Đất,Hải Phòng,Trung tâm,,,,180.0,0.0,0.0,0.0,20.862934,106.708589,8879647827,True
Biệt thự/Nhà liền kề Trung tâm Hậu Giang,Coverage row generated from market priors and Hugging Face schema.,Biệt thự/Nhà liền kề,Hậu Giang,Trung tâm,,,,45.0,4.0,2.0,1.0,9.772019,105.476746,1440328638,True
Biệt thự/Nhà liền kề Trung tâm Hậu Giang,Coverage row generated from market priors and Hugging Face schema.,Biệt thự/Nhà liền kề,Hậu Giang,Trung tâm,,,,60.0,3.0,1.0,3.0,9.778462,105.490169,1855237202,True
Biệt thự/Nhà liền kề Trung tâm Hậu Giang,Coverage row generated from market priors and Hugging Face schema.,Biệt thự/Nhà liền kề,Hậu Giang,Trung tâm,,,,80.0,3.0,4.0,2.0,9.792986,105.463323,2568212964,True
Biệt thự/Nhà liền kề Trung tâm Hậu Giang,Coverage row generated from market priors and Hugging Face schema.,Biệt thự/Nhà liền kề,Hậu Giang,Trung tâm,,,,120.0,5.0,2.0,3.0,9.809148,105.446571,4410358452,True
Biệt thự/Nhà liền kề Trung tâm Hậu Giang,Coverage row generated from market priors and Hugging Face schema.,Biệt thự/Nhà liền kề,Hậu Giang,Trung tâm,,,,180.0,1.0,5.0,3.0,9.76431,105.489271,5948490402,True
Căn hộ chung cư Trung tâm Hậu Giang,Coverage row generated from market priors and Hugging Face schema.,Căn hộ chung cư,Hậu Giang,Trung tâm,,,,45.0,2.0,3.0,4.0,9.776246,105.460239,798266449,True
Căn hộ chung cư Trung tâm Hậu Giang,Coverage row generated from market priors and Hugging Face schema.,Căn hộ chung cư,Hậu Giang,Trung tâm,,,,60.0,5.0,2.0,4.0,9.76747,105.487534,997435570,True
Căn hộ chung cư Trung tâm Hậu Giang,Coverage row generated from market priors and Hugging Face schema.,Căn hộ chung cư,Hậu Giang,Trung tâm,,,,80.0,2.0,3.0,1.0,9.79336,105.478334,1338634166,True
Căn hộ chung cư Trung tâm Hậu Giang,Coverage row generated from market priors and Hugging Face schema.,Căn hộ chung cư,Hậu Giang,Trung tâm,,,,120.0,4.0,1.0,1.0,9.782575,105.445104,1990281744,True
Căn hộ chung cư Trung tâm Hậu Giang,Coverage row generated from market priors and Hugging Face schema.,Căn hộ chung cư,Hậu Giang,Trung tâm,,,,180.0,4.0,2.0,2.0,9.768411,105.48119,2868630612,True
Nhà Trung tâm Hậu Giang,Coverage row generated from market priors and Hugging Face schema.,Nhà,Hậu Giang,Trung tâm,,,,45.0,3.0,3.0,3.0,9.762344,105.494549,1253256736,True
Nhà Trung tâm Hậu Giang,Coverage row generated from market priors and Hugging Face schema.,Nhà,Hậu Giang,Trung tâm,,,,60.0,4.0,1.0,2.0,9.777974,105.47664,1581456211,True
Nhà Trung tâm Hậu Giang,Coverage row generated from market priors and Hugging Face schema.,Nhà,Hậu Giang,Trung tâm,,,,80.0,3.0,4.0,3.0,9.792796,105.477578,2221385603,True
Nhà Trung tâm Hậu Giang,Coverage row generated from market priors and Hugging Face schema.,Nhà,Hậu Giang,Trung tâm,,,,120.0,2.0,1.0,3.0,9.770111,105.481612,3092876005,True
Nhà Trung tâm Hậu Giang,Coverage row generated from market priors and Hugging Face schema.,Nhà,Hậu Giang,Trung tâm,,,,180.0,5.0,3.0,3.0,9.789753,105.475843,5371777157,True
Shophouse Trung tâm Hậu Giang,Coverage row generated from market priors and Hugging Face schema.,Shophouse,Hậu Giang,Trung tâm,,,,45.0,3.0,3.0,1.0,9.793044,105.463436,1636700340,True
Shophouse Trung tâm Hậu Giang,Coverage row generated from market priors and Hugging Face schema.,Shophouse,Hậu Giang,Trung tâm,,,,60.0,4.0,4.0,3.0,9.764482,105.490663,2501160594,True
Shophouse Trung tâm Hậu Giang,Coverage row generated from market priors and Hugging Face schema.,Shophouse,Hậu Giang,Trung tâm,,,,80.0,1.0,2.0,1.0,9.791089,105.455248,2717776384,True
Shophouse Trung tâm Hậu Giang,Coverage row generated from market priors and Hugging Face schema.,Shophouse,Hậu Giang,Trung tâm,,,,120.0,2.0,2.0,3.0,9.780262,105.469136,4561273447,True
Shophouse Trung tâm Hậu Giang,Coverage row generated from market priors and Hugging Face schema.,Shophouse,Hậu Giang,Trung tâm,,,,180.0,3.0,3.0,4.0,9.792259,105.457075,7057044205,True
Đất Trung tâm Hậu Giang,Coverage row generated from market priors and Hugging Face schema.,Đất,Hậu Giang,Trung tâm,,,,45.0,0.0,0.0,0.0,9.772698,105.486308,932565668,True
Đất Trung tâm Hậu Giang,Coverage row generated from market priors and Hugging Face schema.,Đất,Hậu Giang,Trung tâm,,,,60.0,0.0,0.0,0.0,9.794527,105.451846,1318768180,True
Đất Trung tâm Hậu Giang,Coverage row generated from market priors and Hugging Face schema.,Đất,Hậu Giang,Trung tâm,,,,80.0,0.0,0.0,0.0,9.761893,105.448443,1671574219,True
Đất Trung tâm Hậu Giang,Coverage row generated from market priors and Hugging Face schema.,Đất,Hậu Giang,Trung tâm,,,,120.0,0.0,0.0,0.0,9.762714,105.46768,2586735302,True
Đất Trung tâm Hậu Giang,Coverage row generated from market priors and Hugging Face schema.,Đất,Hậu Giang,Trung tâm,,,,180.0,0.0,0.0,0.0,9.772068,105.479375,4091454182,True
Biệt thự/Nhà liền kề Trung tâm Hòa Bình,Coverage row generated from market priors and Hugging Face schema.,Biệt thự/Nhà liền kề,Hòa Bình,Trung tâm,,,,45.0,1.0,4.0,3.0,20.813956,105.330549,1221719804,True
Biệt thự/Nhà liền kề Trung tâm Hòa Bình,Coverage row generated from market priors and Hugging Face schema.,Biệt thự/Nhà liền kề,Hòa Bình,Trung tâm,,,,60.0,1.0,4.0,4.0,20.812321,105.322491,1561764748,True
Biệt thự/Nhà liền kề Trung tâm Hòa Bình,Coverage row generated from market priors and Hugging Face schema.,Biệt thự/Nhà liền kề,Hòa Bình,Trung tâm,,,,80.0,3.0,5.0,2.0,20.795068,105.357338,2338807539,True
Biệt thự/Nhà liền kề Trung tâm Hòa Bình,Coverage row generated from market priors and Hugging Face schema.,Biệt thự/Nhà liền kề,Hòa Bình,Trung tâm,,,,120.0,5.0,5.0,2.0,20.824797,105.338902,3664564473,True
Biệt thự/Nhà liền kề Trung tâm Hòa Bình,Coverage row generated from market priors and Hugging Face schema.,Biệt thự/Nhà liền kề,Hòa Bình,Trung tâm,,,,180.0,2.0,4.0,3.0,20.824412,105.346723,5172631630,True
Căn hộ chung cư Trung tâm Hòa Bình,Coverage row generated from market priors and Hugging Face schema.,Căn hộ chung cư,Hòa Bình,Trung tâm,,,,45.0,1.0,4.0,2.0,20.830041,105.329744,696735011,True
Căn hộ chung cư Trung tâm Hòa Bình,Coverage row generated from market priors and Hugging Face schema.,Căn hộ chung cư,Hòa Bình,Trung tâm,,,,60.0,5.0,5.0,3.0,20.791371,105.317349,952630247,True
Căn hộ chung cư Trung tâm Hòa Bình,Coverage row generated from market priors and Hugging Face schema.,Căn hộ chung cư,Hòa Bình,Trung tâm,,,,80.0,3.0,1.0,4.0,20.830291,105.321769,1139311567,True
Căn hộ chung cư Trung tâm Hòa Bình,Coverage row generated from market priors and Hugging Face schema.,Căn hộ chung cư,Hòa Bình,Trung tâm,,,,120.0,3.0,4.0,2.0,20.80223,105.354872,1749051915,True
Căn hộ chung cư Trung tâm Hòa Bình,Coverage row generated from market priors and Hugging Face schema.,Căn hộ chung cư,Hòa Bình,Trung tâm,,,,180.0,2.0,4.0,2.0,20.79748,105.342352,2924728731,True
Nhà Trung tâm Hòa Bình,Coverage row generated from market priors and Hugging Face schema.,Nhà,Hòa Bình,Trung tâm,,,,45.0,1.0,5.0,3.0,20.812668,105.342056,925405235,True
Nhà Trung tâm Hòa Bình,Coverage row generated from market priors and Hugging Face schema.,Nhà,Hòa Bình,Trung tâm,,,,60.0,3.0,4.0,1.0,20.811784,105.360004,1412071510,True
Nhà Trung tâm Hòa Bình,Coverage row generated from market priors and Hugging Face schema.,Nhà,Hòa Bình,Trung tâm,,,,80.0,4.0,1.0,4.0,20.81026,105.314417,1891530257,True
Nhà Trung tâm Hòa Bình,Coverage row generated from market priors and Hugging Face schema.,Nhà,Hòa Bình,Trung tâm,,,,120.0,4.0,3.0,2.0,20.80543,105.318212,2812963382,True
Nhà Trung tâm Hòa Bình,Coverage row generated from market priors and Hugging Face schema.,Nhà,Hòa Bình,Trung tâm,,,,180.0,3.0,1.0,2.0,20.795293,105.34672,3931619881,True
Shophouse Trung tâm Hòa Bình,Coverage row generated from market priors and Hugging Face schema.,Shophouse,Hòa Bình,Trung tâm,,,,45.0,1.0,3.0,4.0,20.825054,105.313362,1337942188,True
Shophouse Trung tâm Hòa Bình,Coverage row generated from market priors and Hugging Face schema.,Shophouse,Hòa Bình,Trung tâm,,,,60.0,5.0,2.0,4.0,20.818111,105.31404,2060573340,True
Shophouse Trung tâm Hòa Bình,Coverage row generated from market priors and Hugging Face schema.,Shophouse,Hòa Bình,Trung tâm,,,,80.0,1.0,1.0,2.0,20.817896,105.361281,2494253553,True
Shophouse Trung tâm Hòa Bình,Coverage row generated from market priors and Hugging Face schema.,Shophouse,Hòa Bình,Trung tâm,,,,120.0,2.0,4.0,3.0,20.795575,105.313969,4041998176,True
Shophouse Trung tâm Hòa Bình,Coverage row generated from market priors and Hugging Face schema.,Shophouse,Hòa Bình,Trung tâm,,,,180.0,2.0,3.0,4.0,20.789285,105.327826,6092148878,True
Đất Trung tâm Hòa Bình,Coverage row generated from market priors and Hugging Face schema.,Đất,Hòa Bình,Trung tâm,,,,45.0,0.0,0.0,0.0,20.832339,105.325618,905091371,True
Đất Trung tâm Hòa Bình,Coverage row generated from market priors and Hugging Face schema.,Đất,Hòa Bình,Trung tâm,,,,60.0,0.0,0.0,0.0,20.812036,105.328269,1140472736,True
Đất Trung tâm Hòa Bình,Coverage row generated from market priors and Hugging Face schema.,Đất,Hòa Bình,Trung tâm,,,,80.0,0.0,0.0,0.0,20.82251,105.348866,1546485875,True
Đất Trung tâm Hòa Bình,Coverage row generated from market priors and Hugging Face schema.,Đất,Hòa Bình,Trung tâm,,,,120.0,0.0,0.0,0.0,20.789897,105.344147,2167927038,True
Đất Trung tâm Hòa Bình,Coverage row generated from market priors and Hugging Face schema.,Đất,Hòa Bình,Trung tâm,,,,180.0,0.0,0.0,0.0,20.811102,105.349885,3371872370,True
Biệt thự/Nhà liền kề 1 Hồ Chí Minh,Coverage row generated from market priors and Hugging Face schema.,Biệt thự/Nhà liền kề,Hồ Chí Minh,1,,,,45.0,5.0,4.0,2.0,10.757413,106.704963,11190618255,True
Biệt thự/Nhà liền kề 1 Hồ Chí Minh,Coverage row generated from market priors and Hugging Face schema.,Biệt thự/Nhà liền kề,Hồ Chí Minh,1,,,,60.0,4.0,3.0,3.0,10.783187,106.710341,14297000047,True
Biệt thự/Nhà liền kề 1 Hồ Chí Minh,Coverage row generated from market priors and Hugging Face schema.,Biệt thự/Nhà liền kề,Hồ Chí Minh,1,,,,80.0,2.0,1.0,4.0,10.780369,106.680082,18708134790,True
Biệt thự/Nhà liền kề 1 Hồ Chí Minh,Coverage row generated from market priors and Hugging Face schema.,Biệt thự/Nhà liền kề,Hồ Chí Minh,1,,,,120.0,5.0,2.0,2.0,10.774107,106.683842,28846279535,True
Biệt thự/Nhà liền kề 1 Hồ Chí Minh,Coverage row generated from market priors and Hugging Face schema.,Biệt thự/Nhà liền kề,Hồ Chí Minh,1,,,,180.0,1.0,5.0,3.0,10.766765,106.693706,39944571784,True
Biệt thự/Nhà liền kề 3 Hồ Chí Minh,Coverage row generated from market priors and Hugging Face schema.,Biệt thự/Nhà liền kề,Hồ Chí Minh,3,,,,45.0,1.0,4.0,1.0,10.752291,106.694853,9283428679,True
Biệt thự/Nhà liền kề 3 Hồ Chí Minh,Coverage row generated from market priors and Hugging Face schema.,Biệt thự/Nhà liền kề,Hồ Chí Minh,3,,,,60.0,2.0,4.0,2.0,10.798206,106.716752,13515173119,True
Biệt thự/Nhà liền kề 3 Hồ Chí Minh,Coverage row generated from market priors and Hugging Face schema.,Biệt thự/Nhà liền kề,Hồ Chí Minh,3,,,,80.0,2.0,5.0,3.0,10.78375,106.716067,18884741119,True
Biệt thự/Nhà liền kề 3 Hồ Chí Minh,Coverage row generated from market priors and Hugging Face schema.,Biệt thự/Nhà liền kề,Hồ Chí Minh,3,,,,120.0,5.0,3.0,2.0,10.78557,106.707037,31737588873,True
Biệt thự/Nhà liền kề 3 Hồ Chí Minh,Coverage row generated from market priors and Hugging Face schema.,Biệt thự/Nhà liền kề,Hồ Chí Minh,3,,,,180.0,1.0,2.0,2.0,10.775548,106.725082,38253989428,True
Biệt thự/Nhà liền kề 7 Hồ Chí Minh,Coverage row generated from market priors and Hugging Face schema.,Biệt thự/Nhà liền kề,Hồ Chí Minh,7,,,,45.0,5.0,5.0,4.0,10.759435,106.687669,11896389707,True
Biệt thự/Nhà liền kề 7 Hồ Chí Minh,Coverage row generated from market priors and Hugging Face schema.,Biệt thự/Nhà liền kề,Hồ Chí Minh,7,,,,60.0,1.0,1.0,4.0,10.772849,106.688152,12651049596,True
Biệt thự/Nhà liền kề 7 Hồ Chí Minh,Coverage row generated from market priors and Hugging Face schema.,Biệt thự/Nhà liền kề,Hồ Chí Minh,7,,,,80.0,1.0,1.0,1.0,10.755017,106.696987,16993770321,True
Biệt thự/Nhà liền kề 7 Hồ Chí Minh,Coverage row generated from market priors and Hugging Face schema.,Biệt thự/Nhà liền kề,Hồ Chí Minh,7,,,,120.0,5.0,3.0,4.0,10.752512,106.72097,31642723208,True
Biệt thự/Nhà liền kề 7 Hồ Chí Minh,Coverage row generated from market priors and Hugging Face schema.,Biệt thự/Nhà liền kề,Hồ Chí Minh,7,,,,180.0,1.0,5.0,4.0,10.801644,106.686313,42031244208,True
Biệt thự/Nhà liền kề 8 Hồ Chí Minh,Coverage row generated from market priors and Hugging Face schema.,Biệt thự/Nhà liền kề,Hồ Chí Minh,8,,,,45.0,4.0,2.0,2.0,10.797658,106.685155,10700216295,True
Biệt thự/Nhà liền kề 8 Hồ Chí Minh,Coverage row generated from market priors and Hugging Face schema.,Biệt thự/Nhà liền kề,Hồ Chí Minh,8,,,,60.0,1.0,5.0,2.0,10.774942,106.724984,12934235441,True
Biệt thự/Nhà liền kề 8 Hồ Chí Minh,Coverage row generated from market priors and Hugging Face schema.,Biệt thự/Nhà liền kề,Hồ Chí Minh,8,,,,80.0,1.0,3.0,4.0,10.798707,106.720204,17376985569,True
Biệt thự/Nhà liền kề 8 Hồ Chí Minh,Coverage row generated from market priors and Hugging Face schema.,Biệt thự/Nhà liền kề,Hồ Chí Minh,8,,,,120.0,4.0,4.0,4.0,10.783847,106.689213,29645218235,True
Biệt thự/Nhà liền kề 8 Hồ Chí Minh,Coverage row generated from market priors and Hugging Face schema.,Biệt thự/Nhà liền kề,Hồ Chí Minh,8,,,,180.0,3.0,5.0,4.0,10.788056,106.707105,45275819984,True
Căn hộ chung cư 1 Hồ Chí Minh,Coverage row generated from market priors and Hugging Face schema.,Căn hộ chung cư,Hồ Chí Minh,1,,,,45.0,1.0,3.0,3.0,10.772927,106.682345,5216358749,True
Căn hộ chung cư 1 Hồ Chí Minh,Coverage row generated from market priors and Hugging Face schema.,Căn hộ chung cư,Hồ Chí Minh,1,,,,60.0,1.0,4.0,1.0,10.767854,106.677975,7928379180,True
Căn hộ chung cư 1 Hồ Chí Minh,Coverage row generated from market priors and Hugging Face schema.,Căn hộ chung cư,Hồ Chí Minh,1,,,,80.0,3.0,1.0,3.0,10.769611,106.710471,9232015584,True
Căn hộ chung cư 1 Hồ Chí Minh,Coverage row generated from market priors and Hugging Face schema.,Căn hộ chung cư,Hồ Chí Minh,1,,,,120.0,3.0,4.0,3.0,10.773686,106.708455,16156439945,True
Căn hộ chung cư 1 Hồ Chí Minh,Coverage row generated from market priors and Hugging Face schema.,Căn hộ chung cư,Hồ Chí Minh,1,,,,180.0,3.0,3.0,1.0,10.799047,106.691298,23014867656,True
Căn hộ chung cư 3 Hồ Chí Minh,Coverage row generated from market priors and Hugging Face schema.,Căn hộ chung cư,Hồ Chí Minh,3,,,,45.0,5.0,4.0,1.0,10.788358,106.709401,6036972520,True
Căn hộ chung cư 3 Hồ Chí Minh,Coverage row generated from market priors and Hugging Face schema.,Căn hộ chung cư,Hồ Chí Minh,3,,,,60.0,2.0,2.0,1.0,10.790894,106.704434,7156778107,True
Căn hộ chung cư 3 Hồ Chí Minh,Coverage row generated from market priors and Hugging Face schema.,Căn hộ chung cư,Hồ Chí Minh,3,,,,80.0,3.0,1.0,1.0,10.785315,106.677003,9436744857,True
Căn hộ chung cư 3 Hồ Chí Minh,Coverage row generated from market priors and Hugging Face schema.,Căn hộ chung cư,Hồ Chí Minh,3,,,,120.0,5.0,5.0,2.0,10.75999,106.681651,16029693198,True
Căn hộ chung cư 3 Hồ Chí Minh,Coverage row generated from market priors and Hugging Face schema.,Căn hộ chung cư,Hồ Chí Minh,3,,,,180.0,1.0,5.0,2.0,10.789594,106.725178,22835726598,True
Căn hộ chung cư 7 Hồ Chí Minh,Coverage row generated from market priors and Hugging Face schema.,Căn hộ chung cư,Hồ Chí Minh,7,,,,45.0,3.0,2.0,4.0,10.775755,106.706091,5081085836,True
Căn hộ chung cư 7 Hồ Chí Minh,Coverage row generated from market priors and Hugging Face schema.,Căn hộ chung cư,Hồ Chí Minh,7,,,,60.0,1.0,5.0,2.0,10.786097,106.677068,8214217288,True
Căn hộ chung cư 7 Hồ Chí Minh,Coverage row generated from market priors and Hugging Face schema.,Căn hộ chung cư,Hồ Chí Minh,7,,,,80.0,5.0,5.0,4.0,10.795369,106.72304,10306376343,True
Căn hộ chung cư 7 Hồ Chí Minh,Coverage row generated from market priors and Hugging Face schema.,Căn hộ chung cư,Hồ Chí Minh,7,,,,120.0,3.0,1.0,3.0,10.774704,106.698479,14564582641,True
Căn hộ chung cư 7 Hồ Chí Minh,Coverage row generated from market priors and Hugging Face schema.,Căn hộ chung cư,Hồ Chí Minh,7,,,,180.0,5.0,5.0,2.0,10.788477,106.704016,24618042653,True
Căn hộ chung cư 8 Hồ Chí Minh,Coverage row generated from market priors and Hugging Face schema.,Căn hộ chung cư,Hồ Chí Minh,8,,,,45.0,2.0,3.0,3.0,10.779208,106.712305,5521223376,True
Căn hộ chung cư 8 Hồ Chí Minh,Coverage row generated from market priors and Hugging Face schema.,Căn hộ chung cư,Hồ Chí Minh,8,,,,60.0,2.0,3.0,3.0,10.761901,106.680051,7476318611,True
Căn hộ chung cư 8 Hồ Chí Minh,Coverage row generated from market priors and Hugging Face schema.,Căn hộ chung cư,Hồ Chí Minh,8,,,,80.0,1.0,1.0,3.0,10.77105,106.723061,9321904004,True
Căn hộ chung cư 8 Hồ Chí Minh,Coverage row generated from market priors and Hugging Face schema.,Căn hộ chung cư,Hồ Chí Minh,8,,,,120.0,5.0,4.0,1.0,10.784613,106.720474,15801032675,True
Căn hộ chung cư 8 Hồ Chí Minh,Coverage row generated from market priors and Hugging Face schema.,Căn hộ chung cư,Hồ Chí Minh,8,,,,180.0,5.0,2.0,4.0,10.762067,106.698951,21684539105,True
Nhà 1 Hồ Chí Minh,Coverage row generated from market priors and Hugging Face schema.,Nhà,Hồ Chí Minh,1,,,,45.0,3.0,5.0,3.0,10.757676,106.711393,8669584751,True
Nhà 1 Hồ Chí Minh,Coverage row generated from market priors and Hugging Face schema.,Nhà,Hồ Chí Minh,1,,,,60.0,2.0,2.0,3.0,10.769565,106.692925,11411616904,True
Nhà 1 Hồ Chí Minh,Coverage row generated from market priors and Hugging Face schema.,Nhà,Hồ Chí Minh,1,,,,80.0,2.0,2.0,2.0,10.787783,106.725511,14876545570,True
Nhà 1 Hồ Chí Minh,Coverage row generated from market priors and Hugging Face schema.,Nhà,Hồ Chí Minh,1,,,,120.0,4.0,4.0,3.0,10.785973,106.720546,25361991015,True
Nhà 1 Hồ Chí Minh,Coverage row generated from market priors and Hugging Face schema.,Nhà,Hồ Chí Minh,1,,,,180.0,2.0,1.0,4.0,10.792679,106.71033,33951636924,True
Nhà 3 Hồ Chí Minh,Coverage row generated from market priors and Hugging Face schema.,Nhà,Hồ Chí Minh,3,,,,45.0,4.0,3.0,3.0,10.759276,106.684057,9386682588,True
Nhà 3 Hồ Chí Minh,Coverage row generated from market priors and Hugging Face schema.,Nhà,Hồ Chí Minh,3,,,,60.0,4.0,5.0,2.0,10.783285,106.712057,11366930207,True
Nhà 3 Hồ Chí Minh,Coverage row generated from market priors and Hugging Face schema.,Nhà,Hồ Chí Minh,3,,,,80.0,3.0,5.0,4.0,10.79058,106.69171,15216665487,True
Nhà 3 Hồ Chí Minh,Coverage row generated from market priors and Hugging Face schema.,Nhà,Hồ Chí Minh,3,,,,120.0,1.0,1.0,4.0,10.774098,106.707899,21933594447,True
Nhà 3 Hồ Chí Minh,Coverage row generated from market priors and Hugging Face schema.,Nhà,Hồ Chí Minh,3,,,,180.0,2.0,2.0,2.0,10.757505,106.709434,33601733084,True
Nhà 7 Hồ Chí Minh,Coverage row generated from market priors and Hugging Face schema.,Nhà,Hồ Chí Minh,7,,,,45.0,3.0,1.0,3.0,10.799892,106.690294,8048323395,True
Nhà 7 Hồ Chí Minh,Coverage row generated from market priors and Hugging Face schema.,Nhà,Hồ Chí Minh,7,,,,60.0,4.0,1.0,3.0,10.782349,106.723963,12063993635,True
Nhà 7 Hồ Chí Minh,Coverage row generated from market priors and Hugging Face schema.,Nhà,Hồ Chí Minh,7,,,,80.0,2.0,3.0,2.0,10.768812,106.678545,14646818965,True
Nhà 7 Hồ Chí Minh,Coverage row generated from market priors and Hugging Face schema.,Nhà,Hồ Chí Minh,7,,,,120.0,2.0,4.0,4.0,10.794435,106.697472,21283717276,True
Nhà 7 Hồ Chí Minh,Coverage row generated from market priors and Hugging Face schema.,Nhà,Hồ Chí Minh,7,,,,180.0,5.0,1.0,1.0,10.770701,106.712419,35141140807,True
Nhà 8 Hồ Chí Minh,Coverage row generated from market priors and Hugging Face schema.,Nhà,Hồ Chí Minh,8,,,,45.0,1.0,3.0,2.0,10.756374,106.692246,8115473530,True
Nhà 8 Hồ Chí Minh,Coverage row generated from market priors and Hugging Face schema.,Nhà,Hồ Chí Minh,8,,,,60.0,1.0,2.0,2.0,10.752699,106.706901,10919683351,True
Nhà 8 Hồ Chí Minh,Coverage row generated from market priors and Hugging Face schema.,Nhà,Hồ Chí Minh,8,,,,80.0,4.0,1.0,2.0,10.768193,106.704982,15445274858,True
Nhà 8 Hồ Chí Minh,Coverage row generated from market priors and Hugging Face schema.,Nhà,Hồ Chí Minh,8,,,,120.0,3.0,4.0,1.0,10.756662,106.688937,22489056286,True
Nhà 8 Hồ Chí Minh,Coverage row generated from market priors and Hugging Face schema.,Nhà,Hồ Chí Minh,8,,,,180.0,1.0,5.0,2.0,10.79766,106.722475,30921235694,True
Shophouse 1 Hồ Chí Minh,Coverage row generated from market priors and Hugging Face schema.,Shophouse,Hồ Chí Minh,1,,,,45.0,3.0,4.0,3.0,10.76348,106.711659,12417262934,True
Shophouse 1 Hồ Chí Minh,Coverage row generated from market priors and Hugging Face schema.,Shophouse,Hồ Chí Minh,1,,,,60.0,4.0,5.0,3.0,10.777754,106.701928,17512949476,True
Shophouse 1 Hồ Chí Minh,Coverage row generated from market priors and Hugging Face schema.,Shophouse,Hồ Chí Minh,1,,,,80.0,5.0,5.0,4.0,10.787726,106.682019,25106197026,True
Shophouse 1 Hồ Chí Minh,Coverage row generated from market priors and Hugging Face schema.,Shophouse,Hồ Chí Minh,1,,,,120.0,3.0,5.0,4.0,10.762372,106.709805,35927706124,True
Shophouse 1 Hồ Chí Minh,Coverage row generated from market priors and Hugging Face schema.,Shophouse,Hồ Chí Minh,1,,,,180.0,4.0,5.0,1.0,10.793295,106.686659,53518080881,True
Shophouse 3 Hồ Chí Minh,Coverage row generated from market priors and Hugging Face schema.,Shophouse,Hồ Chí Minh,3,,,,45.0,4.0,4.0,1.0,10.771354,106.683696,13437852517,True
Shophouse 3 Hồ Chí Minh,Coverage row generated from market priors and Hugging Face schema.,Shophouse,Hồ Chí Minh,3,,,,60.0,1.0,5.0,2.0,10.763532,106.710554,14820949977,True
Shophouse 3 Hồ Chí Minh,Coverage row generated from market priors and Hugging Face schema.,Shophouse,Hồ Chí Minh,3,,,,80.0,1.0,4.0,3.0,10.778134,106.724742,20493540017,True
Shophouse 3 Hồ Chí Minh,Coverage row generated from market priors and Hugging Face schema.,Shophouse,Hồ Chí Minh,3,,,,120.0,5.0,1.0,2.0,10.759084,106.71058,34040756093,True
Shophouse 3 Hồ Chí Minh,Coverage row generated from market priors and Hugging Face schema.,Shophouse,Hồ Chí Minh,3,,,,180.0,5.0,4.0,3.0,10.777532,106.688215,52698465853,True
Shophouse 7 Hồ Chí Minh,Coverage row generated from market priors and Hugging Face schema.,Shophouse,Hồ Chí Minh,7,,,,45.0,5.0,3.0,2.0,10.789125,106.722232,12629346303,True
Shophouse 7 Hồ Chí Minh,Coverage row generated from market priors and Hugging Face schema.,Shophouse,Hồ Chí Minh,7,,,,60.0,3.0,5.0,4.0,10.765533,106.678023,17411540785,True
Shophouse 7 Hồ Chí Minh,Coverage row generated from market priors and Hugging Face schema.,Shophouse,Hồ Chí Minh,7,,,,80.0,4.0,3.0,4.0,10.787265,106.706432,23814347669,True
Shophouse 7 Hồ Chí Minh,Coverage row generated from market priors and Hugging Face schema.,Shophouse,Hồ Chí Minh,7,,,,120.0,3.0,1.0,2.0,10.793032,106.72113,33285282361,True
Shophouse 7 Hồ Chí Minh,Coverage row generated from market priors and Hugging Face schema.,Shophouse,Hồ Chí Minh,7,,,,180.0,3.0,2.0,2.0,10.786635,106.684519,49066375388,True
Shophouse 8 Hồ Chí Minh,Coverage row generated from market priors and Hugging Face schema.,Shophouse,Hồ Chí Minh,8,,,,45.0,5.0,3.0,3.0,10.755636,106.676332,13288315142,True
Shophouse 8 Hồ Chí Minh,Coverage row generated from market priors and Hugging Face schema.,Shophouse,Hồ Chí Minh,8,,,,60.0,1.0,5.0,2.0,10.787664,106.692307,15876894876,True
Shophouse 8 Hồ Chí Minh,Coverage row generated from market priors and Hugging Face schema.,Shophouse,Hồ Chí Minh,8,,,,80.0,5.0,3.0,2.0,10.766454,106.686554,24226807942,True
Shophouse 8 Hồ Chí Minh,Coverage row generated from market priors and Hugging Face schema.,Shophouse,Hồ Chí Minh,8,,,,120.0,5.0,5.0,4.0,10.775812,106.69112,34911596457,True
Shophouse 8 Hồ Chí Minh,Coverage row generated from market priors and Hugging Face schema.,Shophouse,Hồ Chí Minh,8,,,,180.0,2.0,1.0,2.0,10.777642,106.709489,44189595470,True
Đất 1 Hồ Chí Minh,Coverage row generated from market priors and Hugging Face schema.,Đất,Hồ Chí Minh,1,,,,45.0,0.0,0.0,0.0,10.793317,106.683461,6635654670,True
Đất 1 Hồ Chí Minh,Coverage row generated from market priors and Hugging Face schema.,Đất,Hồ Chí Minh,1,,,,60.0,0.0,0.0,0.0,10.792793,106.704469,9130582458,True
Đất 1 Hồ Chí Minh,Coverage row generated from market priors and Hugging Face schema.,Đất,Hồ Chí Minh,1,,,,80.0,0.0,0.0,0.0,10.762447,106.689321,13198517085,True
Đất 1 Hồ Chí Minh,Coverage row generated from market priors and Hugging Face schema.,Đất,Hồ Chí Minh,1,,,,120.0,0.0,0.0,0.0,10.793692,106.679034,17856370231,True
Đất 1 Hồ Chí Minh,Coverage row generated from market priors and Hugging Face schema.,Đất,Hồ Chí Minh,1,,,,180.0,0.0,0.0,0.0,10.795061,106.695042,26843622109,True
Đất 3 Hồ Chí Minh,Coverage row generated from market priors and Hugging Face schema.,Đất,Hồ Chí Minh,3,,,,45.0,0.0,0.0,0.0,10.760884,106.697821,6881988083,True
Đất 3 Hồ Chí Minh,Coverage row generated from market priors and Hugging Face schema.,Đất,Hồ Chí Minh,3,,,,60.0,0.0,0.0,0.0,10.752742,106.703035,9549448060,True
Đất 3 Hồ Chí Minh,Coverage row generated from market priors and Hugging Face schema.,Đất,Hồ Chí Minh,3,,,,80.0,0.0,0.0,0.0,10.753971,106.702952,12458587564,True
Đất 3 Hồ Chí Minh,Coverage row generated from market priors and Hugging Face schema.,Đất,Hồ Chí Minh,3,,,,120.0,0.0,0.0,0.0,10.779579,106.694614,18196049786,True
Đất 3 Hồ Chí Minh,Coverage row generated from market priors and Hugging Face schema.,Đất,Hồ Chí Minh,3,,,,180.0,0.0,0.0,0.0,10.779027,106.712928,26978489364,True
Đất 7 Hồ Chí Minh,Coverage row generated from market priors and Hugging Face schema.,Đất,Hồ Chí Minh,7,,,,45.0,0.0,0.0,0.0,10.78284,106.683269,6742202082,True
Đất 7 Hồ Chí Minh,Coverage row generated from market priors and Hugging Face schema.,Đất,Hồ Chí Minh,7,,,,60.0,0.0,0.0,0.0,10.753901,106.70948,9600241472,True
Đất 7 Hồ Chí Minh,Coverage row generated from market priors and Hugging Face schema.,Đất,Hồ Chí Minh,7,,,,80.0,0.0,0.0,0.0,10.794593,106.678402,12587284558,True
Đất 7 Hồ Chí Minh,Coverage row generated from market priors and Hugging Face schema.,Đất,Hồ Chí Minh,7,,,,120.0,0.0,0.0,0.0,10.800368,106.691583,19225132081,True
Đất 7 Hồ Chí Minh,Coverage row generated from market priors and Hugging Face schema.,Đất,Hồ Chí Minh,7,,,,180.0,0.0,0.0,0.0,10.758013,106.67654,27551789735,True
Đất 8 Hồ Chí Minh,Coverage row generated from market priors and Hugging Face schema.,Đất,Hồ Chí Minh,8,,,,45.0,0.0,0.0,0.0,10.758021,106.697555,6662445762,True
Đất 8 Hồ Chí Minh,Coverage row generated from market priors and Hugging Face schema.,Đất,Hồ Chí Minh,8,,,,60.0,0.0,0.0,0.0,10.792911,106.705924,9048179720,True
Đất 8 Hồ Chí Minh,Coverage row generated from market priors and Hugging Face schema.,Đất,Hồ Chí Minh,8,,,,80.0,0.0,0.0,0.0,10.783199,106.698164,11957575147,True
Đất 8 Hồ Chí Minh,Coverage row generated from market priors and Hugging Face schema.,Đất,Hồ Chí Minh,8,,,,120.0,0.0,0.0,0.0,10.761882,106.70889,17920247194,True
Đất 8 Hồ Chí Minh,Coverage row generated from market priors and Hugging Face schema.,Đất,Hồ Chí Minh,8,,,,180.0,0.0,0.0,0.0,10.77492,106.725517,28006635094,True
Biệt thự/Nhà liền kề Trung tâm Hưng Yên,Coverage row generated from market priors and Hugging Face schema.,Biệt thự/Nhà liền kề,Hưng Yên,Trung tâm,,,,45.0,4.0,4.0,2.0,20.653159,106.069223,2744372242,True
Biệt thự/Nhà liền kề Trung tâm Hưng Yên,Coverage row generated from market priors and Hugging Face schema.,Biệt thự/Nhà liền kề,Hưng Yên,Trung tâm,,,,60.0,2.0,5.0,4.0,20.655728,106.045626,3499478349,True
Biệt thự/Nhà liền kề Trung tâm Hưng Yên,Coverage row generated from market priors and Hugging Face schema.,Biệt thự/Nhà liền kề,Hưng Yên,Trung tâm,,,,80.0,3.0,5.0,2.0,20.631297,106.027319,4729237199,True
Biệt thự/Nhà liền kề Trung tâm Hưng Yên,Coverage row generated from market priors and Hugging Face schema.,Biệt thự/Nhà liền kề,Hưng Yên,Trung tâm,,,,120.0,1.0,4.0,1.0,20.654028,106.0737,6802939543,True
Biệt thự/Nhà liền kề Trung tâm Hưng Yên,Coverage row generated from market priors and Hugging Face schema.,Biệt thự/Nhà liền kề,Hưng Yên,Trung tâm,,,,180.0,4.0,1.0,3.0,20.622222,106.045279,11425618342,True
Căn hộ chung cư Trung tâm Hưng Yên,Coverage row generated from market priors and Hugging Face schema.,Căn hộ chung cư,Hưng Yên,Trung tâm,,,,45.0,2.0,1.0,2.0,20.647982,106.068925,1342191408,True
Căn hộ chung cư Trung tâm Hưng Yên,Coverage row generated from market priors and Hugging Face schema.,Căn hộ chung cư,Hưng Yên,Trung tâm,,,,60.0,3.0,2.0,4.0,20.638011,106.056104,1908998943,True
Căn hộ chung cư Trung tâm Hưng Yên,Coverage row generated from market priors and Hugging Face schema.,Căn hộ chung cư,Hưng Yên,Trung tâm,,,,80.0,1.0,5.0,2.0,20.653448,106.051439,2667929901,True
Căn hộ chung cư Trung tâm Hưng Yên,Coverage row generated from market priors and Hugging Face schema.,Căn hộ chung cư,Hưng Yên,Trung tâm,,,,120.0,2.0,4.0,1.0,20.623929,106.05709,3710100191,True
Căn hộ chung cư Trung tâm Hưng Yên,Coverage row generated from market priors and Hugging Face schema.,Căn hộ chung cư,Hưng Yên,Trung tâm,,,,180.0,5.0,5.0,2.0,20.668071,106.067388,5765209509,True
Nhà Trung tâm Hưng Yên,Coverage row generated from market priors and Hugging Face schema.,Nhà,Hưng Yên,Trung tâm,,,,45.0,3.0,3.0,2.0,20.641396,106.063807,2167942418,True
Nhà Trung tâm Hưng Yên,Coverage row generated from market priors and Hugging Face schema.,Nhà,Hưng Yên,Trung tâm,,,,60.0,5.0,1.0,3.0,20.633309,106.035372,3008602915,True
Nhà Trung tâm Hưng Yên,Coverage row generated from market priors and Hugging Face schema.,Nhà,Hưng Yên,Trung tâm,,,,80.0,3.0,4.0,4.0,20.657613,106.065652,4000151290,True
Nhà Trung tâm Hưng Yên,Coverage row generated from market priors and Hugging Face schema.,Nhà,Hưng Yên,Trung tâm,,,,120.0,1.0,1.0,4.0,20.623769,106.063643,5561067165,True
Nhà Trung tâm Hưng Yên,Coverage row generated from market priors and Hugging Face schema.,Nhà,Hưng Yên,Trung tâm,,,,180.0,4.0,5.0,2.0,20.642998,106.056558,9166981425,True
Shophouse Trung tâm Hưng Yên,Coverage row generated from market priors and Hugging Face schema.,Shophouse,Hưng Yên,Trung tâm,,,,45.0,1.0,5.0,4.0,20.63053,106.036936,3012679283,True
Shophouse Trung tâm Hưng Yên,Coverage row generated from market priors and Hugging Face schema.,Shophouse,Hưng Yên,Trung tâm,,,,60.0,1.0,2.0,3.0,20.66707,106.042525,3820305788,True
Shophouse Trung tâm Hưng Yên,Coverage row generated from market priors and Hugging Face schema.,Shophouse,Hưng Yên,Trung tâm,,,,80.0,2.0,2.0,1.0,20.639757,106.056118,5271738619,True
Shophouse Trung tâm Hưng Yên,Coverage row generated from market priors and Hugging Face schema.,Shophouse,Hưng Yên,Trung tâm,,,,120.0,1.0,5.0,3.0,20.670143,106.042499,7606233616,True
Shophouse Trung tâm Hưng Yên,Coverage row generated from market priors and Hugging Face schema.,Shophouse,Hưng Yên,Trung tâm,,,,180.0,3.0,2.0,3.0,20.631408,106.04292,12041330506,True
Đất Trung tâm Hưng Yên,Coverage row generated from market priors and Hugging Face schema.,Đất,Hưng Yên,Trung tâm,,,,45.0,0.0,0.0,0.0,20.62904,106.04199,1726989326,True
Đất Trung tâm Hưng Yên,Coverage row generated from market priors and Hugging Face schema.,Đất,Hưng Yên,Trung tâm,,,,60.0,0.0,0.0,0.0,20.658477,106.053319,2498724837,True
Đất Trung tâm Hưng Yên,Coverage row generated from market priors and Hugging Face schema.,Đất,Hưng Yên,Trung tâm,,,,80.0,0.0,0.0,0.0,20.659688,106.036397,3315030126,True
Đất Trung tâm Hưng Yên,Coverage row generated from market priors and Hugging Face schema.,Đất,Hưng Yên,Trung tâm,,,,120.0,0.0,0.0,0.0,20.653729,106.058784,4946557659,True
Đất Trung tâm Hưng Yên,Coverage row generated from market priors and Hugging Face schema.,Đất,Hưng Yên,Trung tâm,,,,180.0,0.0,0.0,0.0,20.660554,106.052138,7351759754,True
Biệt thự/Nhà liền kề Nha Trang Khánh Hòa,Coverage row generated from market priors and Hugging Face schema.,Biệt thự/Nhà liền kề,Khánh Hòa,Nha Trang,,,,45.0,5.0,3.0,4.0,12.215836,109.202119,5073268961,True
Biệt thự/Nhà liền kề Nha Trang Khánh Hòa,Coverage row generated from market priors and Hugging Face schema.,Biệt thự/Nhà liền kề,Khánh Hòa,Nha Trang,,,,60.0,2.0,3.0,2.0,12.233747,109.191423,5462193987,True
Biệt thự/Nhà liền kề Nha Trang Khánh Hòa,Coverage row generated from market priors and Hugging Face schema.,Biệt thự/Nhà liền kề,Khánh Hòa,Nha Trang,,,,80.0,5.0,1.0,4.0,12.22428,109.208666,9036482485,True
Biệt thự/Nhà liền kề Nha Trang Khánh Hòa,Coverage row generated from market priors and Hugging Face schema.,Biệt thự/Nhà liền kề,Khánh Hòa,Nha Trang,,,,120.0,4.0,5.0,4.0,12.24457,109.211201,12798616659,True
Biệt thự/Nhà liền kề Nha Trang Khánh Hòa,Coverage row generated from market priors and Hugging Face schema.,Biệt thự/Nhà liền kề,Khánh Hòa,Nha Trang,,,,180.0,3.0,5.0,2.0,12.249574,109.211227,18452168791,True
Căn hộ chung cư Nha Trang Khánh Hòa,Coverage row generated from market priors and Hugging Face schema.,Căn hộ chung cư,Khánh Hòa,Nha Trang,,,,45.0,2.0,1.0,2.0,12.229943,109.215531,2208500507,True
Căn hộ chung cư Nha Trang Khánh Hòa,Coverage row generated from market priors and Hugging Face schema.,Căn hộ chung cư,Khánh Hòa,Nha Trang,,,,60.0,4.0,5.0,2.0,12.244677,109.220663,3254463041,True
Căn hộ chung cư Nha Trang Khánh Hòa,Coverage row generated from market priors and Hugging Face schema.,Căn hộ chung cư,Khánh Hòa,Nha Trang,,,,80.0,1.0,3.0,2.0,12.233161,109.178801,4303865399,True
Căn hộ chung cư Nha Trang Khánh Hòa,Coverage row generated from market priors and Hugging Face schema.,Căn hộ chung cư,Khánh Hòa,Nha Trang,,,,120.0,4.0,3.0,3.0,12.238092,109.191726,6444906794,True
Căn hộ chung cư Nha Trang Khánh Hòa,Coverage row generated from market priors and Hugging Face schema.,Căn hộ chung cư,Khánh Hòa,Nha Trang,,,,180.0,1.0,1.0,1.0,12.216074,109.218029,8571940101,True
Nhà Nha Trang Khánh Hòa,Coverage row generated from market priors and Hugging Face schema.,Nhà,Khánh Hòa,Nha Trang,,,,45.0,1.0,5.0,1.0,12.215886,109.175717,3555045705,True
Nhà Nha Trang Khánh Hòa,Coverage row generated from market priors and Hugging Face schema.,Nhà,Khánh Hòa,Nha Trang,,,,60.0,1.0,4.0,2.0,12.228276,109.221596,4565464458,True
Nhà Nha Trang Khánh Hòa,Coverage row generated from market priors and Hugging Face schema.,Nhà,Khánh Hòa,Nha Trang,,,,80.0,4.0,4.0,4.0,12.228394,109.20445,6462362912,True
Nhà Nha Trang Khánh Hòa,Coverage row generated from market priors and Hugging Face schema.,Nhà,Khánh Hòa,Nha Trang,,,,120.0,5.0,3.0,4.0,12.222216,109.186759,10101673108,True
Nhà Nha Trang Khánh Hòa,Coverage row generated from market priors and Hugging Face schema.,Nhà,Khánh Hòa,Nha Trang,,,,180.0,2.0,1.0,1.0,12.215118,109.19592,13229819429,True
Shophouse Nha Trang Khánh Hòa,Coverage row generated from market priors and Hugging Face schema.,Shophouse,Khánh Hòa,Nha Trang,,,,45.0,5.0,1.0,4.0,12.255075,109.201718,5837935292,True
Shophouse Nha Trang Khánh Hòa,Coverage row generated from market priors and Hugging Face schema.,Shophouse,Khánh Hòa,Nha Trang,,,,60.0,5.0,2.0,3.0,12.218222,109.198474,7766214156,True
Shophouse Nha Trang Khánh Hòa,Coverage row generated from market priors and Hugging Face schema.,Shophouse,Khánh Hòa,Nha Trang,,,,80.0,1.0,4.0,3.0,12.243463,109.218178,8835846400,True
Shophouse Nha Trang Khánh Hòa,Coverage row generated from market priors and Hugging Face schema.,Shophouse,Khánh Hòa,Nha Trang,,,,120.0,1.0,2.0,1.0,12.236875,109.195285,12092538053,True
Shophouse Nha Trang Khánh Hòa,Coverage row generated from market priors and Hugging Face schema.,Shophouse,Khánh Hòa,Nha Trang,,,,180.0,2.0,5.0,3.0,12.221237,109.210574,21282576881,True
Đất Nha Trang Khánh Hòa,Coverage row generated from market priors and Hugging Face schema.,Đất,Khánh Hòa,Nha Trang,,,,45.0,0.0,0.0,0.0,12.237657,109.180259,3116987151,True
Đất Nha Trang Khánh Hòa,Coverage row generated from market priors and Hugging Face schema.,Đất,Khánh Hòa,Nha Trang,,,,60.0,0.0,0.0,0.0,12.219309,109.203731,4046278858,True
Đất Nha Trang Khánh Hòa,Coverage row generated from market priors and Hugging Face schema.,Đất,Khánh Hòa,Nha Trang,,,,80.0,0.0,0.0,0.0,12.261566,109.210297,5054810179,True
Đất Nha Trang Khánh Hòa,Coverage row generated from market priors and Hugging Face schema.,Đất,Khánh Hòa,Nha Trang,,,,120.0,0.0,0.0,0.0,12.228502,109.196266,8189132624,True
Đất Nha Trang Khánh Hòa,Coverage row generated from market priors and Hugging Face schema.,Đất,Khánh Hòa,Nha Trang,,,,180.0,0.0,0.0,0.0,12.250866,109.173967,11900525652,True
Biệt thự/Nhà liền kề Trung tâm Kiên Giang,Coverage row generated from market priors and Hugging Face schema.,Biệt thự/Nhà liền kề,Kiên Giang,Trung tâm,,,,45.0,2.0,3.0,2.0,10.035777,105.084194,2479238356,True
Biệt thự/Nhà liền kề Trung tâm Kiên Giang,Coverage row generated from market priors and Hugging Face schema.,Biệt thự/Nhà liền kề,Kiên Giang,Trung tâm,,,,60.0,2.0,2.0,2.0,10.001367,105.087533,3044389666,True
Biệt thự/Nhà liền kề Trung tâm Kiên Giang,Coverage row generated from market priors and Hugging Face schema.,Biệt thự/Nhà liền kề,Kiên Giang,Trung tâm,,,,80.0,2.0,2.0,1.0,10.016569,105.056318,3973828237,True
Biệt thự/Nhà liền kề Trung tâm Kiên Giang,Coverage row generated from market priors and Hugging Face schema.,Biệt thự/Nhà liền kề,Kiên Giang,Trung tâm,,,,120.0,4.0,5.0,1.0,10.018716,105.090122,6677794864,True
Biệt thự/Nhà liền kề Trung tâm Kiên Giang,Coverage row generated from market priors and Hugging Face schema.,Biệt thự/Nhà liền kề,Kiên Giang,Trung tâm,,,,180.0,3.0,4.0,3.0,10.031447,105.099451,9690095941,True
Căn hộ chung cư Trung tâm Kiên Giang,Coverage row generated from market priors and Hugging Face schema.,Căn hộ chung cư,Kiên Giang,Trung tâm,,,,45.0,3.0,1.0,4.0,10.024733,105.085896,1257422908,True
Căn hộ chung cư Trung tâm Kiên Giang,Coverage row generated from market priors and Hugging Face schema.,Căn hộ chung cư,Kiên Giang,Trung tâm,,,,60.0,2.0,3.0,2.0,10.016506,105.060376,1736304674,True
Căn hộ chung cư Trung tâm Kiên Giang,Coverage row generated from market priors and Hugging Face schema.,Căn hộ chung cư,Kiên Giang,Trung tâm,,,,80.0,3.0,1.0,2.0,10.031622,105.086537,2105840757,True
Căn hộ chung cư Trung tâm Kiên Giang,Coverage row generated from market priors and Hugging Face schema.,Căn hộ chung cư,Kiên Giang,Trung tâm,,,,120.0,4.0,5.0,1.0,10.001653,105.089917,3765531388,True
Căn hộ chung cư Trung tâm Kiên Giang,Coverage row generated from market priors and Hugging Face schema.,Căn hộ chung cư,Kiên Giang,Trung tâm,,,,180.0,4.0,3.0,2.0,10.026837,105.091545,4858629250,True
Nhà Trung tâm Kiên Giang,Coverage row generated from market priors and Hugging Face schema.,Nhà,Kiên Giang,Trung tâm,,,,45.0,2.0,3.0,1.0,9.992745,105.087825,1930789971,True
Nhà Trung tâm Kiên Giang,Coverage row generated from market priors and Hugging Face schema.,Nhà,Kiên Giang,Trung tâm,,,,60.0,3.0,3.0,1.0,10.009854,105.077116,2661730408,True
Nhà Trung tâm Kiên Giang,Coverage row generated from market priors and Hugging Face schema.,Nhà,Kiên Giang,Trung tâm,,,,80.0,5.0,1.0,4.0,10.002529,105.073041,3766474896,True
Nhà Trung tâm Kiên Giang,Coverage row generated from market priors and Hugging Face schema.,Nhà,Kiên Giang,Trung tâm,,,,120.0,1.0,5.0,4.0,10.031652,105.058109,4725117750,True
Nhà Trung tâm Kiên Giang,Coverage row generated from market priors and Hugging Face schema.,Nhà,Kiên Giang,Trung tâm,,,,180.0,3.0,5.0,4.0,10.030333,105.081285,8535327313,True
Shophouse Trung tâm Kiên Giang,Coverage row generated from market priors and Hugging Face schema.,Shophouse,Kiên Giang,Trung tâm,,,,45.0,4.0,1.0,1.0,10.022341,105.093636,2889331012,True
Shophouse Trung tâm Kiên Giang,Coverage row generated from market priors and Hugging Face schema.,Shophouse,Kiên Giang,Trung tâm,,,,60.0,3.0,4.0,4.0,10.001228,105.060546,4086515893,True
Shophouse Trung tâm Kiên Giang,Coverage row generated from market priors and Hugging Face schema.,Shophouse,Kiên Giang,Trung tâm,,,,80.0,5.0,1.0,1.0,9.994151,105.071381,5398988469,True
Shophouse Trung tâm Kiên Giang,Coverage row generated from market priors and Hugging Face schema.,Shophouse,Kiên Giang,Trung tâm,,,,120.0,3.0,4.0,4.0,10.030151,105.073121,7328844543,True
Shophouse Trung tâm Kiên Giang,Coverage row generated from market priors and Hugging Face schema.,Shophouse,Kiên Giang,Trung tâm,,,,180.0,3.0,5.0,3.0,10.013218,105.102398,12124222728,True
Đất Trung tâm Kiên Giang,Coverage row generated from market priors and Hugging Face schema.,Đất,Kiên Giang,Trung tâm,,,,45.0,0.0,0.0,0.0,9.995239,105.094852,1534144760,True
Đất Trung tâm Kiên Giang,Coverage row generated from market priors and Hugging Face schema.,Đất,Kiên Giang,Trung tâm,,,,60.0,0.0,0.0,0.0,10.02632,105.092127,2257586168,True
Đất Trung tâm Kiên Giang,Coverage row generated from market priors and Hugging Face schema.,Đất,Kiên Giang,Trung tâm,,,,80.0,0.0,0.0,0.0,10.021089,105.071814,2944796398,True
Đất Trung tâm Kiên Giang,Coverage row generated from market priors and Hugging Face schema.,Đất,Kiên Giang,Trung tâm,,,,120.0,0.0,0.0,0.0,10.01576,105.093291,4449956662,True
Đất Trung tâm Kiên Giang,Coverage row generated from market priors and Hugging Face schema.,Đất,Kiên Giang,Trung tâm,,,,180.0,0.0,0.0,0.0,10.012674,105.058402,6335839178,True
Biệt thự/Nhà liền kề Trung tâm Kon Tum,Coverage row generated from market priors and Hugging Face schema.,Biệt thự/Nhà liền kề,Kon Tum,Trung tâm,,,,45.0,2.0,2.0,1.0,14.339199,108.031196,1119138248,True
Biệt thự/Nhà liền kề Trung tâm Kon Tum,Coverage row generated from market priors and Hugging Face schema.,Biệt thự/Nhà liền kề,Kon Tum,Trung tâm,,,,60.0,3.0,3.0,3.0,14.369914,107.983428,1592430207,True
Biệt thự/Nhà liền kề Trung tâm Kon Tum,Coverage row generated from market priors and Hugging Face schema.,Biệt thự/Nhà liền kề,Kon Tum,Trung tâm,,,,80.0,3.0,2.0,3.0,14.347155,108.014939,2027557000,True
Biệt thự/Nhà liền kề Trung tâm Kon Tum,Coverage row generated from market priors and Hugging Face schema.,Biệt thự/Nhà liền kề,Kon Tum,Trung tâm,,,,120.0,1.0,4.0,3.0,14.337949,107.993047,2913111294,True
Biệt thự/Nhà liền kề Trung tâm Kon Tum,Coverage row generated from market priors and Hugging Face schema.,Biệt thự/Nhà liền kề,Kon Tum,Trung tâm,,,,180.0,2.0,3.0,4.0,14.343105,107.985206,4309223414,True
Căn hộ chung cư Trung tâm Kon Tum,Coverage row generated from market priors and Hugging Face schema.,Căn hộ chung cư,Kon Tum,Trung tâm,,,,45.0,1.0,1.0,4.0,14.36257,108.016573,547620338,True
Căn hộ chung cư Trung tâm Kon Tum,Coverage row generated from market priors and Hugging Face schema.,Căn hộ chung cư,Kon Tum,Trung tâm,,,,60.0,4.0,2.0,1.0,14.330657,107.991887,753479675,True
Căn hộ chung cư Trung tâm Kon Tum,Coverage row generated from market priors and Hugging Face schema.,Căn hộ chung cư,Kon Tum,Trung tâm,,,,80.0,1.0,4.0,4.0,14.352043,108.000014,1097681080,True
Căn hộ chung cư Trung tâm Kon Tum,Coverage row generated from market priors and Hugging Face schema.,Căn hộ chung cư,Kon Tum,Trung tâm,,,,120.0,2.0,4.0,1.0,14.351336,108.008733,1664316016,True
Căn hộ chung cư Trung tâm Kon Tum,Coverage row generated from market priors and Hugging Face schema.,Căn hộ chung cư,Kon Tum,Trung tâm,,,,180.0,5.0,4.0,1.0,14.334915,108.027806,2605410165,True
Nhà Trung tâm Kon Tum,Coverage row generated from market priors and Hugging Face schema.,Nhà,Kon Tum,Trung tâm,,,,45.0,5.0,1.0,4.0,14.349713,108.018604,1007060471,True
Nhà Trung tâm Kon Tum,Coverage row generated from market priors and Hugging Face schema.,Nhà,Kon Tum,Trung tâm,,,,60.0,1.0,5.0,4.0,14.367527,108.027743,1164860827,True
Nhà Trung tâm Kon Tum,Coverage row generated from market priors and Hugging Face schema.,Nhà,Kon Tum,Trung tâm,,,,80.0,3.0,5.0,3.0,14.349868,108.000272,1635919699,True
Nhà Trung tâm Kon Tum,Coverage row generated from market priors and Hugging Face schema.,Nhà,Kon Tum,Trung tâm,,,,120.0,2.0,1.0,1.0,14.335862,108.002924,2175645227,True
Nhà Trung tâm Kon Tum,Coverage row generated from market priors and Hugging Face schema.,Nhà,Kon Tum,Trung tâm,,,,180.0,1.0,3.0,1.0,14.334467,107.985441,3186563686,True
Shophouse Trung tâm Kon Tum,Coverage row generated from market priors and Hugging Face schema.,Shophouse,Kon Tum,Trung tâm,,,,45.0,1.0,4.0,1.0,14.369413,107.986713,1315287456,True
Shophouse Trung tâm Kon Tum,Coverage row generated from market priors and Hugging Face schema.,Shophouse,Kon Tum,Trung tâm,,,,60.0,1.0,1.0,3.0,14.342099,107.996662,1703825620,True
Shophouse Trung tâm Kon Tum,Coverage row generated from market priors and Hugging Face schema.,Shophouse,Kon Tum,Trung tâm,,,,80.0,3.0,2.0,1.0,14.367391,107.987312,2375599326,True
Shophouse Trung tâm Kon Tum,Coverage row generated from market priors and Hugging Face schema.,Shophouse,Kon Tum,Trung tâm,,,,120.0,4.0,5.0,1.0,14.37224,108.009267,3625952392,True
Shophouse Trung tâm Kon Tum,Coverage row generated from market priors and Hugging Face schema.,Shophouse,Kon Tum,Trung tâm,,,,180.0,3.0,1.0,1.0,14.371443,107.988583,5179244961,True
Đất Trung tâm Kon Tum,Coverage row generated from market priors and Hugging Face schema.,Đất,Kon Tum,Trung tâm,,,,45.0,0.0,0.0,0.0,14.366756,108.012927,744575475,True
Đất Trung tâm Kon Tum,Coverage row generated from market priors and Hugging Face schema.,Đất,Kon Tum,Trung tâm,,,,60.0,0.0,0.0,0.0,14.363816,107.994815,1068715868,True
Đất Trung tâm Kon Tum,Coverage row generated from market priors and Hugging Face schema.,Đất,Kon Tum,Trung tâm,,,,80.0,0.0,0.0,0.0,14.347557,108.025405,1359249891,True
Đất Trung tâm Kon Tum,Coverage row generated from market priors and Hugging Face schema.,Đất,Kon Tum,Trung tâm,,,,120.0,0.0,0.0,0.0,14.344894,108.031061,1983181848,True
Đất Trung tâm Kon Tum,Coverage row generated from market priors and Hugging Face schema.,Đất,Kon Tum,Trung tâm,,,,180.0,0.0,0.0,0.0,14.375338,108.0033,3195069852,True
Biệt thự/Nhà liền kề Trung tâm Lai Châu,Coverage row generated from market priors and Hugging Face schema.,Biệt thự/Nhà liền kề,Lai Châu,Trung tâm,,,,45.0,5.0,1.0,3.0,22.39004,103.490327,1124509656,True
Biệt thự/Nhà liền kề Trung tâm Lai Châu,Coverage row generated from market priors and Hugging Face schema.,Biệt thự/Nhà liền kề,Lai Châu,Trung tâm,,,,60.0,2.0,2.0,2.0,22.381907,103.483431,1241994920,True
Biệt thự/Nhà liền kề Trung tâm Lai Châu,Coverage row generated from market priors and Hugging Face schema.,Biệt thự/Nhà liền kề,Lai Châu,Trung tâm,,,,80.0,1.0,4.0,4.0,22.406208,103.451365,1704205650,True
Biệt thự/Nhà liền kề Trung tâm Lai Châu,Coverage row generated from market priors and Hugging Face schema.,Biệt thự/Nhà liền kề,Lai Châu,Trung tâm,,,,120.0,5.0,2.0,4.0,22.389547,103.451759,2993456409,True
Biệt thự/Nhà liền kề Trung tâm Lai Châu,Coverage row generated from market priors and Hugging Face schema.,Biệt thự/Nhà liền kề,Lai Châu,Trung tâm,,,,180.0,4.0,5.0,4.0,22.401404,103.492563,4608064679,True
Căn hộ chung cư Trung tâm Lai Châu,Coverage row generated from market priors and Hugging Face schema.,Căn hộ chung cư,Lai Châu,Trung tâm,,,,45.0,3.0,2.0,3.0,22.409682,103.478332,507898775,True
Căn hộ chung cư Trung tâm Lai Châu,Coverage row generated from market priors and Hugging Face schema.,Căn hộ chung cư,Lai Châu,Trung tâm,,,,60.0,1.0,1.0,3.0,22.376542,103.445961,648553450,True
Căn hộ chung cư Trung tâm Lai Châu,Coverage row generated from market priors and Hugging Face schema.,Căn hộ chung cư,Lai Châu,Trung tâm,,,,80.0,3.0,3.0,3.0,22.382652,103.485412,939451684,True
Căn hộ chung cư Trung tâm Lai Châu,Coverage row generated from market priors and Hugging Face schema.,Căn hộ chung cư,Lai Châu,Trung tâm,,,,120.0,5.0,3.0,2.0,22.3713,103.484116,1378806434,True
Căn hộ chung cư Trung tâm Lai Châu,Coverage row generated from market priors and Hugging Face schema.,Căn hộ chung cư,Lai Châu,Trung tâm,,,,180.0,4.0,5.0,4.0,22.377051,103.487011,2290046977,True
Nhà Trung tâm Lai Châu,Coverage row generated from market priors and Hugging Face schema.,Nhà,Lai Châu,Trung tâm,,,,45.0,2.0,3.0,1.0,22.404088,103.452768,755681520,True
Nhà Trung tâm Lai Châu,Coverage row generated from market priors and Hugging Face schema.,Nhà,Lai Châu,Trung tâm,,,,60.0,3.0,3.0,1.0,22.382172,103.462702,1070361409,True
Nhà Trung tâm Lai Châu,Coverage row generated from market priors and Hugging Face schema.,Nhà,Lai Châu,Trung tâm,,,,80.0,3.0,2.0,4.0,22.38106,103.468583,1470404055,True
Nhà Trung tâm Lai Châu,Coverage row generated from market priors and Hugging Face schema.,Nhà,Lai Châu,Trung tâm,,,,120.0,1.0,2.0,3.0,22.391932,103.493757,1991454211,True
Nhà Trung tâm Lai Châu,Coverage row generated from market priors and Hugging Face schema.,Nhà,Lai Châu,Trung tâm,,,,180.0,3.0,2.0,2.0,22.380974,103.486047,3073424337,True
Shophouse Trung tâm Lai Châu,Coverage row generated from market priors and Hugging Face schema.,Shophouse,Lai Châu,Trung tâm,,,,45.0,2.0,5.0,1.0,22.40179,103.491662,1097506620,True
Shophouse Trung tâm Lai Châu,Coverage row generated from market priors and Hugging Face schema.,Shophouse,Lai Châu,Trung tâm,,,,60.0,4.0,3.0,4.0,22.377684,103.488138,1718950334,True
Shophouse Trung tâm Lai Châu,Coverage row generated from market priors and Hugging Face schema.,Shophouse,Lai Châu,Trung tâm,,,,80.0,4.0,3.0,2.0,22.380283,103.482081,2316199839,True
Shophouse Trung tâm Lai Châu,Coverage row generated from market priors and Hugging Face schema.,Shophouse,Lai Châu,Trung tâm,,,,120.0,4.0,1.0,2.0,22.377226,103.468021,3359491557,True
Shophouse Trung tâm Lai Châu,Coverage row generated from market priors and Hugging Face schema.,Shophouse,Lai Châu,Trung tâm,,,,180.0,1.0,5.0,3.0,22.408779,103.488815,4387376599,True
Đất Trung tâm Lai Châu,Coverage row generated from market priors and Hugging Face schema.,Đất,Lai Châu,Trung tâm,,,,45.0,0.0,0.0,0.0,22.390399,103.463779,664950388,True
Đất Trung tâm Lai Châu,Coverage row generated from market priors and Hugging Face schema.,Đất,Lai Châu,Trung tâm,,,,60.0,0.0,0.0,0.0,22.409846,103.474964,958657229,True
Đất Trung tâm Lai Châu,Coverage row generated from market priors and Hugging Face schema.,Đất,Lai Châu,Trung tâm,,,,80.0,0.0,0.0,0.0,22.372372,103.447337,1274915521,True
Đất Trung tâm Lai Châu,Coverage row generated from market priors and Hugging Face schema.,Đất,Lai Châu,Trung tâm,,,,120.0,0.0,0.0,0.0,22.400922,103.46231,1887683502,True
Đất Trung tâm Lai Châu,Coverage row generated from market priors and Hugging Face schema.,Đất,Lai Châu,Trung tâm,,,,180.0,0.0,0.0,0.0,22.405995,103.468306,2594674245,True
Biệt thự/Nhà liền kề Trung tâm Lâm Đồng,Coverage row generated from market priors and Hugging Face schema.,Biệt thự/Nhà liền kề,Lâm Đồng,Trung tâm,,,,45.0,3.0,2.0,4.0,11.949566,108.43792,2392450689,True
Biệt thự/Nhà liền kề Trung tâm Lâm Đồng,Coverage row generated from market priors and Hugging Face schema.,Biệt thự/Nhà liền kề,Lâm Đồng,Trung tâm,,,,60.0,5.0,2.0,4.0,11.926679,108.46817,3651729192,True
Biệt thự/Nhà liền kề Trung tâm Lâm Đồng,Coverage row generated from market priors and Hugging Face schema.,Biệt thự/Nhà liền kề,Lâm Đồng,Trung tâm,,,,80.0,5.0,2.0,1.0,11.965178,108.46869,4869306191,True
Biệt thự/Nhà liền kề Trung tâm Lâm Đồng,Coverage row generated from market priors and Hugging Face schema.,Biệt thự/Nhà liền kề,Lâm Đồng,Trung tâm,,,,120.0,5.0,3.0,3.0,11.917656,108.458348,7365680602,True
Biệt thự/Nhà liền kề Trung tâm Lâm Đồng,Coverage row generated from market priors and Hugging Face schema.,Biệt thự/Nhà liền kề,Lâm Đồng,Trung tâm,,,,180.0,2.0,3.0,2.0,11.929097,108.441478,8986447151,True
Căn hộ chung cư Trung tâm Lâm Đồng,Coverage row generated from market priors and Hugging Face schema.,Căn hộ chung cư,Lâm Đồng,Trung tâm,,,,45.0,3.0,2.0,3.0,11.923401,108.46704,1159073009,True
Căn hộ chung cư Trung tâm Lâm Đồng,Coverage row generated from market priors and Hugging Face schema.,Căn hộ chung cư,Lâm Đồng,Trung tâm,,,,60.0,5.0,2.0,2.0,11.953178,108.482166,1581450841,True
Căn hộ chung cư Trung tâm Lâm Đồng,Coverage row generated from market priors and Hugging Face schema.,Căn hộ chung cư,Lâm Đồng,Trung tâm,,,,80.0,4.0,5.0,2.0,11.918301,108.434632,2433637721,True
Căn hộ chung cư Trung tâm Lâm Đồng,Coverage row generated from market priors and Hugging Face schema.,Căn hộ chung cư,Lâm Đồng,Trung tâm,,,,120.0,4.0,4.0,3.0,11.915741,108.456792,3678055177,True
Căn hộ chung cư Trung tâm Lâm Đồng,Coverage row generated from market priors and Hugging Face schema.,Căn hộ chung cư,Lâm Đồng,Trung tâm,,,,180.0,3.0,4.0,2.0,11.961157,108.436168,5120303302,True
Nhà Trung tâm Lâm Đồng,Coverage row generated from market priors and Hugging Face schema.,Nhà,Lâm Đồng,Trung tâm,,,,45.0,3.0,3.0,1.0,11.964283,108.478014,2004076228,True
Nhà Trung tâm Lâm Đồng,Coverage row generated from market priors and Hugging Face schema.,Nhà,Lâm Đồng,Trung tâm,,,,60.0,4.0,5.0,4.0,11.942666,108.473654,2817419808,True
Nhà Trung tâm Lâm Đồng,Coverage row generated from market priors and Hugging Face schema.,Nhà,Lâm Đồng,Trung tâm,,,,80.0,4.0,1.0,1.0,11.96159,108.457077,3646904767,True
Nhà Trung tâm Lâm Đồng,Coverage row generated from market priors and Hugging Face schema.,Nhà,Lâm Đồng,Trung tâm,,,,120.0,4.0,4.0,2.0,11.959087,108.467843,5377846041,True
Nhà Trung tâm Lâm Đồng,Coverage row generated from market priors and Hugging Face schema.,Nhà,Lâm Đồng,Trung tâm,,,,180.0,4.0,4.0,2.0,11.960182,108.445632,7985789473,True
Shophouse Trung tâm Lâm Đồng,Coverage row generated from market priors and Hugging Face schema.,Shophouse,Lâm Đồng,Trung tâm,,,,45.0,5.0,2.0,3.0,11.956487,108.472258,3046873843,True
Shophouse Trung tâm Lâm Đồng,Coverage row generated from market priors and Hugging Face schema.,Shophouse,Lâm Đồng,Trung tâm,,,,60.0,4.0,2.0,3.0,11.92634,108.478278,4103196305,True
Shophouse Trung tâm Lâm Đồng,Coverage row generated from market priors and Hugging Face schema.,Shophouse,Lâm Đồng,Trung tâm,,,,80.0,3.0,3.0,1.0,11.917521,108.458289,4872977610,True
Shophouse Trung tâm Lâm Đồng,Coverage row generated from market priors and Hugging Face schema.,Shophouse,Lâm Đồng,Trung tâm,,,,120.0,5.0,3.0,2.0,11.943311,108.433733,7994793339,True
Shophouse Trung tâm Lâm Đồng,Coverage row generated from market priors and Hugging Face schema.,Shophouse,Lâm Đồng,Trung tâm,,,,180.0,2.0,1.0,1.0,11.940081,108.440605,10315447803,True
Đất Trung tâm Lâm Đồng,Coverage row generated from market priors and Hugging Face schema.,Đất,Lâm Đồng,Trung tâm,,,,45.0,0.0,0.0,0.0,11.927058,108.473619,1636940656,True
Đất Trung tâm Lâm Đồng,Coverage row generated from market priors and Hugging Face schema.,Đất,Lâm Đồng,Trung tâm,,,,60.0,0.0,0.0,0.0,11.949578,108.470468,2100056518,True
Đất Trung tâm Lâm Đồng,Coverage row generated from market priors and Hugging Face schema.,Đất,Lâm Đồng,Trung tâm,,,,80.0,0.0,0.0,0.0,11.94774,108.43595,2722190262,True
Đất Trung tâm Lâm Đồng,Coverage row generated from market priors and Hugging Face schema.,Đất,Lâm Đồng,Trung tâm,,,,120.0,0.0,0.0,0.0,11.959355,108.460921,4309675535,True
Đất Trung tâm Lâm Đồng,Coverage row generated from market priors and Hugging Face schema.,Đất,Lâm Đồng,Trung tâm,,,,180.0,0.0,0.0,0.0,11.916157,108.467902,6548418776,True
Biệt thự/Nhà liền kề Trung tâm Lạng Sơn,Coverage row generated from market priors and Hugging Face schema.,Biệt thự/Nhà liền kề,Lạng Sơn,Trung tâm,,,,45.0,5.0,4.0,2.0,21.868795,106.78535,1305587352,True
Biệt thự/Nhà liền kề Trung tâm Lạng Sơn,Coverage row generated from market priors and Hugging Face schema.,Biệt thự/Nhà liền kề,Lạng Sơn,Trung tâm,,,,60.0,1.0,1.0,1.0,21.863371,106.736516,1520374628,True
Biệt thự/Nhà liền kề Trung tâm Lạng Sơn,Coverage row generated from market priors and Hugging Face schema.,Biệt thự/Nhà liền kề,Lạng Sơn,Trung tâm,,,,80.0,5.0,1.0,3.0,21.861636,106.763735,2227428048,True
Biệt thự/Nhà liền kề Trung tâm Lạng Sơn,Coverage row generated from market priors and Hugging Face schema.,Biệt thự/Nhà liền kề,Lạng Sơn,Trung tâm,,,,120.0,4.0,5.0,3.0,21.836303,106.751508,3672575557,True
Biệt thự/Nhà liền kề Trung tâm Lạng Sơn,Coverage row generated from market priors and Hugging Face schema.,Biệt thự/Nhà liền kề,Lạng Sơn,Trung tâm,,,,180.0,2.0,4.0,2.0,21.83625,106.741043,4690880956,True
Căn hộ chung cư Trung tâm Lạng Sơn,Coverage row generated from market priors and Hugging Face schema.,Căn hộ chung cư,Lạng Sơn,Trung tâm,,,,45.0,2.0,4.0,4.0,21.847042,106.782341,656168549,True
Căn hộ chung cư Trung tâm Lạng Sơn,Coverage row generated from market priors and Hugging Face schema.,Căn hộ chung cư,Lạng Sơn,Trung tâm,,,,60.0,1.0,4.0,2.0,21.837103,106.784678,911936834,True
Căn hộ chung cư Trung tâm Lạng Sơn,Coverage row generated from market priors and Hugging Face schema.,Căn hộ chung cư,Lạng Sơn,Trung tâm,,,,80.0,5.0,2.0,4.0,21.837839,106.767459,1136064225,True
Căn hộ chung cư Trung tâm Lạng Sơn,Coverage row generated from market priors and Hugging Face schema.,Căn hộ chung cư,Lạng Sơn,Trung tâm,,,,120.0,4.0,2.0,4.0,21.84302,106.763877,1573484681,True
Căn hộ chung cư Trung tâm Lạng Sơn,Coverage row generated from market priors and Hugging Face schema.,Căn hộ chung cư,Lạng Sơn,Trung tâm,,,,180.0,4.0,1.0,3.0,21.876055,106.773502,2395144158,True
Nhà Trung tâm Lạng Sơn,Coverage row generated from market priors and Hugging Face schema.,Nhà,Lạng Sơn,Trung tâm,,,,45.0,2.0,5.0,3.0,21.828198,106.76222,953000025,True
Nhà Trung tâm Lạng Sơn,Coverage row generated from market priors and Hugging Face schema.,Nhà,Lạng Sơn,Trung tâm,,,,60.0,2.0,4.0,3.0,21.838601,106.763599,1339018002,True
Nhà Trung tâm Lạng Sơn,Coverage row generated from market priors and Hugging Face schema.,Nhà,Lạng Sơn,Trung tâm,,,,80.0,2.0,2.0,2.0,21.849927,106.784,1653182534,True
Nhà Trung tâm Lạng Sơn,Coverage row generated from market priors and Hugging Face schema.,Nhà,Lạng Sơn,Trung tâm,,,,120.0,3.0,4.0,4.0,21.867999,106.755761,2827741718,True
Nhà Trung tâm Lạng Sơn,Coverage row generated from market priors and Hugging Face schema.,Nhà,Lạng Sơn,Trung tâm,,,,180.0,3.0,1.0,3.0,21.83057,106.784471,4062558479,True
Shophouse Trung tâm Lạng Sơn,Coverage row generated from market priors and Hugging Face schema.,Shophouse,Lạng Sơn,Trung tâm,,,,45.0,1.0,1.0,1.0,21.861881,106.770037,1337815963,True
Shophouse Trung tâm Lạng Sơn,Coverage row generated from market priors and Hugging Face schema.,Shophouse,Lạng Sơn,Trung tâm,,,,60.0,1.0,1.0,2.0,21.846019,106.762406,1767810726,True
Shophouse Trung tâm Lạng Sơn,Coverage row generated from market priors and Hugging Face schema.,Shophouse,Lạng Sơn,Trung tâm,,,,80.0,2.0,2.0,1.0,21.858518,106.758997,2315568054,True
Shophouse Trung tâm Lạng Sơn,Coverage row generated from market priors and Hugging Face schema.,Shophouse,Lạng Sơn,Trung tâm,,,,120.0,2.0,4.0,2.0,21.865917,106.768714,3883227270,True
Shophouse Trung tâm Lạng Sơn,Coverage row generated from market priors and Hugging Face schema.,Shophouse,Lạng Sơn,Trung tâm,,,,180.0,1.0,3.0,2.0,21.828386,106.780473,4988573389,True
Đất Trung tâm Lạng Sơn,Coverage row generated from market priors and Hugging Face schema.,Đất,Lạng Sơn,Trung tâm,,,,45.0,0.0,0.0,0.0,21.84428,106.75942,800239972,True
Đất Trung tâm Lạng Sơn,Coverage row generated from market priors and Hugging Face schema.,Đất,Lạng Sơn,Trung tâm,,,,60.0,0.0,0.0,0.0,21.831965,106.775923,1080500471,True
Đất Trung tâm Lạng Sơn,Coverage row generated from market priors and Hugging Face schema.,Đất,Lạng Sơn,Trung tâm,,,,80.0,0.0,0.0,0.0,21.873044,106.737038,1371834206,True
Đất Trung tâm Lạng Sơn,Coverage row generated from market priors and Hugging Face schema.,Đất,Lạng Sơn,Trung tâm,,,,120.0,0.0,0.0,0.0,21.837341,106.741033,2258517983,True
Đất Trung tâm Lạng Sơn,Coverage row generated from market priors and Hugging Face schema.,Đất,Lạng Sơn,Trung tâm,,,,180.0,0.0,0.0,0.0,21.834072,106.754652,3260433426,True
Biệt thự/Nhà liền kề Trung tâm Lào Cai,Coverage row generated from market priors and Hugging Face schema.,Biệt thự/Nhà liền kề,Lào Cai,Trung tâm,,,,45.0,2.0,5.0,2.0,22.478284,103.990786,1698353116,True
Biệt thự/Nhà liền kề Trung tâm Lào Cai,Coverage row generated from market priors and Hugging Face schema.,Biệt thự/Nhà liền kề,Lào Cai,Trung tâm,,,,60.0,2.0,1.0,3.0,22.492684,103.955923,2255281844,True
Biệt thự/Nhà liền kề Trung tâm Lào Cai,Coverage row generated from market priors and Hugging Face schema.,Biệt thự/Nhà liền kề,Lào Cai,Trung tâm,,,,80.0,3.0,4.0,3.0,22.485202,103.956844,3203403956,True
Biệt thự/Nhà liền kề Trung tâm Lào Cai,Coverage row generated from market priors and Hugging Face schema.,Biệt thự/Nhà liền kề,Lào Cai,Trung tâm,,,,120.0,3.0,2.0,3.0,22.492679,103.981972,4740996343,True
Biệt thự/Nhà liền kề Trung tâm Lào Cai,Coverage row generated from market priors and Hugging Face schema.,Biệt thự/Nhà liền kề,Lào Cai,Trung tâm,,,,180.0,2.0,2.0,1.0,22.488624,103.970458,6480975527,True
Căn hộ chung cư Trung tâm Lào Cai,Coverage row generated from market priors and Hugging Face schema.,Căn hộ chung cư,Lào Cai,Trung tâm,,,,45.0,4.0,3.0,1.0,22.499525,103.96959,944208617,True
Căn hộ chung cư Trung tâm Lào Cai,Coverage row generated from market priors and Hugging Face schema.,Căn hộ chung cư,Lào Cai,Trung tâm,,,,60.0,3.0,4.0,2.0,22.493148,103.961679,1247770572,True
Căn hộ chung cư Trung tâm Lào Cai,Coverage row generated from market priors and Hugging Face schema.,Căn hộ chung cư,Lào Cai,Trung tâm,,,,80.0,3.0,1.0,4.0,22.486907,103.962771,1502625927,True
Căn hộ chung cư Trung tâm Lào Cai,Coverage row generated from market priors and Hugging Face schema.,Căn hộ chung cư,Lào Cai,Trung tâm,,,,120.0,3.0,2.0,3.0,22.463002,103.951986,2456007548,True
Căn hộ chung cư Trung tâm Lào Cai,Coverage row generated from market priors and Hugging Face schema.,Căn hộ chung cư,Lào Cai,Trung tâm,,,,180.0,1.0,3.0,2.0,22.479915,103.968561,3420645003,True
Nhà Trung tâm Lào Cai,Coverage row generated from market priors and Hugging Face schema.,Nhà,Lào Cai,Trung tâm,,,,45.0,2.0,4.0,1.0,22.463235,103.955444,1334501683,True
Nhà Trung tâm Lào Cai,Coverage row generated from market priors and Hugging Face schema.,Nhà,Lào Cai,Trung tâm,,,,60.0,2.0,2.0,1.0,22.486197,103.991843,1664441148,True
Nhà Trung tâm Lào Cai,Coverage row generated from market priors and Hugging Face schema.,Nhà,Lào Cai,Trung tâm,,,,80.0,2.0,1.0,1.0,22.496108,103.960072,2227899296,True
Nhà Trung tâm Lào Cai,Coverage row generated from market priors and Hugging Face schema.,Nhà,Lào Cai,Trung tâm,,,,120.0,2.0,1.0,4.0,22.495093,103.970921,3455263568,True
Nhà Trung tâm Lào Cai,Coverage row generated from market priors and Hugging Face schema.,Nhà,Lào Cai,Trung tâm,,,,180.0,5.0,4.0,1.0,22.467891,103.957123,5789550914,True
Shophouse Trung tâm Lào Cai,Coverage row generated from market priors and Hugging Face schema.,Shophouse,Lào Cai,Trung tâm,,,,45.0,4.0,1.0,3.0,22.509892,103.948121,2004330978,True
Shophouse Trung tâm Lào Cai,Coverage row generated from market priors and Hugging Face schema.,Shophouse,Lào Cai,Trung tâm,,,,60.0,1.0,3.0,4.0,22.462297,103.964451,2645942122,True
Shophouse Trung tâm Lào Cai,Coverage row generated from market priors and Hugging Face schema.,Shophouse,Lào Cai,Trung tâm,,,,80.0,3.0,4.0,3.0,22.508417,103.955099,3629150865,True
Shophouse Trung tâm Lào Cai,Coverage row generated from market priors and Hugging Face schema.,Shophouse,Lào Cai,Trung tâm,,,,120.0,1.0,2.0,3.0,22.475112,103.97566,5248714906,True
Shophouse Trung tâm Lào Cai,Coverage row generated from market priors and Hugging Face schema.,Shophouse,Lào Cai,Trung tâm,,,,180.0,5.0,1.0,2.0,22.502539,103.986017,8995584636,True
Đất Trung tâm Lào Cai,Coverage row generated from market priors and Hugging Face schema.,Đất,Lào Cai,Trung tâm,,,,45.0,0.0,0.0,0.0,22.487536,103.986772,1122320903,True
Đất Trung tâm Lào Cai,Coverage row generated from market priors and Hugging Face schema.,Đất,Lào Cai,Trung tâm,,,,60.0,0.0,0.0,0.0,22.480469,103.971404,1580753418,True
Đất Trung tâm Lào Cai,Coverage row generated from market priors and Hugging Face schema.,Đất,Lào Cai,Trung tâm,,,,80.0,0.0,0.0,0.0,22.495159,103.963184,2093676509,True
Đất Trung tâm Lào Cai,Coverage row generated from market priors and Hugging Face schema.,Đất,Lào Cai,Trung tâm,,,,120.0,0.0,0.0,0.0,22.502539,103.978187,3161440878,True
Đất Trung tâm Lào Cai,Coverage row generated from market priors and Hugging Face schema.,Đất,Lào Cai,Trung tâm,,,,180.0,0.0,0.0,0.0,22.510014,103.951509,4342253202,True
Biệt thự/Nhà liền kề Trung tâm Long An,Coverage row generated from market priors and Hugging Face schema.,Biệt thự/Nhà liền kề,Long An,Trung tâm,,,,45.0,2.0,2.0,1.0,10.683078,106.232681,2504688634,True
Biệt thự/Nhà liền kề Trung tâm Long An,Coverage row generated from market priors and Hugging Face schema.,Biệt thự/Nhà liền kề,Long An,Trung tâm,,,,60.0,1.0,2.0,3.0,10.670826,106.225376,3098951065,True
Biệt thự/Nhà liền kề Trung tâm Long An,Coverage row generated from market priors and Hugging Face schema.,Biệt thự/Nhà liền kề,Long An,Trung tâm,,,,80.0,2.0,4.0,3.0,10.684757,106.25263,4558636824,True
Biệt thự/Nhà liền kề Trung tâm Long An,Coverage row generated from market priors and Hugging Face schema.,Biệt thự/Nhà liền kề,Long An,Trung tâm,,,,120.0,5.0,3.0,1.0,10.712582,106.236992,7667410269,True
Biệt thự/Nhà liền kề Trung tâm Long An,Coverage row generated from market priors and Hugging Face schema.,Biệt thự/Nhà liền kề,Long An,Trung tâm,,,,180.0,1.0,4.0,3.0,10.701024,106.24026,10224648922,True
Căn hộ chung cư Trung tâm Long An,Coverage row generated from market priors and Hugging Face schema.,Căn hộ chung cư,Long An,Trung tâm,,,,45.0,1.0,4.0,2.0,10.678616,106.244228,1422587411,True
Căn hộ chung cư Trung tâm Long An,Coverage row generated from market priors and Hugging Face schema.,Căn hộ chung cư,Long An,Trung tâm,,,,60.0,5.0,4.0,1.0,10.686269,106.243294,1830238267,True
Căn hộ chung cư Trung tâm Long An,Coverage row generated from market priors and Hugging Face schema.,Căn hộ chung cư,Long An,Trung tâm,,,,80.0,1.0,1.0,2.0,10.708233,106.225362,2182133750,True
Căn hộ chung cư Trung tâm Long An,Coverage row generated from market priors and Hugging Face schema.,Căn hộ chung cư,Long An,Trung tâm,,,,120.0,5.0,1.0,4.0,10.708478,106.259288,3332659040,True
Căn hộ chung cư Trung tâm Long An,Coverage row generated from market priors and Hugging Face schema.,Căn hộ chung cư,Long An,Trung tâm,,,,180.0,5.0,2.0,2.0,10.700476,106.247861,5108315558,True
Nhà Trung tâm Long An,Coverage row generated from market priors and Hugging Face schema.,Nhà,Long An,Trung tâm,,,,45.0,3.0,5.0,3.0,10.687911,106.25646,2220209407,True
Nhà Trung tâm Long An,Coverage row generated from market priors and Hugging Face schema.,Nhà,Long An,Trung tâm,,,,60.0,4.0,5.0,2.0,10.706194,106.23224,3012092354,True
Nhà Trung tâm Long An,Coverage row generated from market priors and Hugging Face schema.,Nhà,Long An,Trung tâm,,,,80.0,5.0,4.0,4.0,10.685133,106.257912,4194108964,True
Nhà Trung tâm Long An,Coverage row generated from market priors and Hugging Face schema.,Nhà,Long An,Trung tâm,,,,120.0,1.0,1.0,3.0,10.680892,106.243685,4775001722,True
Nhà Trung tâm Long An,Coverage row generated from market priors and Hugging Face schema.,Nhà,Long An,Trung tâm,,,,180.0,1.0,4.0,3.0,10.707103,106.263253,7828994172,True
Shophouse Trung tâm Long An,Coverage row generated from market priors and Hugging Face schema.,Shophouse,Long An,Trung tâm,,,,45.0,5.0,2.0,1.0,10.673603,106.232,3149968763,True
Shophouse Trung tâm Long An,Coverage row generated from market priors and Hugging Face schema.,Shophouse,Long An,Trung tâm,,,,60.0,3.0,1.0,2.0,10.699811,106.220819,3742669924,True
Shophouse Trung tâm Long An,Coverage row generated from market priors and Hugging Face schema.,Shophouse,Long An,Trung tâm,,,,80.0,1.0,1.0,4.0,10.700765,106.245094,4729892197,True
Shophouse Trung tâm Long An,Coverage row generated from market priors and Hugging Face schema.,Shophouse,Long An,Trung tâm,,,,120.0,2.0,1.0,4.0,10.689063,106.230091,7705092559,True
Shophouse Trung tâm Long An,Coverage row generated from market priors and Hugging Face schema.,Shophouse,Long An,Trung tâm,,,,180.0,5.0,4.0,4.0,10.713113,106.218235,12648952191,True
Đất Trung tâm Long An,Coverage row generated from market priors and Hugging Face schema.,Đất,Long An,Trung tâm,,,,45.0,0.0,0.0,0.0,10.677131,106.247637,1689791880,True
Đất Trung tâm Long An,Coverage row generated from market priors and Hugging Face schema.,Đất,Long An,Trung tâm,,,,60.0,0.0,0.0,0.0,10.701955,106.262071,2191087392,True
Đất Trung tâm Long An,Coverage row generated from market priors and Hugging Face schema.,Đất,Long An,Trung tâm,,,,80.0,0.0,0.0,0.0,10.674602,106.237722,3121370103,True
Đất Trung tâm Long An,Coverage row generated from market priors and Hugging Face schema.,Đất,Long An,Trung tâm,,,,120.0,0.0,0.0,0.0,10.682264,106.233382,4433316243,True
Đất Trung tâm Long An,Coverage row generated from market priors and Hugging Face schema.,Đất,Long An,Trung tâm,,,,180.0,0.0,0.0,0.0,10.710703,106.260872,6990312808,True
Biệt thự/Nhà liền kề Trung tâm Nam Định,Coverage row generated from market priors and Hugging Face schema.,Biệt thự/Nhà liền kề,Nam Định,Trung tâm,,,,45.0,5.0,5.0,4.0,20.42484,106.172755,1729055900,True
Biệt thự/Nhà liền kề Trung tâm Nam Định,Coverage row generated from market priors and Hugging Face schema.,Biệt thự/Nhà liền kề,Nam Định,Trung tâm,,,,60.0,2.0,3.0,2.0,20.450298,106.137417,2064555086,True
Biệt thự/Nhà liền kề Trung tâm Nam Định,Coverage row generated from market priors and Hugging Face schema.,Biệt thự/Nhà liền kề,Nam Định,Trung tâm,,,,80.0,2.0,2.0,3.0,20.450459,106.166899,2623717739,True
Biệt thự/Nhà liền kề Trung tâm Nam Định,Coverage row generated from market priors and Hugging Face schema.,Biệt thự/Nhà liền kề,Nam Định,Trung tâm,,,,120.0,1.0,2.0,3.0,20.421361,106.148033,4132137005,True
Biệt thự/Nhà liền kề Trung tâm Nam Định,Coverage row generated from market priors and Hugging Face schema.,Biệt thự/Nhà liền kề,Nam Định,Trung tâm,,,,180.0,2.0,1.0,4.0,20.435263,106.179665,6314622200,True
Căn hộ chung cư Trung tâm Nam Định,Coverage row generated from market priors and Hugging Face schema.,Căn hộ chung cư,Nam Định,Trung tâm,,,,45.0,2.0,2.0,4.0,20.430847,106.158933,784147262,True
Căn hộ chung cư Trung tâm Nam Định,Coverage row generated from market priors and Hugging Face schema.,Căn hộ chung cư,Nam Định,Trung tâm,,,,60.0,4.0,4.0,3.0,20.448281,106.165382,1187578885,True
Căn hộ chung cư Trung tâm Nam Định,Coverage row generated from market priors and Hugging Face schema.,Căn hộ chung cư,Nam Định,Trung tâm,,,,80.0,3.0,3.0,1.0,20.438648,106.162483,1533336875,True
Căn hộ chung cư Trung tâm Nam Định,Coverage row generated from market priors and Hugging Face schema.,Căn hộ chung cư,Nam Định,Trung tâm,,,,120.0,5.0,5.0,1.0,20.451563,106.153428,2268007177,True
Căn hộ chung cư Trung tâm Nam Định,Coverage row generated from market priors and Hugging Face schema.,Căn hộ chung cư,Nam Định,Trung tâm,,,,180.0,2.0,3.0,2.0,20.422819,106.166614,3413740198,True
Nhà Trung tâm Nam Định,Coverage row generated from market priors and Hugging Face schema.,Nhà,Nam Định,Trung tâm,,,,45.0,1.0,2.0,2.0,20.450367,106.1383,1155594545,True
Nhà Trung tâm Nam Định,Coverage row generated from market priors and Hugging Face schema.,Nhà,Nam Định,Trung tâm,,,,60.0,1.0,3.0,4.0,20.427225,106.165229,1535856044,True
Nhà Trung tâm Nam Định,Coverage row generated from market priors and Hugging Face schema.,Nhà,Nam Định,Trung tâm,,,,80.0,2.0,1.0,4.0,20.44961,106.169528,2072892646,True
Nhà Trung tâm Nam Định,Coverage row generated from market priors and Hugging Face schema.,Nhà,Nam Định,Trung tâm,,,,120.0,1.0,3.0,3.0,20.461445,106.170906,3275632931,True
Nhà Trung tâm Nam Định,Coverage row generated from market priors and Hugging Face schema.,Nhà,Nam Định,Trung tâm,,,,180.0,3.0,1.0,3.0,20.427142,106.167408,5220761044,True
Shophouse Trung tâm Nam Định,Coverage row generated from market priors and Hugging Face schema.,Shophouse,Nam Định,Trung tâm,,,,45.0,1.0,1.0,2.0,20.423569,106.165471,1590385697,True
Shophouse Trung tâm Nam Định,Coverage row generated from market priors and Hugging Face schema.,Shophouse,Nam Định,Trung tâm,,,,60.0,5.0,2.0,2.0,20.414711,106.176622,2767249925,True
Shophouse Trung tâm Nam Định,Coverage row generated from market priors and Hugging Face schema.,Shophouse,Nam Định,Trung tâm,,,,80.0,5.0,2.0,2.0,20.418705,106.165591,3502574334,True
Shophouse Trung tâm Nam Định,Coverage row generated from market priors and Hugging Face schema.,Shophouse,Nam Định,Trung tâm,,,,120.0,3.0,5.0,1.0,20.455905,106.145174,5317003305,True
Shophouse Trung tâm Nam Định,Coverage row generated from market priors and Hugging Face schema.,Shophouse,Nam Định,Trung tâm,,,,180.0,3.0,1.0,2.0,20.456523,106.172389,7071557684,True
Đất Trung tâm Nam Định,Coverage row generated from market priors and Hugging Face schema.,Đất,Nam Định,Trung tâm,,,,45.0,0.0,0.0,0.0,20.463225,106.1734,1107194826,True
Đất Trung tâm Nam Định,Coverage row generated from market priors and Hugging Face schema.,Đất,Nam Định,Trung tâm,,,,60.0,0.0,0.0,0.0,20.415109,106.164736,1455693329,True
Đất Trung tâm Nam Định,Coverage row generated from market priors and Hugging Face schema.,Đất,Nam Định,Trung tâm,,,,80.0,0.0,0.0,0.0,20.449854,106.138581,1959697028,True
Đất Trung tâm Nam Định,Coverage row generated from market priors and Hugging Face schema.,Đất,Nam Định,Trung tâm,,,,120.0,0.0,0.0,0.0,20.438719,106.181429,2960576287,True
Đất Trung tâm Nam Định,Coverage row generated from market priors and Hugging Face schema.,Đất,Nam Định,Trung tâm,,,,180.0,0.0,0.0,0.0,20.438027,106.142814,4515439726,True
Biệt thự/Nhà liền kề Trung tâm Nghệ An,Coverage row generated from market priors and Hugging Face schema.,Biệt thự/Nhà liền kề,Nghệ An,Trung tâm,,,,45.0,2.0,1.0,1.0,18.697026,105.679759,1897128227,True
Biệt thự/Nhà liền kề Trung tâm Nghệ An,Coverage row generated from market priors and Hugging Face schema.,Biệt thự/Nhà liền kề,Nghệ An,Trung tâm,,,,60.0,3.0,3.0,1.0,18.670713,105.699166,2666964794,True
Biệt thự/Nhà liền kề Trung tâm Nghệ An,Coverage row generated from market priors and Hugging Face schema.,Biệt thự/Nhà liền kề,Nghệ An,Trung tâm,,,,80.0,2.0,5.0,2.0,18.664909,105.696029,3234337326,True
Biệt thự/Nhà liền kề Trung tâm Nghệ An,Coverage row generated from market priors and Hugging Face schema.,Biệt thự/Nhà liền kề,Nghệ An,Trung tâm,,,,120.0,4.0,3.0,1.0,18.67786,105.692963,5137622482,True
Biệt thự/Nhà liền kề Trung tâm Nghệ An,Coverage row generated from market priors and Hugging Face schema.,Biệt thự/Nhà liền kề,Nghệ An,Trung tâm,,,,180.0,5.0,1.0,3.0,18.697489,105.658684,8264320169,True
Căn hộ chung cư Trung tâm Nghệ An,Coverage row generated from market priors and Hugging Face schema.,Căn hộ chung cư,Nghệ An,Trung tâm,,,,45.0,5.0,1.0,1.0,18.700647,105.68796,916911814,True
Căn hộ chung cư Trung tâm Nghệ An,Coverage row generated from market priors and Hugging Face schema.,Căn hộ chung cư,Nghệ An,Trung tâm,,,,60.0,3.0,4.0,2.0,18.69685,105.700925,1451640797,True
Căn hộ chung cư Trung tâm Nghệ An,Coverage row generated from market priors and Hugging Face schema.,Căn hộ chung cư,Nghệ An,Trung tâm,,,,80.0,4.0,1.0,1.0,18.668141,105.681712,1747257056,True
Căn hộ chung cư Trung tâm Nghệ An,Coverage row generated from market priors and Hugging Face schema.,Căn hộ chung cư,Nghệ An,Trung tâm,,,,120.0,1.0,2.0,4.0,18.69374,105.682967,2663049744,True
Căn hộ chung cư Trung tâm Nghệ An,Coverage row generated from market priors and Hugging Face schema.,Căn hộ chung cư,Nghệ An,Trung tâm,,,,180.0,1.0,4.0,2.0,18.668048,105.670794,4178900258,True
Nhà Trung tâm Nghệ An,Coverage row generated from market priors and Hugging Face schema.,Nhà,Nghệ An,Trung tâm,,,,45.0,4.0,5.0,3.0,18.682179,105.67207,1678250707,True
Nhà Trung tâm Nghệ An,Coverage row generated from market priors and Hugging Face schema.,Nhà,Nghệ An,Trung tâm,,,,60.0,2.0,3.0,3.0,18.676637,105.662527,1923312586,True
Nhà Trung tâm Nghệ An,Coverage row generated from market priors and Hugging Face schema.,Nhà,Nghệ An,Trung tâm,,,,80.0,2.0,3.0,4.0,18.655021,105.658661,2549008288,True
Nhà Trung tâm Nghệ An,Coverage row generated from market priors and Hugging Face schema.,Nhà,Nghệ An,Trung tâm,,,,120.0,4.0,1.0,4.0,18.662685,105.698115,4501431215,True
Nhà Trung tâm Nghệ An,Coverage row generated from market priors and Hugging Face schema.,Nhà,Nghệ An,Trung tâm,,,,180.0,3.0,5.0,3.0,18.682868,105.69414,6617207005,True
Shophouse Trung tâm Nghệ An,Coverage row generated from market priors and Hugging Face schema.,Shophouse,Nghệ An,Trung tâm,,,,45.0,4.0,3.0,2.0,18.702451,105.658691,2429005135,True
Shophouse Trung tâm Nghệ An,Coverage row generated from market priors and Hugging Face schema.,Shophouse,Nghệ An,Trung tâm,,,,60.0,2.0,4.0,2.0,18.680572,105.681907,2826557677,True
Shophouse Trung tâm Nghệ An,Coverage row generated from market priors and Hugging Face schema.,Shophouse,Nghệ An,Trung tâm,,,,80.0,4.0,3.0,2.0,18.671079,105.703275,4161456797,True
Shophouse Trung tâm Nghệ An,Coverage row generated from market priors and Hugging Face schema.,Shophouse,Nghệ An,Trung tâm,,,,120.0,1.0,4.0,1.0,18.677893,105.697208,5582190767,True
Shophouse Trung tâm Nghệ An,Coverage row generated from market priors and Hugging Face schema.,Shophouse,Nghệ An,Trung tâm,,,,180.0,3.0,1.0,1.0,18.697958,105.705812,8262849058,True
Đất Trung tâm Nghệ An,Coverage row generated from market priors and Hugging Face schema.,Đất,Nghệ An,Trung tâm,,,,45.0,0.0,0.0,0.0,18.697913,105.675334,1251326516,True
Đất Trung tâm Nghệ An,Coverage row generated from market priors and Hugging Face schema.,Đất,Nghệ An,Trung tâm,,,,60.0,0.0,0.0,0.0,18.656633,105.688442,1785112123,True
Đất Trung tâm Nghệ An,Coverage row generated from market priors and Hugging Face schema.,Đất,Nghệ An,Trung tâm,,,,80.0,0.0,0.0,0.0,18.685235,105.659693,2350278398,True
Đất Trung tâm Nghệ An,Coverage row generated from market priors and Hugging Face schema.,Đất,Nghệ An,Trung tâm,,,,120.0,0.0,0.0,0.0,18.671214,105.661946,3343163342,True
Đất Trung tâm Nghệ An,Coverage row generated from market priors and Hugging Face schema.,Đất,Nghệ An,Trung tâm,,,,180.0,0.0,0.0,0.0,18.689341,105.664921,5042981063,True
Biệt thự/Nhà liền kề Trung tâm Ninh Bình,Coverage row generated from market priors and Hugging Face schema.,Biệt thự/Nhà liền kề,Ninh Bình,Trung tâm,,,,45.0,2.0,2.0,4.0,20.233273,105.959575,1870274066,True
Biệt thự/Nhà liền kề Trung tâm Ninh Bình,Coverage row generated from market priors and Hugging Face schema.,Biệt thự/Nhà liền kề,Ninh Bình,Trung tâm,,,,60.0,4.0,4.0,1.0,20.226579,105.993327,2485030317,True
Biệt thự/Nhà liền kề Trung tâm Ninh Bình,Coverage row generated from market priors and Hugging Face schema.,Biệt thự/Nhà liền kề,Ninh Bình,Trung tâm,,,,80.0,1.0,2.0,4.0,20.27094,105.986904,2928193332,True
Biệt thự/Nhà liền kề Trung tâm Ninh Bình,Coverage row generated from market priors and Hugging Face schema.,Biệt thự/Nhà liền kề,Ninh Bình,Trung tâm,,,,120.0,5.0,5.0,4.0,20.275343,105.953494,5898092935,True
Biệt thự/Nhà liền kề Trung tâm Ninh Bình,Coverage row generated from market priors and Hugging Face schema.,Biệt thự/Nhà liền kề,Ninh Bình,Trung tâm,,,,180.0,4.0,2.0,1.0,20.227826,105.973167,7535924101,True
Căn hộ chung cư Trung tâm Ninh Bình,Coverage row generated from market priors and Hugging Face schema.,Căn hộ chung cư,Ninh Bình,Trung tâm,,,,45.0,3.0,1.0,1.0,20.268466,105.994546,869332153,True
Căn hộ chung cư Trung tâm Ninh Bình,Coverage row generated from market priors and Hugging Face schema.,Căn hộ chung cư,Ninh Bình,Trung tâm,,,,60.0,1.0,3.0,3.0,20.256657,105.963438,1280540507,True
Căn hộ chung cư Trung tâm Ninh Bình,Coverage row generated from market priors and Hugging Face schema.,Căn hộ chung cư,Ninh Bình,Trung tâm,,,,80.0,5.0,4.0,3.0,20.235545,105.9753,1685433415,True
Căn hộ chung cư Trung tâm Ninh Bình,Coverage row generated from market priors and Hugging Face schema.,Căn hộ chung cư,Ninh Bình,Trung tâm,,,,120.0,3.0,1.0,2.0,20.254064,105.958688,2485092271,True
Căn hộ chung cư Trung tâm Ninh Bình,Coverage row generated from market priors and Hugging Face schema.,Căn hộ chung cư,Ninh Bình,Trung tâm,,,,180.0,5.0,1.0,2.0,20.255698,105.965659,3736182480,True
Nhà Trung tâm Ninh Bình,Coverage row generated from market priors and Hugging Face schema.,Nhà,Ninh Bình,Trung tâm,,,,45.0,1.0,2.0,4.0,20.265609,105.983793,1391551095,True
Nhà Trung tâm Ninh Bình,Coverage row generated from market priors and Hugging Face schema.,Nhà,Ninh Bình,Trung tâm,,,,60.0,3.0,5.0,2.0,20.252985,105.953114,1947999659,True
Nhà Trung tâm Ninh Bình,Coverage row generated from market priors and Hugging Face schema.,Nhà,Ninh Bình,Trung tâm,,,,80.0,1.0,5.0,3.0,20.244624,105.977537,2384232899,True
Nhà Trung tâm Ninh Bình,Coverage row generated from market priors and Hugging Face schema.,Nhà,Ninh Bình,Trung tâm,,,,120.0,5.0,4.0,1.0,20.256765,105.980435,4196277745,True
Nhà Trung tâm Ninh Bình,Coverage row generated from market priors and Hugging Face schema.,Nhà,Ninh Bình,Trung tâm,,,,180.0,2.0,4.0,2.0,20.272835,105.958316,5607395624,True
Shophouse Trung tâm Ninh Bình,Coverage row generated from market priors and Hugging Face schema.,Shophouse,Ninh Bình,Trung tâm,,,,45.0,2.0,1.0,4.0,20.245969,105.97189,2196032127,True
Shophouse Trung tâm Ninh Bình,Coverage row generated from market priors and Hugging Face schema.,Shophouse,Ninh Bình,Trung tâm,,,,60.0,5.0,3.0,1.0,20.232923,105.950794,2914885105,True
Shophouse Trung tâm Ninh Bình,Coverage row generated from market priors and Hugging Face schema.,Shophouse,Ninh Bình,Trung tâm,,,,80.0,3.0,5.0,3.0,20.234062,105.975605,4030882153,True
Shophouse Trung tâm Ninh Bình,Coverage row generated from market priors and Hugging Face schema.,Shophouse,Ninh Bình,Trung tâm,,,,120.0,3.0,1.0,2.0,20.240566,105.989272,5716147792,True
Shophouse Trung tâm Ninh Bình,Coverage row generated from market priors and Hugging Face schema.,Shophouse,Ninh Bình,Trung tâm,,,,180.0,1.0,3.0,2.0,20.240607,105.983146,8026269530,True
Đất Trung tâm Ninh Bình,Coverage row generated from market priors and Hugging Face schema.,Đất,Ninh Bình,Trung tâm,,,,45.0,0.0,0.0,0.0,20.257859,105.994749,1250417604,True
Đất Trung tâm Ninh Bình,Coverage row generated from market priors and Hugging Face schema.,Đất,Ninh Bình,Trung tâm,,,,60.0,0.0,0.0,0.0,20.269977,105.982159,1711680759,True
Đất Trung tâm Ninh Bình,Coverage row generated from market priors and Hugging Face schema.,Đất,Ninh Bình,Trung tâm,,,,80.0,0.0,0.0,0.0,20.254761,105.996461,2166134553,True
Đất Trung tâm Ninh Bình,Coverage row generated from market priors and Hugging Face schema.,Đất,Ninh Bình,Trung tâm,,,,120.0,0.0,0.0,0.0,20.248404,105.964074,3177503435,True
Đất Trung tâm Ninh Bình,Coverage row generated from market priors and Hugging Face schema.,Đất,Ninh Bình,Trung tâm,,,,180.0,0.0,0.0,0.0,20.227486,105.951592,4932004239,True
Biệt thự/Nhà liền kề Trung tâm Ninh Thuận,Coverage row generated from market priors and Hugging Face schema.,Biệt thự/Nhà liền kề,Ninh Thuận,Trung tâm,,,,45.0,3.0,4.0,3.0,11.571863,108.969986,1512728469,True
Biệt thự/Nhà liền kề Trung tâm Ninh Thuận,Coverage row generated from market priors and Hugging Face schema.,Biệt thự/Nhà liền kề,Ninh Thuận,Trung tâm,,,,60.0,1.0,1.0,3.0,11.551017,108.995978,1704314376,True
Biệt thự/Nhà liền kề Trung tâm Ninh Thuận,Coverage row generated from market priors and Hugging Face schema.,Biệt thự/Nhà liền kề,Ninh Thuận,Trung tâm,,,,80.0,2.0,5.0,1.0,11.572783,108.991872,2475830400,True
Biệt thự/Nhà liền kề Trung tâm Ninh Thuận,Coverage row generated from market priors and Hugging Face schema.,Biệt thự/Nhà liền kề,Ninh Thuận,Trung tâm,,,,120.0,1.0,4.0,4.0,11.576868,108.991603,3397469620,True
Biệt thự/Nhà liền kề Trung tâm Ninh Thuận,Coverage row generated from market priors and Hugging Face schema.,Biệt thự/Nhà liền kề,Ninh Thuận,Trung tâm,,,,180.0,4.0,5.0,2.0,11.571247,108.966337,6214022462,True
Căn hộ chung cư Trung tâm Ninh Thuận,Coverage row generated from market priors and Hugging Face schema.,Căn hộ chung cư,Ninh Thuận,Trung tâm,,,,45.0,4.0,4.0,3.0,11.566664,108.96979,764144272,True
Căn hộ chung cư Trung tâm Ninh Thuận,Coverage row generated from market priors and Hugging Face schema.,Căn hộ chung cư,Ninh Thuận,Trung tâm,,,,60.0,1.0,3.0,3.0,11.562491,108.965936,978925432,True
Căn hộ chung cư Trung tâm Ninh Thuận,Coverage row generated from market priors and Hugging Face schema.,Căn hộ chung cư,Ninh Thuận,Trung tâm,,,,80.0,5.0,1.0,3.0,11.541502,109.011417,1235624620,True
Căn hộ chung cư Trung tâm Ninh Thuận,Coverage row generated from market priors and Hugging Face schema.,Căn hộ chung cư,Ninh Thuận,Trung tâm,,,,120.0,4.0,2.0,4.0,11.549119,108.972871,1984479400,True
Căn hộ chung cư Trung tâm Ninh Thuận,Coverage row generated from market priors and Hugging Face schema.,Căn hộ chung cư,Ninh Thuận,Trung tâm,,,,180.0,1.0,1.0,4.0,11.558661,108.998566,2832324324,True
Nhà Trung tâm Ninh Thuận,Coverage row generated from market priors and Hugging Face schema.,Nhà,Ninh Thuận,Trung tâm,,,,45.0,5.0,1.0,2.0,11.566253,108.990104,1268568075,True
Nhà Trung tâm Ninh Thuận,Coverage row generated from market priors and Hugging Face schema.,Nhà,Ninh Thuận,Trung tâm,,,,60.0,4.0,1.0,4.0,11.552809,108.973189,1472838785,True
Nhà Trung tâm Ninh Thuận,Coverage row generated from market priors and Hugging Face schema.,Nhà,Ninh Thuận,Trung tâm,,,,80.0,1.0,4.0,1.0,11.588415,109.004024,1845122832,True
Nhà Trung tâm Ninh Thuận,Coverage row generated from market priors and Hugging Face schema.,Nhà,Ninh Thuận,Trung tâm,,,,120.0,2.0,5.0,1.0,11.569889,108.98126,2979780150,True
Nhà Trung tâm Ninh Thuận,Coverage row generated from market priors and Hugging Face schema.,Nhà,Ninh Thuận,Trung tâm,,,,180.0,5.0,2.0,2.0,11.569319,109.009556,5071050620,True
Shophouse Trung tâm Ninh Thuận,Coverage row generated from market priors and Hugging Face schema.,Shophouse,Ninh Thuận,Trung tâm,,,,45.0,1.0,3.0,4.0,11.563834,108.966932,1596271895,True
Shophouse Trung tâm Ninh Thuận,Coverage row generated from market priors and Hugging Face schema.,Shophouse,Ninh Thuận,Trung tâm,,,,60.0,1.0,2.0,3.0,11.568546,108.966352,1916083237,True
Shophouse Trung tâm Ninh Thuận,Coverage row generated from market priors and Hugging Face schema.,Shophouse,Ninh Thuận,Trung tâm,,,,80.0,2.0,1.0,1.0,11.542736,109.010732,2732873440,True
Shophouse Trung tâm Ninh Thuận,Coverage row generated from market priors and Hugging Face schema.,Shophouse,Ninh Thuận,Trung tâm,,,,120.0,5.0,1.0,4.0,11.546394,108.98502,4582264803,True
Shophouse Trung tâm Ninh Thuận,Coverage row generated from market priors and Hugging Face schema.,Shophouse,Ninh Thuận,Trung tâm,,,,180.0,1.0,2.0,2.0,11.542499,109.004729,6045378011,True
Đất Trung tâm Ninh Thuận,Coverage row generated from market priors and Hugging Face schema.,Đất,Ninh Thuận,Trung tâm,,,,45.0,0.0,0.0,0.0,11.549819,108.991666,894425899,True
Đất Trung tâm Ninh Thuận,Coverage row generated from market priors and Hugging Face schema.,Đất,Ninh Thuận,Trung tâm,,,,60.0,0.0,0.0,0.0,11.542968,108.964437,1205254341,True
Đất Trung tâm Ninh Thuận,Coverage row generated from market priors and Hugging Face schema.,Đất,Ninh Thuận,Trung tâm,,,,80.0,0.0,0.0,0.0,11.563631,108.998042,1681314963,True
Đất Trung tâm Ninh Thuận,Coverage row generated from market priors and Hugging Face schema.,Đất,Ninh Thuận,Trung tâm,,,,120.0,0.0,0.0,0.0,11.56785,109.009562,2542962043,True
Đất Trung tâm Ninh Thuận,Coverage row generated from market priors and Hugging Face schema.,Đất,Ninh Thuận,Trung tâm,,,,180.0,0.0,0.0,0.0,11.559129,109.003499,3721682914,True
Biệt thự/Nhà liền kề Trung tâm Phú Thọ,Coverage row generated from market priors and Hugging Face schema.,Biệt thự/Nhà liền kề,Phú Thọ,Trung tâm,,,,45.0,5.0,5.0,3.0,21.264108,105.220497,1423369229,True
Biệt thự/Nhà liền kề Trung tâm Phú Thọ,Coverage row generated from market priors and Hugging Face schema.,Biệt thự/Nhà liền kề,Phú Thọ,Trung tâm,,,,60.0,3.0,3.0,3.0,21.280429,105.185849,1746838018,True
Biệt thự/Nhà liền kề Trung tâm Phú Thọ,Coverage row generated from market priors and Hugging Face schema.,Biệt thự/Nhà liền kề,Phú Thọ,Trung tâm,,,,80.0,3.0,4.0,4.0,21.252343,105.219564,2415415449,True
Biệt thự/Nhà liền kề Trung tâm Phú Thọ,Coverage row generated from market priors and Hugging Face schema.,Biệt thự/Nhà liền kề,Phú Thọ,Trung tâm,,,,120.0,1.0,5.0,3.0,21.253581,105.228695,3557834242,True
Biệt thự/Nhà liền kề Trung tâm Phú Thọ,Coverage row generated from market priors and Hugging Face schema.,Biệt thự/Nhà liền kề,Phú Thọ,Trung tâm,,,,180.0,1.0,1.0,3.0,21.290889,105.220752,5093051397,True
Căn hộ chung cư Trung tâm Phú Thọ,Coverage row generated from market priors and Hugging Face schema.,Căn hộ chung cư,Phú Thọ,Trung tâm,,,,45.0,1.0,1.0,2.0,21.253373,105.208038,684232053,True
Căn hộ chung cư Trung tâm Phú Thọ,Coverage row generated from market priors and Hugging Face schema.,Căn hộ chung cư,Phú Thọ,Trung tâm,,,,60.0,1.0,3.0,2.0,21.259965,105.195142,937682822,True
Căn hộ chung cư Trung tâm Phú Thọ,Coverage row generated from market priors and Hugging Face schema.,Căn hộ chung cư,Phú Thọ,Trung tâm,,,,80.0,4.0,1.0,2.0,21.251605,105.208551,1194793083,True
Căn hộ chung cư Trung tâm Phú Thọ,Coverage row generated from market priors and Hugging Face schema.,Căn hộ chung cư,Phú Thọ,Trung tâm,,,,120.0,3.0,5.0,1.0,21.2647,105.205779,1941595198,True
Căn hộ chung cư Trung tâm Phú Thọ,Coverage row generated from market priors and Hugging Face schema.,Căn hộ chung cư,Phú Thọ,Trung tâm,,,,180.0,1.0,1.0,2.0,21.25361,105.184894,2665446006,True
Nhà Trung tâm Phú Thọ,Coverage row generated from market priors and Hugging Face schema.,Nhà,Phú Thọ,Trung tâm,,,,45.0,1.0,5.0,3.0,21.285849,105.211879,1086310176,True
Nhà Trung tâm Phú Thọ,Coverage row generated from market priors and Hugging Face schema.,Nhà,Phú Thọ,Trung tâm,,,,60.0,2.0,4.0,1.0,21.255829,105.191821,1437572852,True
Nhà Trung tâm Phú Thọ,Coverage row generated from market priors and Hugging Face schema.,Nhà,Phú Thọ,Trung tâm,,,,80.0,4.0,4.0,4.0,21.245372,105.196686,1982740015,True
Nhà Trung tâm Phú Thọ,Coverage row generated from market priors and Hugging Face schema.,Nhà,Phú Thọ,Trung tâm,,,,120.0,1.0,3.0,4.0,21.244383,105.214552,2707637110,True
Nhà Trung tâm Phú Thọ,Coverage row generated from market priors and Hugging Face schema.,Nhà,Phú Thọ,Trung tâm,,,,180.0,3.0,1.0,1.0,21.248651,105.194611,4274157911,True
Shophouse Trung tâm Phú Thọ,Coverage row generated from market priors and Hugging Face schema.,Shophouse,Phú Thọ,Trung tâm,,,,45.0,1.0,1.0,2.0,21.286966,105.221163,1455971701,True
Shophouse Trung tâm Phú Thọ,Coverage row generated from market priors and Hugging Face schema.,Shophouse,Phú Thọ,Trung tâm,,,,60.0,3.0,1.0,4.0,21.267676,105.218021,1997406512,True
Shophouse Trung tâm Phú Thọ,Coverage row generated from market priors and Hugging Face schema.,Shophouse,Phú Thọ,Trung tâm,,,,80.0,1.0,2.0,3.0,21.292244,105.19973,2440302198,True
Shophouse Trung tâm Phú Thọ,Coverage row generated from market priors and Hugging Face schema.,Shophouse,Phú Thọ,Trung tâm,,,,120.0,1.0,2.0,2.0,21.272432,105.218281,3816281385,True
Shophouse Trung tâm Phú Thọ,Coverage row generated from market priors and Hugging Face schema.,Shophouse,Phú Thọ,Trung tâm,,,,180.0,2.0,4.0,1.0,21.27336,105.228908,5799157909,True
Đất Trung tâm Phú Thọ,Coverage row generated from market priors and Hugging Face schema.,Đất,Phú Thọ,Trung tâm,,,,45.0,0.0,0.0,0.0,21.26854,105.192367,907982598,True
Đất Trung tâm Phú Thọ,Coverage row generated from market priors and Hugging Face schema.,Đất,Phú Thọ,Trung tâm,,,,60.0,0.0,0.0,0.0,21.266184,105.188899,1145278084,True
Đất Trung tâm Phú Thọ,Coverage row generated from market priors and Hugging Face schema.,Đất,Phú Thọ,Trung tâm,,,,80.0,0.0,0.0,0.0,21.270581,105.184283,1593129185,True
Đất Trung tâm Phú Thọ,Coverage row generated from market priors and Hugging Face schema.,Đất,Phú Thọ,Trung tâm,,,,120.0,0.0,0.0,0.0,21.273553,105.228876,2260553916,True
Đất Trung tâm Phú Thọ,Coverage row generated from market priors and Hugging Face schema.,Đất,Phú Thọ,Trung tâm,,,,180.0,0.0,0.0,0.0,21.272516,105.204969,3635777281,True
Biệt thự/Nhà liền kề Trung tâm Phú Yên,Coverage row generated from market priors and Hugging Face schema.,Biệt thự/Nhà liền kề,Phú Yên,Trung tâm,,,,45.0,1.0,2.0,2.0,13.101844,109.300946,1578339074,True
Biệt thự/Nhà liền kề Trung tâm Phú Yên,Coverage row generated from market priors and Hugging Face schema.,Biệt thự/Nhà liền kề,Phú Yên,Trung tâm,,,,60.0,1.0,3.0,1.0,13.101839,109.335289,1941649931,True
Biệt thự/Nhà liền kề Trung tâm Phú Yên,Coverage row generated from market priors and Hugging Face schema.,Biệt thự/Nhà liền kề,Phú Yên,Trung tâm,,,,80.0,2.0,4.0,4.0,13.108793,109.29767,2891126544,True
Biệt thự/Nhà liền kề Trung tâm Phú Yên,Coverage row generated from market priors and Hugging Face schema.,Biệt thự/Nhà liền kề,Phú Yên,Trung tâm,,,,120.0,5.0,2.0,3.0,13.091513,109.317786,4885209755,True
Biệt thự/Nhà liền kề Trung tâm Phú Yên,Coverage row generated from market priors and Hugging Face schema.,Biệt thự/Nhà liền kề,Phú Yên,Trung tâm,,,,180.0,3.0,2.0,1.0,13.079277,109.329265,6825050696,True
Căn hộ chung cư Trung tâm Phú Yên,Coverage row generated from market priors and Hugging Face schema.,Căn hộ chung cư,Phú Yên,Trung tâm,,,,45.0,1.0,1.0,3.0,13.107184,109.321876,787248281,True
Căn hộ chung cư Trung tâm Phú Yên,Coverage row generated from market priors and Hugging Face schema.,Căn hộ chung cư,Phú Yên,Trung tâm,,,,60.0,3.0,3.0,2.0,13.087342,109.298594,1216582682,True
Căn hộ chung cư Trung tâm Phú Yên,Coverage row generated from market priors and Hugging Face schema.,Căn hộ chung cư,Phú Yên,Trung tâm,,,,80.0,4.0,3.0,4.0,13.086271,109.32926,1516541346,True
Căn hộ chung cư Trung tâm Phú Yên,Coverage row generated from market priors and Hugging Face schema.,Căn hộ chung cư,Phú Yên,Trung tâm,,,,120.0,1.0,2.0,1.0,13.077083,109.328922,2304635830,True
Căn hộ chung cư Trung tâm Phú Yên,Coverage row generated from market priors and Hugging Face schema.,Căn hộ chung cư,Phú Yên,Trung tâm,,,,180.0,1.0,4.0,4.0,13.080962,109.343936,3654389756,True
Nhà Trung tâm Phú Yên,Coverage row generated from market priors and Hugging Face schema.,Nhà,Phú Yên,Trung tâm,,,,45.0,5.0,3.0,3.0,13.118439,109.339363,1408916853,True
Nhà Trung tâm Phú Yên,Coverage row generated from market priors and Hugging Face schema.,Nhà,Phú Yên,Trung tâm,,,,60.0,5.0,3.0,4.0,13.097543,109.342302,2014589292,True
Nhà Trung tâm Phú Yên,Coverage row generated from market priors and Hugging Face schema.,Nhà,Phú Yên,Trung tâm,,,,80.0,2.0,2.0,1.0,13.072193,109.326911,2349940633,True
Nhà Trung tâm Phú Yên,Coverage row generated from market priors and Hugging Face schema.,Nhà,Phú Yên,Trung tâm,,,,120.0,1.0,4.0,2.0,13.108431,109.335427,3443709323,True
Nhà Trung tâm Phú Yên,Coverage row generated from market priors and Hugging Face schema.,Nhà,Phú Yên,Trung tâm,,,,180.0,3.0,4.0,4.0,13.116482,109.325783,5673606334,True
Shophouse Trung tâm Phú Yên,Coverage row generated from market priors and Hugging Face schema.,Shophouse,Phú Yên,Trung tâm,,,,45.0,4.0,4.0,1.0,13.103581,109.310851,2016696516,True
Shophouse Trung tâm Phú Yên,Coverage row generated from market priors and Hugging Face schema.,Shophouse,Phú Yên,Trung tâm,,,,60.0,4.0,5.0,2.0,13.109522,109.313969,2757635984,True
Shophouse Trung tâm Phú Yên,Coverage row generated from market priors and Hugging Face schema.,Shophouse,Phú Yên,Trung tâm,,,,80.0,2.0,2.0,2.0,13.110151,109.326091,3326148192,True
Shophouse Trung tâm Phú Yên,Coverage row generated from market priors and Hugging Face schema.,Shophouse,Phú Yên,Trung tâm,,,,120.0,3.0,1.0,1.0,13.073786,109.310909,5014261529,True
Shophouse Trung tâm Phú Yên,Coverage row generated from market priors and Hugging Face schema.,Shophouse,Phú Yên,Trung tâm,,,,180.0,4.0,5.0,2.0,13.090216,109.33835,8066633514,True
Đất Trung tâm Phú Yên,Coverage row generated from market priors and Hugging Face schema.,Đất,Phú Yên,Trung tâm,,,,45.0,0.0,0.0,0.0,13.099199,109.329517,1133871914,True
Đất Trung tâm Phú Yên,Coverage row generated from market priors and Hugging Face schema.,Đất,Phú Yên,Trung tâm,,,,60.0,0.0,0.0,0.0,13.115753,109.338344,1428183927,True
Đất Trung tâm Phú Yên,Coverage row generated from market priors and Hugging Face schema.,Đất,Phú Yên,Trung tâm,,,,80.0,0.0,0.0,0.0,13.112342,109.333929,2034748719,True
Đất Trung tâm Phú Yên,Coverage row generated from market priors and Hugging Face schema.,Đất,Phú Yên,Trung tâm,,,,120.0,0.0,0.0,0.0,13.074081,109.320795,2983886193,True
Đất Trung tâm Phú Yên,Coverage row generated from market priors and Hugging Face schema.,Đất,Phú Yên,Trung tâm,,,,180.0,0.0,0.0,0.0,13.097253,109.335932,4553783867,True
Biệt thự/Nhà liền kề Trung tâm Quảng Bình,Coverage row generated from market priors and Hugging Face schema.,Biệt thự/Nhà liền kề,Quảng Bình,Trung tâm,,,,45.0,3.0,1.0,4.0,17.444899,106.631966,1419876080,True
Biệt thự/Nhà liền kề Trung tâm Quảng Bình,Coverage row generated from market priors and Hugging Face schema.,Biệt thự/Nhà liền kề,Quảng Bình,Trung tâm,,,,60.0,2.0,5.0,1.0,17.477273,106.631816,1918376689,True
Biệt thự/Nhà liền kề Trung tâm Quảng Bình,Coverage row generated from market priors and Hugging Face schema.,Biệt thự/Nhà liền kề,Quảng Bình,Trung tâm,,,,80.0,5.0,3.0,1.0,17.47305,106.644659,2552794501,True
Biệt thự/Nhà liền kề Trung tâm Quảng Bình,Coverage row generated from market priors and Hugging Face schema.,Biệt thự/Nhà liền kề,Quảng Bình,Trung tâm,,,,120.0,4.0,2.0,4.0,17.477208,106.603657,3865953254,True
Biệt thự/Nhà liền kề Trung tâm Quảng Bình,Coverage row generated from market priors and Hugging Face schema.,Biệt thự/Nhà liền kề,Quảng Bình,Trung tâm,,,,180.0,3.0,3.0,2.0,17.457265,106.645756,5441010161,True
Căn hộ chung cư Trung tâm Quảng Bình,Coverage row generated from market priors and Hugging Face schema.,Căn hộ chung cư,Quảng Bình,Trung tâm,,,,45.0,4.0,1.0,4.0,17.476285,106.598346,709006496,True
Căn hộ chung cư Trung tâm Quảng Bình,Coverage row generated from market priors and Hugging Face schema.,Căn hộ chung cư,Quảng Bình,Trung tâm,,,,60.0,3.0,5.0,4.0,17.487458,106.633834,1078612491,True
Căn hộ chung cư Trung tâm Quảng Bình,Coverage row generated from market priors and Hugging Face schema.,Căn hộ chung cư,Quảng Bình,Trung tâm,,,,80.0,2.0,1.0,4.0,17.454359,106.627717,1262535589,True
Căn hộ chung cư Trung tâm Quảng Bình,Coverage row generated from market priors and Hugging Face schema.,Căn hộ chung cư,Quảng Bình,Trung tâm,,,,120.0,4.0,1.0,1.0,17.464637,106.64247,1934397598,True
Căn hộ chung cư Trung tâm Quảng Bình,Coverage row generated from market priors and Hugging Face schema.,Căn hộ chung cư,Quảng Bình,Trung tâm,,,,180.0,4.0,1.0,4.0,17.473397,106.613542,2636136828,True
Nhà Trung tâm Quảng Bình,Coverage row generated from market priors and Hugging Face schema.,Nhà,Quảng Bình,Trung tâm,,,,45.0,2.0,4.0,3.0,17.459812,106.624706,1163370425,True
Nhà Trung tâm Quảng Bình,Coverage row generated from market priors and Hugging Face schema.,Nhà,Quảng Bình,Trung tâm,,,,60.0,2.0,5.0,2.0,17.452123,106.617673,1510708932,True
Nhà Trung tâm Quảng Bình,Coverage row generated from market priors and Hugging Face schema.,Nhà,Quảng Bình,Trung tâm,,,,80.0,2.0,2.0,2.0,17.490494,106.60915,1857097141,True
Nhà Trung tâm Quảng Bình,Coverage row generated from market priors and Hugging Face schema.,Nhà,Quảng Bình,Trung tâm,,,,120.0,2.0,3.0,3.0,17.479836,106.605605,2963506852,True
Nhà Trung tâm Quảng Bình,Coverage row generated from market priors and Hugging Face schema.,Nhà,Quảng Bình,Trung tâm,,,,180.0,4.0,3.0,4.0,17.489478,106.60199,4658325247,True
Shophouse Trung tâm Quảng Bình,Coverage row generated from market priors and Hugging Face schema.,Shophouse,Quảng Bình,Trung tâm,,,,45.0,4.0,4.0,3.0,17.456351,106.639775,1700220338,True
Shophouse Trung tâm Quảng Bình,Coverage row generated from market priors and Hugging Face schema.,Shophouse,Quảng Bình,Trung tâm,,,,60.0,3.0,5.0,2.0,17.480116,106.639149,2226207888,True
Shophouse Trung tâm Quảng Bình,Coverage row generated from market priors and Hugging Face schema.,Shophouse,Quảng Bình,Trung tâm,,,,80.0,3.0,1.0,2.0,17.460222,106.607043,2963572421,True
Shophouse Trung tâm Quảng Bình,Coverage row generated from market priors and Hugging Face schema.,Shophouse,Quảng Bình,Trung tâm,,,,120.0,3.0,5.0,1.0,17.486265,106.632094,4242725661,True
Shophouse Trung tâm Quảng Bình,Coverage row generated from market priors and Hugging Face schema.,Shophouse,Quảng Bình,Trung tâm,,,,180.0,2.0,4.0,2.0,17.449427,106.616075,6432738426,True
Đất Trung tâm Quảng Bình,Coverage row generated from market priors and Hugging Face schema.,Đất,Quảng Bình,Trung tâm,,,,45.0,0.0,0.0,0.0,17.475456,106.62688,987624591,True
Đất Trung tâm Quảng Bình,Coverage row generated from market priors and Hugging Face schema.,Đất,Quảng Bình,Trung tâm,,,,60.0,0.0,0.0,0.0,17.467286,106.643876,1292184147,True
Đất Trung tâm Quảng Bình,Coverage row generated from market priors and Hugging Face schema.,Đất,Quảng Bình,Trung tâm,,,,80.0,0.0,0.0,0.0,17.464699,106.612865,1734161811,True
Đất Trung tâm Quảng Bình,Coverage row generated from market priors and Hugging Face schema.,Đất,Quảng Bình,Trung tâm,,,,120.0,0.0,0.0,0.0,17.474494,106.645706,2359344057,True
Đất Trung tâm Quảng Bình,Coverage row generated from market priors and Hugging Face schema.,Đất,Quảng Bình,Trung tâm,,,,180.0,0.0,0.0,0.0,17.479494,106.610555,3892444532,True
Biệt thự/Nhà liền kề Trung tâm Quảng Nam,Coverage row generated from market priors and Hugging Face schema.,Biệt thự/Nhà liền kề,Quảng Nam,Trung tâm,,,,45.0,5.0,1.0,4.0,15.530656,108.037844,2296030267,True
Biệt thự/Nhà liền kề Trung tâm Quảng Nam,Coverage row generated from market priors and Hugging Face schema.,Biệt thự/Nhà liền kề,Quảng Nam,Trung tâm,,,,60.0,5.0,1.0,1.0,15.5595,108.032028,2850024431,True
Biệt thự/Nhà liền kề Trung tâm Quảng Nam,Coverage row generated from market priors and Hugging Face schema.,Biệt thự/Nhà liền kề,Quảng Nam,Trung tâm,,,,80.0,2.0,1.0,3.0,15.556368,108.021594,3561472045,True
Biệt thự/Nhà liền kề Trung tâm Quảng Nam,Coverage row generated from market priors and Hugging Face schema.,Biệt thự/Nhà liền kề,Quảng Nam,Trung tâm,,,,120.0,2.0,3.0,2.0,15.519807,108.036209,5244586158,True
Biệt thự/Nhà liền kề Trung tâm Quảng Nam,Coverage row generated from market priors and Hugging Face schema.,Biệt thự/Nhà liền kề,Quảng Nam,Trung tâm,,,,180.0,3.0,3.0,4.0,15.535455,108.005832,8840349709,True
Căn hộ chung cư Trung tâm Quảng Nam,Coverage row generated from market priors and Hugging Face schema.,Căn hộ chung cư,Quảng Nam,Trung tâm,,,,45.0,5.0,3.0,2.0,15.51818,108.02928,1044283096,True
Căn hộ chung cư Trung tâm Quảng Nam,Coverage row generated from market priors and Hugging Face schema.,Căn hộ chung cư,Quảng Nam,Trung tâm,,,,60.0,4.0,2.0,4.0,15.522467,108.020209,1425383224,True
Căn hộ chung cư Trung tâm Quảng Nam,Coverage row generated from market priors and Hugging Face schema.,Căn hộ chung cư,Quảng Nam,Trung tâm,,,,80.0,2.0,4.0,2.0,15.552229,108.008088,1976593549,True
Căn hộ chung cư Trung tâm Quảng Nam,Coverage row generated from market priors and Hugging Face schema.,Căn hộ chung cư,Quảng Nam,Trung tâm,,,,120.0,3.0,1.0,4.0,15.515887,108.012149,2534781241,True
Căn hộ chung cư Trung tâm Quảng Nam,Coverage row generated from market priors and Hugging Face schema.,Căn hộ chung cư,Quảng Nam,Trung tâm,,,,180.0,5.0,3.0,3.0,15.515074,108.006829,4525847946,True
Nhà Trung tâm Quảng Nam,Coverage row generated from market priors and Hugging Face schema.,Nhà,Quảng Nam,Trung tâm,,,,45.0,2.0,1.0,4.0,15.53481,108.010303,1575310764,True
Nhà Trung tâm Quảng Nam,Coverage row generated from market priors and Hugging Face schema.,Nhà,Quảng Nam,Trung tâm,,,,60.0,4.0,3.0,2.0,15.537598,108.028015,2220942407,True
Nhà Trung tâm Quảng Nam,Coverage row generated from market priors and Hugging Face schema.,Nhà,Quảng Nam,Trung tâm,,,,80.0,4.0,2.0,1.0,15.527369,108.023881,3167652357,True
Nhà Trung tâm Quảng Nam,Coverage row generated from market priors and Hugging Face schema.,Nhà,Quảng Nam,Trung tâm,,,,120.0,4.0,5.0,1.0,15.540855,108.028456,4612096730,True
Nhà Trung tâm Quảng Nam,Coverage row generated from market priors and Hugging Face schema.,Nhà,Quảng Nam,Trung tâm,,,,180.0,5.0,1.0,3.0,15.563393,107.99752,6980791241,True
Shophouse Trung tâm Quảng Nam,Coverage row generated from market priors and Hugging Face schema.,Shophouse,Quảng Nam,Trung tâm,,,,45.0,3.0,1.0,2.0,15.528623,108.022579,2478264303,True
Shophouse Trung tâm Quảng Nam,Coverage row generated from market priors and Hugging Face schema.,Shophouse,Quảng Nam,Trung tâm,,,,60.0,2.0,4.0,3.0,15.529582,108.003189,3056526420,True
Shophouse Trung tâm Quảng Nam,Coverage row generated from market priors and Hugging Face schema.,Shophouse,Quảng Nam,Trung tâm,,,,80.0,4.0,2.0,3.0,15.544831,108.022734,4674297915,True
Shophouse Trung tâm Quảng Nam,Coverage row generated from market priors and Hugging Face schema.,Shophouse,Quảng Nam,Trung tâm,,,,120.0,4.0,1.0,3.0,15.519152,108.031301,6511695361,True
Shophouse Trung tâm Quảng Nam,Coverage row generated from market priors and Hugging Face schema.,Shophouse,Quảng Nam,Trung tâm,,,,180.0,5.0,3.0,4.0,15.543937,107.99985,10301052686,True
Đất Trung tâm Quảng Nam,Coverage row generated from market priors and Hugging Face schema.,Đất,Quảng Nam,Trung tâm,,,,45.0,0.0,0.0,0.0,15.562274,108.029146,1386215620,True
Đất Trung tâm Quảng Nam,Coverage row generated from market priors and Hugging Face schema.,Đất,Quảng Nam,Trung tâm,,,,60.0,0.0,0.0,0.0,15.520439,108.015266,1745487976,True
Đất Trung tâm Quảng Nam,Coverage row generated from market priors and Hugging Face schema.,Đất,Quảng Nam,Trung tâm,,,,80.0,0.0,0.0,0.0,15.562971,108.043762,2290126883,True
Đất Trung tâm Quảng Nam,Coverage row generated from market priors and Hugging Face schema.,Đất,Quảng Nam,Trung tâm,,,,120.0,0.0,0.0,0.0,15.522282,107.997685,3533676862,True
Đất Trung tâm Quảng Nam,Coverage row generated from market priors and Hugging Face schema.,Đất,Quảng Nam,Trung tâm,,,,180.0,0.0,0.0,0.0,15.522367,108.035571,5655174642,True
Biệt thự/Nhà liền kề Trung tâm Quảng Ngãi,Coverage row generated from market priors and Hugging Face schema.,Biệt thự/Nhà liền kề,Quảng Ngãi,Trung tâm,,,,45.0,1.0,4.0,1.0,15.132431,108.780443,1458902112,True
Biệt thự/Nhà liền kề Trung tâm Quảng Ngãi,Coverage row generated from market priors and Hugging Face schema.,Biệt thự/Nhà liền kề,Quảng Ngãi,Trung tâm,,,,60.0,4.0,2.0,4.0,15.104421,108.812291,2115176782,True
Biệt thự/Nhà liền kề Trung tâm Quảng Ngãi,Coverage row generated from market priors and Hugging Face schema.,Biệt thự/Nhà liền kề,Quảng Ngãi,Trung tâm,,,,80.0,5.0,2.0,2.0,15.116613,108.813803,2999998036,True
Biệt thự/Nhà liền kề Trung tâm Quảng Ngãi,Coverage row generated from market priors and Hugging Face schema.,Biệt thự/Nhà liền kề,Quảng Ngãi,Trung tâm,,,,120.0,3.0,2.0,1.0,15.14561,108.786547,3887809294,True
Biệt thự/Nhà liền kề Trung tâm Quảng Ngãi,Coverage row generated from market priors and Hugging Face schema.,Biệt thự/Nhà liền kề,Quảng Ngãi,Trung tâm,,,,180.0,1.0,5.0,2.0,15.135105,108.813052,5748638487,True
Căn hộ chung cư Trung tâm Quảng Ngãi,Coverage row generated from market priors and Hugging Face schema.,Căn hộ chung cư,Quảng Ngãi,Trung tâm,,,,45.0,2.0,1.0,1.0,15.116645,108.80507,720542795,True
Căn hộ chung cư Trung tâm Quảng Ngãi,Coverage row generated from market priors and Hugging Face schema.,Căn hộ chung cư,Quảng Ngãi,Trung tâm,,,,60.0,1.0,2.0,3.0,15.112772,108.817898,1087296357,True
Căn hộ chung cư Trung tâm Quảng Ngãi,Coverage row generated from market priors and Hugging Face schema.,Căn hộ chung cư,Quảng Ngãi,Trung tâm,,,,80.0,2.0,2.0,2.0,15.119332,108.827336,1366191626,True
Căn hộ chung cư Trung tâm Quảng Ngãi,Coverage row generated from market priors and Hugging Face schema.,Căn hộ chung cư,Quảng Ngãi,Trung tâm,,,,120.0,3.0,2.0,1.0,15.125227,108.792144,2019651485,True
Căn hộ chung cư Trung tâm Quảng Ngãi,Coverage row generated from market priors and Hugging Face schema.,Căn hộ chung cư,Quảng Ngãi,Trung tâm,,,,180.0,4.0,5.0,2.0,15.129917,108.781896,3246730718,True
Nhà Trung tâm Quảng Ngãi,Coverage row generated from market priors and Hugging Face schema.,Nhà,Quảng Ngãi,Trung tâm,,,,45.0,5.0,5.0,3.0,15.145563,108.800347,1338389102,True
Nhà Trung tâm Quảng Ngãi,Coverage row generated from market priors and Hugging Face schema.,Nhà,Quảng Ngãi,Trung tâm,,,,60.0,4.0,3.0,2.0,15.141045,108.804869,1772543180,True
Nhà Trung tâm Quảng Ngãi,Coverage row generated from market priors and Hugging Face schema.,Nhà,Quảng Ngãi,Trung tâm,,,,80.0,2.0,3.0,3.0,15.099272,108.793347,2140954832,True
Nhà Trung tâm Quảng Ngãi,Coverage row generated from market priors and Hugging Face schema.,Nhà,Quảng Ngãi,Trung tâm,,,,120.0,3.0,5.0,3.0,15.136268,108.810739,3486147642,True
Nhà Trung tâm Quảng Ngãi,Coverage row generated from market priors and Hugging Face schema.,Nhà,Quảng Ngãi,Trung tâm,,,,180.0,2.0,3.0,4.0,15.117079,108.814863,4913822438,True
Shophouse Trung tâm Quảng Ngãi,Coverage row generated from market priors and Hugging Face schema.,Shophouse,Quảng Ngãi,Trung tâm,,,,45.0,3.0,1.0,3.0,15.109317,108.802351,1876069640,True
Shophouse Trung tâm Quảng Ngãi,Coverage row generated from market priors and Hugging Face schema.,Shophouse,Quảng Ngãi,Trung tâm,,,,60.0,1.0,1.0,1.0,15.107498,108.791151,2146648784,True
Shophouse Trung tâm Quảng Ngãi,Coverage row generated from market priors and Hugging Face schema.,Shophouse,Quảng Ngãi,Trung tâm,,,,80.0,3.0,2.0,3.0,15.109315,108.79327,3073958210,True
Shophouse Trung tâm Quảng Ngãi,Coverage row generated from market priors and Hugging Face schema.,Shophouse,Quảng Ngãi,Trung tâm,,,,120.0,4.0,4.0,3.0,15.097195,108.805861,4790453780,True
Shophouse Trung tâm Quảng Ngãi,Coverage row generated from market priors and Hugging Face schema.,Shophouse,Quảng Ngãi,Trung tâm,,,,180.0,5.0,3.0,4.0,15.146266,108.786024,7489096784,True
Đất Trung tâm Quảng Ngãi,Coverage row generated from market priors and Hugging Face schema.,Đất,Quảng Ngãi,Trung tâm,,,,45.0,0.0,0.0,0.0,15.121364,108.821747,983746586,True
Đất Trung tâm Quảng Ngãi,Coverage row generated from market priors and Hugging Face schema.,Đất,Quảng Ngãi,Trung tâm,,,,60.0,0.0,0.0,0.0,15.122205,108.788705,1349382906,True
Đất Trung tâm Quảng Ngãi,Coverage row generated from market priors and Hugging Face schema.,Đất,Quảng Ngãi,Trung tâm,,,,80.0,0.0,0.0,0.0,15.145786,108.785046,1745557791,True
Đất Trung tâm Quảng Ngãi,Coverage row generated from market priors and Hugging Face schema.,Đất,Quảng Ngãi,Trung tâm,,,,120.0,0.0,0.0,0.0,15.127676,108.814039,2642393387,True
Đất Trung tâm Quảng Ngãi,Coverage row generated from market priors and Hugging Face schema.,Đất,Quảng Ngãi,Trung tâm,,,,180.0,0.0,0.0,0.0,15.126019,108.814211,4249865657,True
Biệt thự/Nhà liền kề Trung tâm Quảng Ninh,Coverage row generated from market priors and Hugging Face schema.,Biệt thự/Nhà liền kề,Quảng Ninh,Trung tâm,,,,45.0,5.0,4.0,2.0,20.98278,107.033459,3784921871,True
Biệt thự/Nhà liền kề Trung tâm Quảng Ninh,Coverage row generated from market priors and Hugging Face schema.,Biệt thự/Nhà liền kề,Quảng Ninh,Trung tâm,,,,60.0,5.0,5.0,3.0,20.964223,107.053242,5002276229,True
Biệt thự/Nhà liền kề Trung tâm Quảng Ninh,Coverage row generated from market priors and Hugging Face schema.,Biệt thự/Nhà liền kề,Quảng Ninh,Trung tâm,,,,80.0,5.0,1.0,3.0,20.978165,107.037916,6261511277,True
Biệt thự/Nhà liền kề Trung tâm Quảng Ninh,Coverage row generated from market priors and Hugging Face schema.,Biệt thự/Nhà liền kề,Quảng Ninh,Trung tâm,,,,120.0,2.0,5.0,1.0,20.989799,107.047961,8793712375,True
Biệt thự/Nhà liền kề Trung tâm Quảng Ninh,Coverage row generated from market priors and Hugging Face schema.,Biệt thự/Nhà liền kề,Quảng Ninh,Trung tâm,,,,180.0,1.0,1.0,4.0,20.961367,107.066642,13191325966,True
Căn hộ chung cư Trung tâm Quảng Ninh,Coverage row generated from market priors and Hugging Face schema.,Căn hộ chung cư,Quảng Ninh,Trung tâm,,,,45.0,3.0,1.0,2.0,20.953626,107.061942,1685047027,True
Căn hộ chung cư Trung tâm Quảng Ninh,Coverage row generated from market priors and Hugging Face schema.,Căn hộ chung cư,Quảng Ninh,Trung tâm,,,,60.0,2.0,1.0,2.0,20.990588,107.04058,2150050638,True
Căn hộ chung cư Trung tâm Quảng Ninh,Coverage row generated from market priors and Hugging Face schema.,Căn hộ chung cư,Quảng Ninh,Trung tâm,,,,80.0,3.0,3.0,1.0,20.994097,107.034492,3220939433,True
Căn hộ chung cư Trung tâm Quảng Ninh,Coverage row generated from market priors and Hugging Face schema.,Căn hộ chung cư,Quảng Ninh,Trung tâm,,,,120.0,3.0,4.0,2.0,20.953579,107.051454,4934311358,True
Căn hộ chung cư Trung tâm Quảng Ninh,Coverage row generated from market priors and Hugging Face schema.,Căn hộ chung cư,Quảng Ninh,Trung tâm,,,,180.0,3.0,2.0,1.0,20.974261,107.038288,6908954272,True
Nhà Trung tâm Quảng Ninh,Coverage row generated from market priors and Hugging Face schema.,Nhà,Quảng Ninh,Trung tâm,,,,45.0,3.0,4.0,2.0,20.966357,107.037217,2737796418,True
Nhà Trung tâm Quảng Ninh,Coverage row generated from market priors and Hugging Face schema.,Nhà,Quảng Ninh,Trung tâm,,,,60.0,5.0,5.0,3.0,20.989299,107.065529,4205455134,True
Nhà Trung tâm Quảng Ninh,Coverage row generated from market priors and Hugging Face schema.,Nhà,Quảng Ninh,Trung tâm,,,,80.0,4.0,3.0,3.0,20.981539,107.045999,4920222236,True
Nhà Trung tâm Quảng Ninh,Coverage row generated from market priors and Hugging Face schema.,Nhà,Quảng Ninh,Trung tâm,,,,120.0,1.0,4.0,1.0,20.980904,107.05401,7222375022,True
Nhà Trung tâm Quảng Ninh,Coverage row generated from market priors and Hugging Face schema.,Nhà,Quảng Ninh,Trung tâm,,,,180.0,1.0,1.0,2.0,20.978268,107.048982,10494003727,True
Shophouse Trung tâm Quảng Ninh,Coverage row generated from market priors and Hugging Face schema.,Shophouse,Quảng Ninh,Trung tâm,,,,45.0,5.0,2.0,4.0,20.951198,107.050595,4271419756,True
Shophouse Trung tâm Quảng Ninh,Coverage row generated from market priors and Hugging Face schema.,Shophouse,Quảng Ninh,Trung tâm,,,,60.0,3.0,4.0,3.0,20.951404,107.062824,5483356997,True
Shophouse Trung tâm Quảng Ninh,Coverage row generated from market priors and Hugging Face schema.,Shophouse,Quảng Ninh,Trung tâm,,,,80.0,4.0,5.0,2.0,20.970484,107.02644,7693688756,True
Shophouse Trung tâm Quảng Ninh,Coverage row generated from market priors and Hugging Face schema.,Shophouse,Quảng Ninh,Trung tâm,,,,120.0,3.0,5.0,1.0,20.96421,107.064331,11235311054,True
Shophouse Trung tâm Quảng Ninh,Coverage row generated from market priors and Hugging Face schema.,Shophouse,Quảng Ninh,Trung tâm,,,,180.0,3.0,5.0,2.0,20.995534,107.049074,16026815585,True
Đất Trung tâm Quảng Ninh,Coverage row generated from market priors and Hugging Face schema.,Đất,Quảng Ninh,Trung tâm,,,,45.0,0.0,0.0,0.0,20.967593,107.049462,2210249924,True
Đất Trung tâm Quảng Ninh,Coverage row generated from market priors and Hugging Face schema.,Đất,Quảng Ninh,Trung tâm,,,,60.0,0.0,0.0,0.0,20.974056,107.049142,3165051161,True
Đất Trung tâm Quảng Ninh,Coverage row generated from market priors and Hugging Face schema.,Đất,Quảng Ninh,Trung tâm,,,,80.0,0.0,0.0,0.0,20.961303,107.036106,4153896667,True
Đất Trung tâm Quảng Ninh,Coverage row generated from market priors and Hugging Face schema.,Đất,Quảng Ninh,Trung tâm,,,,120.0,0.0,0.0,0.0,20.960815,107.025779,6479263987,True
Đất Trung tâm Quảng Ninh,Coverage row generated from market priors and Hugging Face schema.,Đất,Quảng Ninh,Trung tâm,,,,180.0,0.0,0.0,0.0,20.949829,107.032806,8695860134,True
Biệt thự/Nhà liền kề Trung tâm Quảng Trị,Coverage row generated from market priors and Hugging Face schema.,Biệt thự/Nhà liền kề,Quảng Trị,Trung tâm,,,,45.0,3.0,4.0,2.0,16.759886,107.20955,1135972260,True
Biệt thự/Nhà liền kề Trung tâm Quảng Trị,Coverage row generated from market priors and Hugging Face schema.,Biệt thự/Nhà liền kề,Quảng Trị,Trung tâm,,,,60.0,3.0,4.0,1.0,16.727735,107.1796,1614198826,True
Biệt thự/Nhà liền kề Trung tâm Quảng Trị,Coverage row generated from market priors and Hugging Face schema.,Biệt thự/Nhà liền kề,Quảng Trị,Trung tâm,,,,80.0,3.0,5.0,4.0,16.734873,107.176549,2064786342,True
Biệt thự/Nhà liền kề Trung tâm Quảng Trị,Coverage row generated from market priors and Hugging Face schema.,Biệt thự/Nhà liền kề,Quảng Trị,Trung tâm,,,,120.0,2.0,2.0,2.0,16.755555,107.203015,2982899470,True
Biệt thự/Nhà liền kề Trung tâm Quảng Trị,Coverage row generated from market priors and Hugging Face schema.,Biệt thự/Nhà liền kề,Quảng Trị,Trung tâm,,,,180.0,4.0,3.0,1.0,16.728733,107.218499,4889490862,True
Căn hộ chung cư Trung tâm Quảng Trị,Coverage row generated from market priors and Hugging Face schema.,Căn hộ chung cư,Quảng Trị,Trung tâm,,,,45.0,4.0,5.0,2.0,16.754336,107.190541,660993258,True
Căn hộ chung cư Trung tâm Quảng Trị,Coverage row generated from market priors and Hugging Face schema.,Căn hộ chung cư,Quảng Trị,Trung tâm,,,,60.0,4.0,1.0,4.0,16.767451,107.223315,731563429,True
Căn hộ chung cư Trung tâm Quảng Trị,Coverage row generated from market priors and Hugging Face schema.,Căn hộ chung cư,Quảng Trị,Trung tâm,,,,80.0,1.0,1.0,3.0,16.755847,107.217105,969410773,True
Căn hộ chung cư Trung tâm Quảng Trị,Coverage row generated from market priors and Hugging Face schema.,Căn hộ chung cư,Quảng Trị,Trung tâm,,,,120.0,5.0,5.0,4.0,16.773055,107.187786,1691124544,True
Căn hộ chung cư Trung tâm Quảng Trị,Coverage row generated from market priors and Hugging Face schema.,Căn hộ chung cư,Quảng Trị,Trung tâm,,,,180.0,3.0,4.0,4.0,16.726632,107.214753,2491118163,True
Nhà Trung tâm Quảng Trị,Coverage row generated from market priors and Hugging Face schema.,Nhà,Quảng Trị,Trung tâm,,,,45.0,5.0,5.0,1.0,16.755542,107.21472,1067330280,True
Nhà Trung tâm Quảng Trị,Coverage row generated from market priors and Hugging Face schema.,Nhà,Quảng Trị,Trung tâm,,,,60.0,3.0,3.0,1.0,16.758175,107.21438,1229170203,True
Nhà Trung tâm Quảng Trị,Coverage row generated from market priors and Hugging Face schema.,Nhà,Quảng Trị,Trung tâm,,,,80.0,2.0,5.0,4.0,16.754236,107.205801,1614544480,True
Nhà Trung tâm Quảng Trị,Coverage row generated from market priors and Hugging Face schema.,Nhà,Quảng Trị,Trung tâm,,,,120.0,4.0,5.0,1.0,16.725649,107.2146,2581846732,True
Nhà Trung tâm Quảng Trị,Coverage row generated from market priors and Hugging Face schema.,Nhà,Quảng Trị,Trung tâm,,,,180.0,3.0,5.0,2.0,16.764526,107.175643,3586314851,True
Shophouse Trung tâm Quảng Trị,Coverage row generated from market priors and Hugging Face schema.,Shophouse,Quảng Trị,Trung tâm,,,,45.0,2.0,2.0,1.0,16.735693,107.212218,1317424656,True
Shophouse Trung tâm Quảng Trị,Coverage row generated from market priors and Hugging Face schema.,Shophouse,Quảng Trị,Trung tâm,,,,60.0,4.0,1.0,3.0,16.739483,107.186101,1784820523,True
Shophouse Trung tâm Quảng Trị,Coverage row generated from market priors and Hugging Face schema.,Shophouse,Quảng Trị,Trung tâm,,,,80.0,3.0,4.0,3.0,16.738161,107.191952,2411799550,True
Shophouse Trung tâm Quảng Trị,Coverage row generated from market priors and Hugging Face schema.,Shophouse,Quảng Trị,Trung tâm,,,,120.0,4.0,1.0,1.0,16.728472,107.203581,3418070915,True
Shophouse Trung tâm Quảng Trị,Coverage row generated from market priors and Hugging Face schema.,Shophouse,Quảng Trị,Trung tâm,,,,180.0,3.0,4.0,4.0,16.745285,107.218178,5212615872,True
Đất Trung tâm Quảng Trị,Coverage row generated from market priors and Hugging Face schema.,Đất,Quảng Trị,Trung tâm,,,,45.0,0.0,0.0,0.0,16.737974,107.196101,793132882,True
Đất Trung tâm Quảng Trị,Coverage row generated from market priors and Hugging Face schema.,Đất,Quảng Trị,Trung tâm,,,,60.0,0.0,0.0,0.0,16.7745,107.192432,1075556941,True
Đất Trung tâm Quảng Trị,Coverage row generated from market priors and Hugging Face schema.,Đất,Quảng Trị,Trung tâm,,,,80.0,0.0,0.0,0.0,16.757784,107.22031,1359633901,True
Đất Trung tâm Quảng Trị,Coverage row generated from market priors and Hugging Face schema.,Đất,Quảng Trị,Trung tâm,,,,120.0,0.0,0.0,0.0,16.768719,107.210418,2038823339,True
Đất Trung tâm Quảng Trị,Coverage row generated from market priors and Hugging Face schema.,Đất,Quảng Trị,Trung tâm,,,,180.0,0.0,0.0,0.0,16.730381,107.22112,2905251199,True
Biệt thự/Nhà liền kề Trung tâm Sóc Trăng,Coverage row generated from market priors and Hugging Face schema.,Biệt thự/Nhà liền kề,Sóc Trăng,Trung tâm,,,,45.0,4.0,1.0,1.0,9.614917,105.988142,1568482379,True
Biệt thự/Nhà liền kề Trung tâm Sóc Trăng,Coverage row generated from market priors and Hugging Face schema.,Biệt thự/Nhà liền kề,Sóc Trăng,Trung tâm,,,,60.0,4.0,2.0,3.0,9.596602,105.981226,2053520999,True
Biệt thự/Nhà liền kề Trung tâm Sóc Trăng,Coverage row generated from market priors and Hugging Face schema.,Biệt thự/Nhà liền kề,Sóc Trăng,Trung tâm,,,,80.0,4.0,1.0,3.0,9.597025,105.986568,2659858957,True
Biệt thự/Nhà liền kề Trung tâm Sóc Trăng,Coverage row generated from market priors and Hugging Face schema.,Biệt thự/Nhà liền kề,Sóc Trăng,Trung tâm,,,,120.0,1.0,2.0,1.0,9.587077,105.991147,3843777385,True
Biệt thự/Nhà liền kề Trung tâm Sóc Trăng,Coverage row generated from market priors and Hugging Face schema.,Biệt thự/Nhà liền kề,Sóc Trăng,Trung tâm,,,,180.0,4.0,1.0,4.0,9.620624,105.980592,6261045071,True
Căn hộ chung cư Trung tâm Sóc Trăng,Coverage row generated from market priors and Hugging Face schema.,Căn hộ chung cư,Sóc Trăng,Trung tâm,,,,45.0,1.0,1.0,3.0,9.622078,105.975333,725152906,True
Căn hộ chung cư Trung tâm Sóc Trăng,Coverage row generated from market priors and Hugging Face schema.,Căn hộ chung cư,Sóc Trăng,Trung tâm,,,,60.0,4.0,5.0,1.0,9.620292,105.968186,1098967766,True
Căn hộ chung cư Trung tâm Sóc Trăng,Coverage row generated from market priors and Hugging Face schema.,Căn hộ chung cư,Sóc Trăng,Trung tâm,,,,80.0,4.0,1.0,1.0,9.5993,105.973505,1393177630,True
Căn hộ chung cư Trung tâm Sóc Trăng,Coverage row generated from market priors and Hugging Face schema.,Căn hộ chung cư,Sóc Trăng,Trung tâm,,,,120.0,2.0,5.0,3.0,9.598598,105.961633,2226053000,True
Căn hộ chung cư Trung tâm Sóc Trăng,Coverage row generated from market priors and Hugging Face schema.,Căn hộ chung cư,Sóc Trăng,Trung tâm,,,,180.0,3.0,3.0,2.0,9.581993,105.974292,3294962290,True
Nhà Trung tâm Sóc Trăng,Coverage row generated from market priors and Hugging Face schema.,Nhà,Sóc Trăng,Trung tâm,,,,45.0,5.0,3.0,1.0,9.606568,105.957984,1252480160,True
Nhà Trung tâm Sóc Trăng,Coverage row generated from market priors and Hugging Face schema.,Nhà,Sóc Trăng,Trung tâm,,,,60.0,3.0,5.0,2.0,9.602297,105.975657,1586565747,True
Nhà Trung tâm Sóc Trăng,Coverage row generated from market priors and Hugging Face schema.,Nhà,Sóc Trăng,Trung tâm,,,,80.0,2.0,1.0,2.0,9.609531,105.965168,2031132951,True
Nhà Trung tâm Sóc Trăng,Coverage row generated from market priors and Hugging Face schema.,Nhà,Sóc Trăng,Trung tâm,,,,120.0,4.0,2.0,4.0,9.583344,105.982577,3566034800,True
Nhà Trung tâm Sóc Trăng,Coverage row generated from market priors and Hugging Face schema.,Nhà,Sóc Trăng,Trung tâm,,,,180.0,5.0,1.0,3.0,9.606765,105.960533,5181258584,True
Shophouse Trung tâm Sóc Trăng,Coverage row generated from market priors and Hugging Face schema.,Shophouse,Sóc Trăng,Trung tâm,,,,45.0,5.0,2.0,1.0,9.627441,105.991034,1995095093,True
Shophouse Trung tâm Sóc Trăng,Coverage row generated from market priors and Hugging Face schema.,Shophouse,Sóc Trăng,Trung tâm,,,,60.0,2.0,4.0,3.0,9.625587,105.957003,2320807433,True
Shophouse Trung tâm Sóc Trăng,Coverage row generated from market priors and Hugging Face schema.,Shophouse,Sóc Trăng,Trung tâm,,,,80.0,3.0,5.0,3.0,9.60847,105.964016,3281104368,True
Shophouse Trung tâm Sóc Trăng,Coverage row generated from market priors and Hugging Face schema.,Shophouse,Sóc Trăng,Trung tâm,,,,120.0,5.0,3.0,4.0,9.5854,105.987179,5251360525,True
Shophouse Trung tâm Sóc Trăng,Coverage row generated from market priors and Hugging Face schema.,Shophouse,Sóc Trăng,Trung tâm,,,,180.0,4.0,2.0,4.0,9.605987,105.978005,7100609569,True
Đất Trung tâm Sóc Trăng,Coverage row generated from market priors and Hugging Face schema.,Đất,Sóc Trăng,Trung tâm,,,,45.0,0.0,0.0,0.0,9.607793,105.967448,1075015817,True
Đất Trung tâm Sóc Trăng,Coverage row generated from market priors and Hugging Face schema.,Đất,Sóc Trăng,Trung tâm,,,,60.0,0.0,0.0,0.0,9.625974,105.981917,1449737618,True
Đất Trung tâm Sóc Trăng,Coverage row generated from market priors and Hugging Face schema.,Đất,Sóc Trăng,Trung tâm,,,,80.0,0.0,0.0,0.0,9.603397,105.961965,1793469334,True
Đất Trung tâm Sóc Trăng,Coverage row generated from market priors and Hugging Face schema.,Đất,Sóc Trăng,Trung tâm,,,,120.0,0.0,0.0,0.0,9.580318,105.959966,2685458938,True
Đất Trung tâm Sóc Trăng,Coverage row generated from market priors and Hugging Face schema.,Đất,Sóc Trăng,Trung tâm,,,,180.0,0.0,0.0,0.0,9.596159,105.967875,4218260319,True
Biệt thự/Nhà liền kề Trung tâm Sơn La,Coverage row generated from market priors and Hugging Face schema.,Biệt thự/Nhà liền kề,Sơn La,Trung tâm,,,,45.0,2.0,4.0,1.0,21.318623,103.935661,1122507267,True
Biệt thự/Nhà liền kề Trung tâm Sơn La,Coverage row generated from market priors and Hugging Face schema.,Biệt thự/Nhà liền kề,Sơn La,Trung tâm,,,,60.0,1.0,1.0,3.0,21.325544,103.902287,1478551966,True
Biệt thự/Nhà liền kề Trung tâm Sơn La,Coverage row generated from market priors and Hugging Face schema.,Biệt thự/Nhà liền kề,Sơn La,Trung tâm,,,,80.0,4.0,3.0,4.0,21.323177,103.918542,2159712648,True
Biệt thự/Nhà liền kề Trung tâm Sơn La,Coverage row generated from market priors and Hugging Face schema.,Biệt thự/Nhà liền kề,Sơn La,Trung tâm,,,,120.0,2.0,5.0,3.0,21.307482,103.905181,3234814656,True
Biệt thự/Nhà liền kề Trung tâm Sơn La,Coverage row generated from market priors and Hugging Face schema.,Biệt thự/Nhà liền kề,Sơn La,Trung tâm,,,,180.0,5.0,5.0,2.0,21.350603,103.911349,5298204261,True
Căn hộ chung cư Trung tâm Sơn La,Coverage row generated from market priors and Hugging Face schema.,Căn hộ chung cư,Sơn La,Trung tâm,,,,45.0,1.0,4.0,2.0,21.317107,103.893549,622096289,True
Căn hộ chung cư Trung tâm Sơn La,Coverage row generated from market priors and Hugging Face schema.,Căn hộ chung cư,Sơn La,Trung tâm,,,,60.0,1.0,3.0,2.0,21.328124,103.914362,805830639,True
Căn hộ chung cư Trung tâm Sơn La,Coverage row generated from market priors and Hugging Face schema.,Căn hộ chung cư,Sơn La,Trung tâm,,,,80.0,5.0,1.0,4.0,21.326669,103.89315,1014944114,True
Căn hộ chung cư Trung tâm Sơn La,Coverage row generated from market priors and Hugging Face schema.,Căn hộ chung cư,Sơn La,Trung tâm,,,,120.0,2.0,1.0,2.0,21.315946,103.937094,1590142836,True
Căn hộ chung cư Trung tâm Sơn La,Coverage row generated from market priors and Hugging Face schema.,Căn hộ chung cư,Sơn La,Trung tâm,,,,180.0,3.0,1.0,2.0,21.312598,103.924507,2268505358,True
Nhà Trung tâm Sơn La,Coverage row generated from market priors and Hugging Face schema.,Nhà,Sơn La,Trung tâm,,,,45.0,4.0,5.0,3.0,21.318531,103.92372,1003080911,True
Nhà Trung tâm Sơn La,Coverage row generated from market priors and Hugging Face schema.,Nhà,Sơn La,Trung tâm,,,,60.0,1.0,4.0,4.0,21.306122,103.928709,1116876694,True
Nhà Trung tâm Sơn La,Coverage row generated from market priors and Hugging Face schema.,Nhà,Sơn La,Trung tâm,,,,80.0,4.0,5.0,4.0,21.31846,103.909112,1734619630,True
Nhà Trung tâm Sơn La,Coverage row generated from market priors and Hugging Face schema.,Nhà,Sơn La,Trung tâm,,,,120.0,1.0,3.0,3.0,21.326903,103.894555,2364570663,True
Nhà Trung tâm Sơn La,Coverage row generated from market priors and Hugging Face schema.,Nhà,Sơn La,Trung tâm,,,,180.0,4.0,3.0,1.0,21.34833,103.928686,3940760880,True
Shophouse Trung tâm Sơn La,Coverage row generated from market priors and Hugging Face schema.,Shophouse,Sơn La,Trung tâm,,,,45.0,1.0,5.0,4.0,21.30651,103.923554,1314293003,True
Shophouse Trung tâm Sơn La,Coverage row generated from market priors and Hugging Face schema.,Shophouse,Sơn La,Trung tâm,,,,60.0,2.0,3.0,2.0,21.312675,103.926055,1682718440,True
Shophouse Trung tâm Sơn La,Coverage row generated from market priors and Hugging Face schema.,Shophouse,Sơn La,Trung tâm,,,,80.0,4.0,4.0,2.0,21.32591,103.919433,2496442433,True
Shophouse Trung tâm Sơn La,Coverage row generated from market priors and Hugging Face schema.,Shophouse,Sơn La,Trung tâm,,,,120.0,2.0,1.0,1.0,21.330893,103.9025,3195330081,True
Shophouse Trung tâm Sơn La,Coverage row generated from market priors and Hugging Face schema.,Shophouse,Sơn La,Trung tâm,,,,180.0,1.0,5.0,4.0,21.335147,103.90571,5169252298,True
Đất Trung tâm Sơn La,Coverage row generated from market priors and Hugging Face schema.,Đất,Sơn La,Trung tâm,,,,45.0,0.0,0.0,0.0,21.350883,103.901573,779372547,True
Đất Trung tâm Sơn La,Coverage row generated from market priors and Hugging Face schema.,Đất,Sơn La,Trung tâm,,,,60.0,0.0,0.0,0.0,21.352449,103.904222,1076572372,True
Đất Trung tâm Sơn La,Coverage row generated from market priors and Hugging Face schema.,Đất,Sơn La,Trung tâm,,,,80.0,0.0,0.0,0.0,21.304487,103.926996,1408932479,True
Đất Trung tâm Sơn La,Coverage row generated from market priors and Hugging Face schema.,Đất,Sơn La,Trung tâm,,,,120.0,0.0,0.0,0.0,21.33962,103.902027,2156573921,True
Đất Trung tâm Sơn La,Coverage row generated from market priors and Hugging Face schema.,Đất,Sơn La,Trung tâm,,,,180.0,0.0,0.0,0.0,21.308398,103.913812,3144380534,True
Biệt thự/Nhà liền kề Trung tâm Tây Ninh,Coverage row generated from market priors and Hugging Face schema.,Biệt thự/Nhà liền kề,Tây Ninh,Trung tâm,,,,45.0,3.0,3.0,4.0,11.302836,106.100885,1767422059,True
Biệt thự/Nhà liền kề Trung tâm Tây Ninh,Coverage row generated from market priors and Hugging Face schema.,Biệt thự/Nhà liền kề,Tây Ninh,Trung tâm,,,,60.0,4.0,3.0,3.0,11.321466,106.123103,2425326942,True
Biệt thự/Nhà liền kề Trung tâm Tây Ninh,Coverage row generated from market priors and Hugging Face schema.,Biệt thự/Nhà liền kề,Tây Ninh,Trung tâm,,,,80.0,4.0,5.0,4.0,11.294575,106.115315,3565892238,True
Biệt thự/Nhà liền kề Trung tâm Tây Ninh,Coverage row generated from market priors and Hugging Face schema.,Biệt thự/Nhà liền kề,Tây Ninh,Trung tâm,,,,120.0,3.0,3.0,4.0,11.308547,106.080429,4833034522,True
Biệt thự/Nhà liền kề Trung tâm Tây Ninh,Coverage row generated from market priors and Hugging Face schema.,Biệt thự/Nhà liền kề,Tây Ninh,Trung tâm,,,,180.0,5.0,5.0,1.0,11.310874,106.117587,8333586183,True
Căn hộ chung cư Trung tâm Tây Ninh,Coverage row generated from market priors and Hugging Face schema.,Căn hộ chung cư,Tây Ninh,Trung tâm,,,,45.0,4.0,5.0,3.0,11.316153,106.117867,1057240420,True
Căn hộ chung cư Trung tâm Tây Ninh,Coverage row generated from market priors and Hugging Face schema.,Căn hộ chung cư,Tây Ninh,Trung tâm,,,,60.0,1.0,3.0,3.0,11.324555,106.097256,1304999480,True
Căn hộ chung cư Trung tâm Tây Ninh,Coverage row generated from market priors and Hugging Face schema.,Căn hộ chung cư,Tây Ninh,Trung tâm,,,,80.0,1.0,4.0,1.0,11.310581,106.104969,1807992501,True
Căn hộ chung cư Trung tâm Tây Ninh,Coverage row generated from market priors and Hugging Face schema.,Căn hộ chung cư,Tây Ninh,Trung tâm,,,,120.0,3.0,4.0,1.0,11.315556,106.087561,2627754513,True
Căn hộ chung cư Trung tâm Tây Ninh,Coverage row generated from market priors and Hugging Face schema.,Căn hộ chung cư,Tây Ninh,Trung tâm,,,,180.0,3.0,4.0,4.0,11.333615,106.09195,3909107462,True
Nhà Trung tâm Tây Ninh,Coverage row generated from market priors and Hugging Face schema.,Nhà,Tây Ninh,Trung tâm,,,,45.0,4.0,2.0,2.0,11.296017,106.089153,1407448726,True
Nhà Trung tâm Tây Ninh,Coverage row generated from market priors and Hugging Face schema.,Nhà,Tây Ninh,Trung tâm,,,,60.0,5.0,5.0,4.0,11.317299,106.075367,2238059753,True
Nhà Trung tâm Tây Ninh,Coverage row generated from market priors and Hugging Face schema.,Nhà,Tây Ninh,Trung tâm,,,,80.0,3.0,2.0,1.0,11.309619,106.109493,2391405964,True
Nhà Trung tâm Tây Ninh,Coverage row generated from market priors and Hugging Face schema.,Nhà,Tây Ninh,Trung tâm,,,,120.0,4.0,4.0,3.0,11.323616,106.098129,3838813952,True
Nhà Trung tâm Tây Ninh,Coverage row generated from market priors and Hugging Face schema.,Nhà,Tây Ninh,Trung tâm,,,,180.0,2.0,5.0,3.0,11.300552,106.094956,5621444907,True
Shophouse Trung tâm Tây Ninh,Coverage row generated from market priors and Hugging Face schema.,Shophouse,Tây Ninh,Trung tâm,,,,45.0,5.0,4.0,4.0,11.330337,106.094942,2455066979,True
Shophouse Trung tâm Tây Ninh,Coverage row generated from market priors and Hugging Face schema.,Shophouse,Tây Ninh,Trung tâm,,,,60.0,3.0,5.0,3.0,11.29351,106.080261,2855421919,True
Shophouse Trung tâm Tây Ninh,Coverage row generated from market priors and Hugging Face schema.,Shophouse,Tây Ninh,Trung tâm,,,,80.0,2.0,1.0,1.0,11.318038,106.073775,3309313648,True
Shophouse Trung tâm Tây Ninh,Coverage row generated from market priors and Hugging Face schema.,Shophouse,Tây Ninh,Trung tâm,,,,120.0,3.0,4.0,3.0,11.318185,106.101676,5600397173,True
Shophouse Trung tâm Tây Ninh,Coverage row generated from market priors and Hugging Face schema.,Shophouse,Tây Ninh,Trung tâm,,,,180.0,4.0,4.0,1.0,11.325249,106.100317,8924202893,True
Đất Trung tâm Tây Ninh,Coverage row generated from market priors and Hugging Face schema.,Đất,Tây Ninh,Trung tâm,,,,45.0,0.0,0.0,0.0,11.293246,106.121933,1189415868,True
Đất Trung tâm Tây Ninh,Coverage row generated from market priors and Hugging Face schema.,Đất,Tây Ninh,Trung tâm,,,,60.0,0.0,0.0,0.0,11.333286,106.09997,1594563681,True
Đất Trung tâm Tây Ninh,Coverage row generated from market priors and Hugging Face schema.,Đất,Tây Ninh,Trung tâm,,,,80.0,0.0,0.0,0.0,11.305276,106.080032,2090242518,True
Đất Trung tâm Tây Ninh,Coverage row generated from market priors and Hugging Face schema.,Đất,Tây Ninh,Trung tâm,,,,120.0,0.0,0.0,0.0,11.322759,106.08805,3316383846,True
Đất Trung tâm Tây Ninh,Coverage row generated from market priors and Hugging Face schema.,Đất,Tây Ninh,Trung tâm,,,,180.0,0.0,0.0,0.0,11.293801,106.122777,4555668995,True
Biệt thự/Nhà liền kề Trung tâm Thái Bình,Coverage row generated from market priors and Hugging Face schema.,Biệt thự/Nhà liền kề,Thái Bình,Trung tâm,,,,45.0,2.0,4.0,2.0,20.459405,106.314765,1511564569,True
Biệt thự/Nhà liền kề Trung tâm Thái Bình,Coverage row generated from market priors and Hugging Face schema.,Biệt thự/Nhà liền kề,Thái Bình,Trung tâm,,,,60.0,2.0,3.0,3.0,20.461903,106.360428,2189266220,True
Biệt thự/Nhà liền kề Trung tâm Thái Bình,Coverage row generated from market priors and Hugging Face schema.,Biệt thự/Nhà liền kề,Thái Bình,Trung tâm,,,,80.0,4.0,2.0,2.0,20.458412,106.325332,2861067399,True
Biệt thự/Nhà liền kề Trung tâm Thái Bình,Coverage row generated from market priors and Hugging Face schema.,Biệt thự/Nhà liền kề,Thái Bình,Trung tâm,,,,120.0,4.0,4.0,2.0,20.449722,106.359484,4425820034,True
Biệt thự/Nhà liền kề Trung tâm Thái Bình,Coverage row generated from market priors and Hugging Face schema.,Biệt thự/Nhà liền kề,Thái Bình,Trung tâm,,,,180.0,3.0,4.0,4.0,20.455975,106.357164,6534574427,True
Căn hộ chung cư Trung tâm Thái Bình,Coverage row generated from market priors and Hugging Face schema.,Căn hộ chung cư,Thái Bình,Trung tâm,,,,45.0,1.0,3.0,3.0,20.431526,106.349383,888451401,True
Căn hộ chung cư Trung tâm Thái Bình,Coverage row generated from market priors and Hugging Face schema.,Căn hộ chung cư,Thái Bình,Trung tâm,,,,60.0,1.0,5.0,4.0,20.451515,106.330647,1163700546,True
Căn hộ chung cư Trung tâm Thái Bình,Coverage row generated from market priors and Hugging Face schema.,Căn hộ chung cư,Thái Bình,Trung tâm,,,,80.0,1.0,4.0,4.0,20.438593,106.32473,1601613606,True
Căn hộ chung cư Trung tâm Thái Bình,Coverage row generated from market priors and Hugging Face schema.,Căn hộ chung cư,Thái Bình,Trung tâm,,,,120.0,5.0,2.0,2.0,20.46641,106.327893,2277888446,True
Căn hộ chung cư Trung tâm Thái Bình,Coverage row generated from market priors and Hugging Face schema.,Căn hộ chung cư,Thái Bình,Trung tâm,,,,180.0,4.0,5.0,3.0,20.467126,106.324294,3370677034,True
Nhà Trung tâm Thái Bình,Coverage row generated from market priors and Hugging Face schema.,Nhà,Thái Bình,Trung tâm,,,,45.0,1.0,5.0,1.0,20.466115,106.354229,1185363524,True
Nhà Trung tâm Thái Bình,Coverage row generated from market priors and Hugging Face schema.,Nhà,Thái Bình,Trung tâm,,,,60.0,4.0,3.0,1.0,20.453348,106.324785,1698681945,True
Nhà Trung tâm Thái Bình,Coverage row generated from market priors and Hugging Face schema.,Nhà,Thái Bình,Trung tâm,,,,80.0,4.0,5.0,2.0,20.456871,106.328768,2523347460,True
Nhà Trung tâm Thái Bình,Coverage row generated from market priors and Hugging Face schema.,Nhà,Thái Bình,Trung tâm,,,,120.0,5.0,3.0,4.0,20.458007,106.340663,3865171618,True
Nhà Trung tâm Thái Bình,Coverage row generated from market priors and Hugging Face schema.,Nhà,Thái Bình,Trung tâm,,,,180.0,1.0,2.0,4.0,20.439431,106.351704,5043369379,True
Shophouse Trung tâm Thái Bình,Coverage row generated from market priors and Hugging Face schema.,Shophouse,Thái Bình,Trung tâm,,,,45.0,5.0,1.0,1.0,20.45747,106.337132,1879482653,True
Shophouse Trung tâm Thái Bình,Coverage row generated from market priors and Hugging Face schema.,Shophouse,Thái Bình,Trung tâm,,,,60.0,1.0,3.0,3.0,20.468021,106.361412,2414321977,True
Shophouse Trung tâm Thái Bình,Coverage row generated from market priors and Hugging Face schema.,Shophouse,Thái Bình,Trung tâm,,,,80.0,5.0,4.0,3.0,20.445015,106.318102,3828249194,True
Shophouse Trung tâm Thái Bình,Coverage row generated from market priors and Hugging Face schema.,Shophouse,Thái Bình,Trung tâm,,,,120.0,4.0,3.0,2.0,20.442285,106.354896,5242377302,True
Shophouse Trung tâm Thái Bình,Coverage row generated from market priors and Hugging Face schema.,Shophouse,Thái Bình,Trung tâm,,,,180.0,5.0,5.0,2.0,20.433586,106.314567,8064411022,True
Đất Trung tâm Thái Bình,Coverage row generated from market priors and Hugging Face schema.,Đất,Thái Bình,Trung tâm,,,,45.0,0.0,0.0,0.0,20.426872,106.331742,1110318461,True
Đất Trung tâm Thái Bình,Coverage row generated from market priors and Hugging Face schema.,Đất,Thái Bình,Trung tâm,,,,60.0,0.0,0.0,0.0,20.465575,106.335273,1459963923,True
Đất Trung tâm Thái Bình,Coverage row generated from market priors and Hugging Face schema.,Đất,Thái Bình,Trung tâm,,,,80.0,0.0,0.0,0.0,20.457308,106.335336,1950878078,True
Đất Trung tâm Thái Bình,Coverage row generated from market priors and Hugging Face schema.,Đất,Thái Bình,Trung tâm,,,,120.0,0.0,0.0,0.0,20.438031,106.356593,2720154983,True
Đất Trung tâm Thái Bình,Coverage row generated from market priors and Hugging Face schema.,Đất,Thái Bình,Trung tâm,,,,180.0,0.0,0.0,0.0,20.441475,106.336322,4401307347,True
Biệt thự/Nhà liền kề Trung tâm Thái Nguyên,Coverage row generated from market priors and Hugging Face schema.,Biệt thự/Nhà liền kề,Thái Nguyên,Trung tâm,,,,45.0,1.0,1.0,3.0,21.60653,105.852202,1982459396,True
Biệt thự/Nhà liền kề Trung tâm Thái Nguyên,Coverage row generated from market priors and Hugging Face schema.,Biệt thự/Nhà liền kề,Thái Nguyên,Trung tâm,,,,60.0,3.0,5.0,3.0,21.602922,105.83111,3027374298,True
Biệt thự/Nhà liền kề Trung tâm Thái Nguyên,Coverage row generated from market priors and Hugging Face schema.,Biệt thự/Nhà liền kề,Thái Nguyên,Trung tâm,,,,80.0,2.0,1.0,2.0,21.585911,105.825455,3805459887,True
Biệt thự/Nhà liền kề Trung tâm Thái Nguyên,Coverage row generated from market priors and Hugging Face schema.,Biệt thự/Nhà liền kề,Thái Nguyên,Trung tâm,,,,120.0,2.0,3.0,1.0,21.600748,105.841951,5882968197,True
Biệt thự/Nhà liền kề Trung tâm Thái Nguyên,Coverage row generated from market priors and Hugging Face schema.,Biệt thự/Nhà liền kề,Thái Nguyên,Trung tâm,,,,180.0,3.0,3.0,1.0,21.581419,105.854928,8552405403,True
Căn hộ chung cư Trung tâm Thái Nguyên,Coverage row generated from market priors and Hugging Face schema.,Căn hộ chung cư,Thái Nguyên,Trung tâm,,,,45.0,3.0,3.0,2.0,21.593407,105.853395,1112204086,True
Căn hộ chung cư Trung tâm Thái Nguyên,Coverage row generated from market priors and Hugging Face schema.,Căn hộ chung cư,Thái Nguyên,Trung tâm,,,,60.0,5.0,3.0,3.0,21.616103,105.870106,1601393958,True
Căn hộ chung cư Trung tâm Thái Nguyên,Coverage row generated from market priors and Hugging Face schema.,Căn hộ chung cư,Thái Nguyên,Trung tâm,,,,80.0,1.0,5.0,1.0,21.579486,105.826127,2261671284,True
Căn hộ chung cư Trung tâm Thái Nguyên,Coverage row generated from market priors and Hugging Face schema.,Căn hộ chung cư,Thái Nguyên,Trung tâm,,,,120.0,3.0,2.0,3.0,21.584724,105.836274,2971506178,True
Căn hộ chung cư Trung tâm Thái Nguyên,Coverage row generated from market priors and Hugging Face schema.,Căn hộ chung cư,Thái Nguyên,Trung tâm,,,,180.0,3.0,1.0,4.0,21.571783,105.84748,4093354153,True
Nhà Trung tâm Thái Nguyên,Coverage row generated from market priors and Hugging Face schema.,Nhà,Thái Nguyên,Trung tâm,,,,45.0,3.0,3.0,2.0,21.602996,105.852549,1663656335,True
Nhà Trung tâm Thái Nguyên,Coverage row generated from market priors and Hugging Face schema.,Nhà,Thái Nguyên,Trung tâm,,,,60.0,3.0,5.0,1.0,21.615302,105.838758,2357882537,True
Nhà Trung tâm Thái Nguyên,Coverage row generated from market priors and Hugging Face schema.,Nhà,Thái Nguyên,Trung tâm,,,,80.0,3.0,5.0,4.0,21.577436,105.856718,3213747458,True
Nhà Trung tâm Thái Nguyên,Coverage row generated from market priors and Hugging Face schema.,Nhà,Thái Nguyên,Trung tâm,,,,120.0,3.0,5.0,4.0,21.590813,105.845245,4822629807,True
Nhà Trung tâm Thái Nguyên,Coverage row generated from market priors and Hugging Face schema.,Nhà,Thái Nguyên,Trung tâm,,,,180.0,3.0,5.0,1.0,21.581131,105.838239,6755263523,True
Shophouse Trung tâm Thái Nguyên,Coverage row generated from market priors and Hugging Face schema.,Shophouse,Thái Nguyên,Trung tâm,,,,45.0,3.0,3.0,3.0,21.57541,105.84653,2681877262,True
Shophouse Trung tâm Thái Nguyên,Coverage row generated from market priors and Hugging Face schema.,Shophouse,Thái Nguyên,Trung tâm,,,,60.0,4.0,1.0,2.0,21.583953,105.873035,3420375009,True
Shophouse Trung tâm Thái Nguyên,Coverage row generated from market priors and Hugging Face schema.,Shophouse,Thái Nguyên,Trung tâm,,,,80.0,5.0,5.0,3.0,21.579428,105.846667,5104339395,True
Shophouse Trung tâm Thái Nguyên,Coverage row generated from market priors and Hugging Face schema.,Shophouse,Thái Nguyên,Trung tâm,,,,120.0,5.0,5.0,1.0,21.596738,105.842847,7388235326,True
Shophouse Trung tâm Thái Nguyên,Coverage row generated from market priors and Hugging Face schema.,Shophouse,Thái Nguyên,Trung tâm,,,,180.0,5.0,5.0,3.0,21.581869,105.829697,10719167141,True
Đất Trung tâm Thái Nguyên,Coverage row generated from market priors and Hugging Face schema.,Đất,Thái Nguyên,Trung tâm,,,,45.0,0.0,0.0,0.0,21.593108,105.867185,1507399068,True
Đất Trung tâm Thái Nguyên,Coverage row generated from market priors and Hugging Face schema.,Đất,Thái Nguyên,Trung tâm,,,,60.0,0.0,0.0,0.0,21.577032,105.829747,1844219330,True
Đất Trung tâm Thái Nguyên,Coverage row generated from market priors and Hugging Face schema.,Đất,Thái Nguyên,Trung tâm,,,,80.0,0.0,0.0,0.0,21.581092,105.852064,2524764721,True
Đất Trung tâm Thái Nguyên,Coverage row generated from market priors and Hugging Face schema.,Đất,Thái Nguyên,Trung tâm,,,,120.0,0.0,0.0,0.0,21.587984,105.85211,3724730773,True
Đất Trung tâm Thái Nguyên,Coverage row generated from market priors and Hugging Face schema.,Đất,Thái Nguyên,Trung tâm,,,,180.0,0.0,0.0,0.0,21.586918,105.862584,5964534836,True
Biệt thự/Nhà liền kề Trung tâm Thanh Hóa,Coverage row generated from market priors and Hugging Face schema.,Biệt thự/Nhà liền kề,Thanh Hóa,Trung tâm,,,,45.0,4.0,3.0,4.0,19.826029,105.790917,2161705316,True
Biệt thự/Nhà liền kề Trung tâm Thanh Hóa,Coverage row generated from market priors and Hugging Face schema.,Biệt thự/Nhà liền kề,Thanh Hóa,Trung tâm,,,,60.0,3.0,4.0,3.0,19.787665,105.775968,2659806898,True
Biệt thự/Nhà liền kề Trung tâm Thanh Hóa,Coverage row generated from market priors and Hugging Face schema.,Biệt thự/Nhà liền kề,Thanh Hóa,Trung tâm,,,,80.0,4.0,5.0,3.0,19.793417,105.78096,3819573492,True
Biệt thự/Nhà liền kề Trung tâm Thanh Hóa,Coverage row generated from market priors and Hugging Face schema.,Biệt thự/Nhà liền kề,Thanh Hóa,Trung tâm,,,,120.0,5.0,4.0,3.0,19.801467,105.785762,6047018736,True
Biệt thự/Nhà liền kề Trung tâm Thanh Hóa,Coverage row generated from market priors and Hugging Face schema.,Biệt thự/Nhà liền kề,Thanh Hóa,Trung tâm,,,,180.0,2.0,2.0,3.0,19.827727,105.787032,7648155739,True
Căn hộ chung cư Trung tâm Thanh Hóa,Coverage row generated from market priors and Hugging Face schema.,Căn hộ chung cư,Thanh Hóa,Trung tâm,,,,45.0,1.0,1.0,1.0,19.783322,105.763314,922537657,True
Căn hộ chung cư Trung tâm Thanh Hóa,Coverage row generated from market priors and Hugging Face schema.,Căn hộ chung cư,Thanh Hóa,Trung tâm,,,,60.0,1.0,1.0,2.0,19.800209,105.794837,1232557981,True
Căn hộ chung cư Trung tâm Thanh Hóa,Coverage row generated from market priors and Hugging Face schema.,Căn hộ chung cư,Thanh Hóa,Trung tâm,,,,80.0,2.0,1.0,1.0,19.795857,105.754911,1784795605,True
Căn hộ chung cư Trung tâm Thanh Hóa,Coverage row generated from market priors and Hugging Face schema.,Căn hộ chung cư,Thanh Hóa,Trung tâm,,,,120.0,4.0,1.0,3.0,19.811713,105.755532,2664565035,True
Căn hộ chung cư Trung tâm Thanh Hóa,Coverage row generated from market priors and Hugging Face schema.,Căn hộ chung cư,Thanh Hóa,Trung tâm,,,,180.0,5.0,5.0,1.0,19.79217,105.763029,4681946602,True
Nhà Trung tâm Thanh Hóa,Coverage row generated from market priors and Hugging Face schema.,Nhà,Thanh Hóa,Trung tâm,,,,45.0,4.0,1.0,3.0,19.816336,105.794763,1739726253,True
Nhà Trung tâm Thanh Hóa,Coverage row generated from market priors and Hugging Face schema.,Nhà,Thanh Hóa,Trung tâm,,,,60.0,1.0,3.0,4.0,19.782781,105.79042,2081777877,True
Nhà Trung tâm Thanh Hóa,Coverage row generated from market priors and Hugging Face schema.,Nhà,Thanh Hóa,Trung tâm,,,,80.0,3.0,3.0,2.0,19.786598,105.77075,2780620184,True
Nhà Trung tâm Thanh Hóa,Coverage row generated from market priors and Hugging Face schema.,Nhà,Thanh Hóa,Trung tâm,,,,120.0,3.0,5.0,1.0,19.81518,105.787648,4183866165,True
Nhà Trung tâm Thanh Hóa,Coverage row generated from market priors and Hugging Face schema.,Nhà,Thanh Hóa,Trung tâm,,,,180.0,4.0,4.0,1.0,19.8226,105.759011,6754182013,True
Shophouse Trung tâm Thanh Hóa,Coverage row generated from market priors and Hugging Face schema.,Shophouse,Thanh Hóa,Trung tâm,,,,45.0,1.0,5.0,2.0,19.810385,105.765096,2095566854,True
Shophouse Trung tâm Thanh Hóa,Coverage row generated from market priors and Hugging Face schema.,Shophouse,Thanh Hóa,Trung tâm,,,,60.0,5.0,4.0,2.0,19.786318,105.795178,3414457991,True
Shophouse Trung tâm Thanh Hóa,Coverage row generated from market priors and Hugging Face schema.,Shophouse,Thanh Hóa,Trung tâm,,,,80.0,2.0,3.0,1.0,19.826431,105.776113,4060154813,True
Shophouse Trung tâm Thanh Hóa,Coverage row generated from market priors and Hugging Face schema.,Shophouse,Thanh Hóa,Trung tâm,,,,120.0,5.0,4.0,3.0,19.804902,105.770947,7094560397,True
Shophouse Trung tâm Thanh Hóa,Coverage row generated from market priors and Hugging Face schema.,Shophouse,Thanh Hóa,Trung tâm,,,,180.0,3.0,5.0,4.0,19.800815,105.77856,9999188084,True
Đất Trung tâm Thanh Hóa,Coverage row generated from market priors and Hugging Face schema.,Đất,Thanh Hóa,Trung tâm,,,,45.0,0.0,0.0,0.0,19.81949,105.795915,1292800817,True
Đất Trung tâm Thanh Hóa,Coverage row generated from market priors and Hugging Face schema.,Đất,Thanh Hóa,Trung tâm,,,,60.0,0.0,0.0,0.0,19.829448,105.778905,1784524611,True
Đất Trung tâm Thanh Hóa,Coverage row generated from market priors and Hugging Face schema.,Đất,Thanh Hóa,Trung tâm,,,,80.0,0.0,0.0,0.0,19.790098,105.79713,2247299342,True
Đất Trung tâm Thanh Hóa,Coverage row generated from market priors and Hugging Face schema.,Đất,Thanh Hóa,Trung tâm,,,,120.0,0.0,0.0,0.0,19.823843,105.771262,3714102998,True
Đất Trung tâm Thanh Hóa,Coverage row generated from market priors and Hugging Face schema.,Đất,Thanh Hóa,Trung tâm,,,,180.0,0.0,0.0,0.0,19.806815,105.794492,5158181367,True
Biệt thự/Nhà liền kề Trung tâm Thừa Thiên Huế,Coverage row generated from market priors and Hugging Face schema.,Biệt thự/Nhà liền kề,Thừa Thiên Huế,Trung tâm,,,,45.0,4.0,1.0,1.0,16.451601,107.566572,2028288740,True
Biệt thự/Nhà liền kề Trung tâm Thừa Thiên Huế,Coverage row generated from market priors and Hugging Face schema.,Biệt thự/Nhà liền kề,Thừa Thiên Huế,Trung tâm,,,,60.0,4.0,1.0,1.0,16.472416,107.571176,2635510195,True
Biệt thự/Nhà liền kề Trung tâm Thừa Thiên Huế,Coverage row generated from market priors and Hugging Face schema.,Biệt thự/Nhà liền kề,Thừa Thiên Huế,Trung tâm,,,,80.0,5.0,3.0,3.0,16.448741,107.570606,3949287478,True
Biệt thự/Nhà liền kề Trung tâm Thừa Thiên Huế,Coverage row generated from market priors and Hugging Face schema.,Biệt thự/Nhà liền kề,Thừa Thiên Huế,Trung tâm,,,,120.0,2.0,5.0,4.0,16.467335,107.604539,4919256865,True
Biệt thự/Nhà liền kề Trung tâm Thừa Thiên Huế,Coverage row generated from market priors and Hugging Face schema.,Biệt thự/Nhà liền kề,Thừa Thiên Huế,Trung tâm,,,,180.0,5.0,4.0,3.0,16.479339,107.575046,8380749110,True
Căn hộ chung cư Trung tâm Thừa Thiên Huế,Coverage row generated from market priors and Hugging Face schema.,Căn hộ chung cư,Thừa Thiên Huế,Trung tâm,,,,45.0,4.0,3.0,2.0,16.480615,107.579401,1017363995,True
Căn hộ chung cư Trung tâm Thừa Thiên Huế,Coverage row generated from market priors and Hugging Face schema.,Căn hộ chung cư,Thừa Thiên Huế,Trung tâm,,,,60.0,4.0,4.0,1.0,16.452714,107.583985,1337979920,True
Căn hộ chung cư Trung tâm Thừa Thiên Huế,Coverage row generated from market priors and Hugging Face schema.,Căn hộ chung cư,Thừa Thiên Huế,Trung tâm,,,,80.0,2.0,4.0,1.0,16.446723,107.580417,1877946057,True
Căn hộ chung cư Trung tâm Thừa Thiên Huế,Coverage row generated from market priors and Hugging Face schema.,Căn hộ chung cư,Thừa Thiên Huế,Trung tâm,,,,120.0,4.0,2.0,3.0,16.460498,107.573518,2680612157,True
Căn hộ chung cư Trung tâm Thừa Thiên Huế,Coverage row generated from market priors and Hugging Face schema.,Căn hộ chung cư,Thừa Thiên Huế,Trung tâm,,,,180.0,1.0,1.0,3.0,16.440539,107.60898,3870704829,True
Nhà Trung tâm Thừa Thiên Huế,Coverage row generated from market priors and Hugging Face schema.,Nhà,Thừa Thiên Huế,Trung tâm,,,,45.0,5.0,4.0,4.0,16.442197,107.575104,1739478217,True
Nhà Trung tâm Thừa Thiên Huế,Coverage row generated from market priors and Hugging Face schema.,Nhà,Thừa Thiên Huế,Trung tâm,,,,60.0,1.0,1.0,1.0,16.475785,107.574271,1930848275,True
Nhà Trung tâm Thừa Thiên Huế,Coverage row generated from market priors and Hugging Face schema.,Nhà,Thừa Thiên Huế,Trung tâm,,,,80.0,2.0,2.0,2.0,16.482084,107.576449,2565887820,True
Nhà Trung tâm Thừa Thiên Huế,Coverage row generated from market priors and Hugging Face schema.,Nhà,Thừa Thiên Huế,Trung tâm,,,,120.0,4.0,3.0,3.0,16.464404,107.569239,4461511450,True
Nhà Trung tâm Thừa Thiên Huế,Coverage row generated from market priors and Hugging Face schema.,Nhà,Thừa Thiên Huế,Trung tâm,,,,180.0,3.0,3.0,2.0,16.466389,107.612064,6416923394,True
Shophouse Trung tâm Thừa Thiên Huế,Coverage row generated from market priors and Hugging Face schema.,Shophouse,Thừa Thiên Huế,Trung tâm,,,,45.0,2.0,4.0,4.0,16.485708,107.595436,2327479499,True
Shophouse Trung tâm Thừa Thiên Huế,Coverage row generated from market priors and Hugging Face schema.,Shophouse,Thừa Thiên Huế,Trung tâm,,,,60.0,4.0,5.0,4.0,16.45597,107.615808,3306710772,True
Shophouse Trung tâm Thừa Thiên Huế,Coverage row generated from market priors and Hugging Face schema.,Shophouse,Thừa Thiên Huế,Trung tâm,,,,80.0,5.0,5.0,4.0,16.473442,107.603464,4691911685,True
Shophouse Trung tâm Thừa Thiên Huế,Coverage row generated from market priors and Hugging Face schema.,Shophouse,Thừa Thiên Huế,Trung tâm,,,,120.0,1.0,2.0,2.0,16.483441,107.611685,5573687007,True
Shophouse Trung tâm Thừa Thiên Huế,Coverage row generated from market priors and Hugging Face schema.,Shophouse,Thừa Thiên Huế,Trung tâm,,,,180.0,4.0,5.0,4.0,16.483081,107.60378,10192527223,True
Đất Trung tâm Thừa Thiên Huế,Coverage row generated from market priors and Hugging Face schema.,Đất,Thừa Thiên Huế,Trung tâm,,,,45.0,0.0,0.0,0.0,16.469293,107.571545,1236754367,True
Đất Trung tâm Thừa Thiên Huế,Coverage row generated from market priors and Hugging Face schema.,Đất,Thừa Thiên Huế,Trung tâm,,,,60.0,0.0,0.0,0.0,16.465532,107.578641,1643763786,True
Đất Trung tâm Thừa Thiên Huế,Coverage row generated from market priors and Hugging Face schema.,Đất,Thừa Thiên Huế,Trung tâm,,,,80.0,0.0,0.0,0.0,16.486457,107.576624,2173150039,True
Đất Trung tâm Thừa Thiên Huế,Coverage row generated from market priors and Hugging Face schema.,Đất,Thừa Thiên Huế,Trung tâm,,,,120.0,0.0,0.0,0.0,16.45585,107.58907,3302719815,True
Đất Trung tâm Thừa Thiên Huế,Coverage row generated from market priors and Hugging Face schema.,Đất,Thừa Thiên Huế,Trung tâm,,,,180.0,0.0,0.0,0.0,16.463147,107.604809,5417052897,True
Biệt thự/Nhà liền kề Trung tâm Tiền Giang,Coverage row generated from market priors and Hugging Face schema.,Biệt thự/Nhà liền kề,Tiền Giang,Trung tâm,,,,45.0,2.0,4.0,3.0,10.436955,106.346601,1775385786,True
Biệt thự/Nhà liền kề Trung tâm Tiền Giang,Coverage row generated from market priors and Hugging Face schema.,Biệt thự/Nhà liền kề,Tiền Giang,Trung tâm,,,,60.0,4.0,3.0,1.0,10.447865,106.366136,2365186939,True
Biệt thự/Nhà liền kề Trung tâm Tiền Giang,Coverage row generated from market priors and Hugging Face schema.,Biệt thự/Nhà liền kề,Tiền Giang,Trung tâm,,,,80.0,4.0,2.0,4.0,10.471017,106.323418,3259419379,True
Biệt thự/Nhà liền kề Trung tâm Tiền Giang,Coverage row generated from market priors and Hugging Face schema.,Biệt thự/Nhà liền kề,Tiền Giang,Trung tâm,,,,120.0,4.0,4.0,4.0,10.437395,106.346671,5063871171,True
Biệt thự/Nhà liền kề Trung tâm Tiền Giang,Coverage row generated from market priors and Hugging Face schema.,Biệt thự/Nhà liền kề,Tiền Giang,Trung tâm,,,,180.0,1.0,4.0,4.0,10.434477,106.32224,7176558701,True
Căn hộ chung cư Trung tâm Tiền Giang,Coverage row generated from market priors and Hugging Face schema.,Căn hộ chung cư,Tiền Giang,Trung tâm,,,,45.0,2.0,2.0,3.0,10.457636,106.336213,874945225,True
Căn hộ chung cư Trung tâm Tiền Giang,Coverage row generated from market priors and Hugging Face schema.,Căn hộ chung cư,Tiền Giang,Trung tâm,,,,60.0,5.0,1.0,4.0,10.472742,106.324664,1160388149,True
Căn hộ chung cư Trung tâm Tiền Giang,Coverage row generated from market priors and Hugging Face schema.,Căn hộ chung cư,Tiền Giang,Trung tâm,,,,80.0,2.0,2.0,4.0,10.443946,106.339978,1574213489,True
Căn hộ chung cư Trung tâm Tiền Giang,Coverage row generated from market priors and Hugging Face schema.,Căn hộ chung cư,Tiền Giang,Trung tâm,,,,120.0,4.0,5.0,3.0,10.443784,106.35244,2728691800,True
Căn hộ chung cư Trung tâm Tiền Giang,Coverage row generated from market priors and Hugging Face schema.,Căn hộ chung cư,Tiền Giang,Trung tâm,,,,180.0,4.0,4.0,3.0,10.462727,106.3317,3846681314,True
Nhà Trung tâm Tiền Giang,Coverage row generated from market priors and Hugging Face schema.,Nhà,Tiền Giang,Trung tâm,,,,45.0,2.0,3.0,1.0,10.456426,106.361294,1348489129,True
Nhà Trung tâm Tiền Giang,Coverage row generated from market priors and Hugging Face schema.,Nhà,Tiền Giang,Trung tâm,,,,60.0,3.0,3.0,4.0,10.437441,106.354988,1973949093,True
Nhà Trung tâm Tiền Giang,Coverage row generated from market priors and Hugging Face schema.,Nhà,Tiền Giang,Trung tâm,,,,80.0,4.0,2.0,4.0,10.432556,106.362228,2744987521,True
Nhà Trung tâm Tiền Giang,Coverage row generated from market priors and Hugging Face schema.,Nhà,Tiền Giang,Trung tâm,,,,120.0,3.0,5.0,1.0,10.456875,106.355523,4019632447,True
Nhà Trung tâm Tiền Giang,Coverage row generated from market priors and Hugging Face schema.,Nhà,Tiền Giang,Trung tâm,,,,180.0,3.0,1.0,1.0,10.436264,106.35371,5850236268,True
Shophouse Trung tâm Tiền Giang,Coverage row generated from market priors and Hugging Face schema.,Shophouse,Tiền Giang,Trung tâm,,,,45.0,2.0,4.0,2.0,10.44494,106.335257,1918981832,True
Shophouse Trung tâm Tiền Giang,Coverage row generated from market priors and Hugging Face schema.,Shophouse,Tiền Giang,Trung tâm,,,,60.0,1.0,2.0,1.0,10.448898,106.337717,2661013693,True
Shophouse Trung tâm Tiền Giang,Coverage row generated from market priors and Hugging Face schema.,Shophouse,Tiền Giang,Trung tâm,,,,80.0,1.0,3.0,2.0,10.430379,106.32898,3580140532,True
Shophouse Trung tâm Tiền Giang,Coverage row generated from market priors and Hugging Face schema.,Shophouse,Tiền Giang,Trung tâm,,,,120.0,4.0,1.0,2.0,10.446898,106.324919,5510939247,True
Shophouse Trung tâm Tiền Giang,Coverage row generated from market priors and Hugging Face schema.,Shophouse,Tiền Giang,Trung tâm,,,,180.0,3.0,4.0,1.0,10.433198,106.327266,8820492633,True
Đất Trung tâm Tiền Giang,Coverage row generated from market priors and Hugging Face schema.,Đất,Tiền Giang,Trung tâm,,,,45.0,0.0,0.0,0.0,10.452394,106.347589,1226062296,True
Đất Trung tâm Tiền Giang,Coverage row generated from market priors and Hugging Face schema.,Đất,Tiền Giang,Trung tâm,,,,60.0,0.0,0.0,0.0,10.435982,106.334758,1606138462,True
Đất Trung tâm Tiền Giang,Coverage row generated from market priors and Hugging Face schema.,Đất,Tiền Giang,Trung tâm,,,,80.0,0.0,0.0,0.0,10.468458,106.344803,2027614881,True
Đất Trung tâm Tiền Giang,Coverage row generated from market priors and Hugging Face schema.,Đất,Tiền Giang,Trung tâm,,,,120.0,0.0,0.0,0.0,10.463479,106.33965,3293789862,True
Đất Trung tâm Tiền Giang,Coverage row generated from market priors and Hugging Face schema.,Đất,Tiền Giang,Trung tâm,,,,180.0,0.0,0.0,0.0,10.46123,106.355751,5000887923,True
Biệt thự/Nhà liền kề Trung tâm Trà Vinh,Coverage row generated from market priors and Hugging Face schema.,Biệt thự/Nhà liền kề,Trà Vinh,Trung tâm,,,,45.0,2.0,2.0,4.0,9.912263,106.348814,1492323175,True
Biệt thự/Nhà liền kề Trung tâm Trà Vinh,Coverage row generated from market priors and Hugging Face schema.,Biệt thự/Nhà liền kề,Trà Vinh,Trung tâm,,,,60.0,2.0,4.0,1.0,9.951688,106.323721,1863366864,True
Biệt thự/Nhà liền kề Trung tâm Trà Vinh,Coverage row generated from market priors and Hugging Face schema.,Biệt thự/Nhà liền kề,Trà Vinh,Trung tâm,,,,80.0,4.0,1.0,1.0,9.958243,106.327148,2800393014,True
Biệt thự/Nhà liền kề Trung tâm Trà Vinh,Coverage row generated from market priors and Hugging Face schema.,Biệt thự/Nhà liền kề,Trà Vinh,Trung tâm,,,,120.0,1.0,1.0,1.0,9.917362,106.338082,3661522461,True
Biệt thự/Nhà liền kề Trung tâm Trà Vinh,Coverage row generated from market priors and Hugging Face schema.,Biệt thự/Nhà liền kề,Trà Vinh,Trung tâm,,,,180.0,4.0,1.0,4.0,9.933965,106.340892,6472315931,True
Căn hộ chung cư Trung tâm Trà Vinh,Coverage row generated from market priors and Hugging Face schema.,Căn hộ chung cư,Trà Vinh,Trung tâm,,,,45.0,4.0,4.0,1.0,9.9154,106.344214,777737664,True
Căn hộ chung cư Trung tâm Trà Vinh,Coverage row generated from market priors and Hugging Face schema.,Căn hộ chung cư,Trà Vinh,Trung tâm,,,,60.0,1.0,3.0,3.0,9.947167,106.332208,1011339925,True
Căn hộ chung cư Trung tâm Trà Vinh,Coverage row generated from market priors and Hugging Face schema.,Căn hộ chung cư,Trà Vinh,Trung tâm,,,,80.0,5.0,3.0,2.0,9.925384,106.344594,1408284310,True
Căn hộ chung cư Trung tâm Trà Vinh,Coverage row generated from market priors and Hugging Face schema.,Căn hộ chung cư,Trà Vinh,Trung tâm,,,,120.0,1.0,2.0,2.0,9.937621,106.333196,2045126894,True
Căn hộ chung cư Trung tâm Trà Vinh,Coverage row generated from market priors and Hugging Face schema.,Căn hộ chung cư,Trà Vinh,Trung tâm,,,,180.0,1.0,1.0,2.0,9.937419,106.338591,2866479993,True
Nhà Trung tâm Trà Vinh,Coverage row generated from market priors and Hugging Face schema.,Nhà,Trà Vinh,Trung tâm,,,,45.0,4.0,2.0,3.0,9.92751,106.340188,1195210679,True
Nhà Trung tâm Trà Vinh,Coverage row generated from market priors and Hugging Face schema.,Nhà,Trà Vinh,Trung tâm,,,,60.0,4.0,3.0,4.0,9.922893,106.320871,1765880560,True
Nhà Trung tâm Trà Vinh,Coverage row generated from market priors and Hugging Face schema.,Nhà,Trà Vinh,Trung tâm,,,,80.0,2.0,2.0,3.0,9.94109,106.359568,2051044580,True
Nhà Trung tâm Trà Vinh,Coverage row generated from market priors and Hugging Face schema.,Nhà,Trà Vinh,Trung tâm,,,,120.0,4.0,1.0,3.0,9.946932,106.347484,3314284706,True
Nhà Trung tâm Trà Vinh,Coverage row generated from market priors and Hugging Face schema.,Nhà,Trà Vinh,Trung tâm,,,,180.0,1.0,1.0,2.0,9.921866,106.336305,4194773800,True
Shophouse Trung tâm Trà Vinh,Coverage row generated from market priors and Hugging Face schema.,Shophouse,Trà Vinh,Trung tâm,,,,45.0,1.0,2.0,2.0,9.917913,106.345347,1506947373,True
Shophouse Trung tâm Trà Vinh,Coverage row generated from market priors and Hugging Face schema.,Shophouse,Trà Vinh,Trung tâm,,,,60.0,5.0,1.0,3.0,9.930622,106.321761,2303850062,True
Shophouse Trung tâm Trà Vinh,Coverage row generated from market priors and Hugging Face schema.,Shophouse,Trà Vinh,Trung tâm,,,,80.0,5.0,5.0,2.0,9.943704,106.338956,3323499438,True
Shophouse Trung tâm Trà Vinh,Coverage row generated from market priors and Hugging Face schema.,Shophouse,Trà Vinh,Trung tâm,,,,120.0,5.0,2.0,2.0,9.958554,106.343654,4871097930,True
Shophouse Trung tâm Trà Vinh,Coverage row generated from market priors and Hugging Face schema.,Shophouse,Trà Vinh,Trung tâm,,,,180.0,3.0,3.0,3.0,9.939045,106.353789,6803390321,True
Đất Trung tâm Trà Vinh,Coverage row generated from market priors and Hugging Face schema.,Đất,Trà Vinh,Trung tâm,,,,45.0,0.0,0.0,0.0,9.912526,106.335308,1017747249,True
Đất Trung tâm Trà Vinh,Coverage row generated from market priors and Hugging Face schema.,Đất,Trà Vinh,Trung tâm,,,,60.0,0.0,0.0,0.0,9.939556,106.341647,1304211257,True
Đất Trung tâm Trà Vinh,Coverage row generated from market priors and Hugging Face schema.,Đất,Trà Vinh,Trung tâm,,,,80.0,0.0,0.0,0.0,9.917506,106.347994,1786532565,True
Đất Trung tâm Trà Vinh,Coverage row generated from market priors and Hugging Face schema.,Đất,Trà Vinh,Trung tâm,,,,120.0,0.0,0.0,0.0,9.910619,106.343607,2599054403,True
Đất Trung tâm Trà Vinh,Coverage row generated from market priors and Hugging Face schema.,Đất,Trà Vinh,Trung tâm,,,,180.0,0.0,0.0,0.0,9.958015,106.350233,3837294626,True
Biệt thự/Nhà liền kề Trung tâm Tuyên Quang,Coverage row generated from market priors and Hugging Face schema.,Biệt thự/Nhà liền kề,Tuyên Quang,Trung tâm,,,,45.0,2.0,2.0,3.0,21.844964,105.208549,1191613072,True
Biệt thự/Nhà liền kề Trung tâm Tuyên Quang,Coverage row generated from market priors and Hugging Face schema.,Biệt thự/Nhà liền kề,Tuyên Quang,Trung tâm,,,,60.0,4.0,3.0,1.0,21.820216,105.210031,1674792956,True
Biệt thự/Nhà liền kề Trung tâm Tuyên Quang,Coverage row generated from market priors and Hugging Face schema.,Biệt thự/Nhà liền kề,Tuyên Quang,Trung tâm,,,,80.0,4.0,5.0,3.0,21.843206,105.222136,2314353268,True
Biệt thự/Nhà liền kề Trung tâm Tuyên Quang,Coverage row generated from market priors and Hugging Face schema.,Biệt thự/Nhà liền kề,Tuyên Quang,Trung tâm,,,,120.0,3.0,5.0,3.0,21.811902,105.227182,3468181231,True
Biệt thự/Nhà liền kề Trung tâm Tuyên Quang,Coverage row generated from market priors and Hugging Face schema.,Biệt thự/Nhà liền kề,Tuyên Quang,Trung tâm,,,,180.0,1.0,4.0,2.0,21.818823,105.193248,4724035349,True
Căn hộ chung cư Trung tâm Tuyên Quang,Coverage row generated from market priors and Hugging Face schema.,Căn hộ chung cư,Tuyên Quang,Trung tâm,,,,45.0,3.0,2.0,3.0,21.8283,105.220113,631859316,True
Căn hộ chung cư Trung tâm Tuyên Quang,Coverage row generated from market priors and Hugging Face schema.,Căn hộ chung cư,Tuyên Quang,Trung tâm,,,,60.0,1.0,1.0,2.0,21.804644,105.216837,823727260,True
Căn hộ chung cư Trung tâm Tuyên Quang,Coverage row generated from market priors and Hugging Face schema.,Căn hộ chung cư,Tuyên Quang,Trung tâm,,,,80.0,5.0,4.0,3.0,21.805231,105.238115,1114678110,True
Căn hộ chung cư Trung tâm Tuyên Quang,Coverage row generated from market priors and Hugging Face schema.,Căn hộ chung cư,Tuyên Quang,Trung tâm,,,,120.0,3.0,1.0,1.0,21.811835,105.241581,1608520001,True
Căn hộ chung cư Trung tâm Tuyên Quang,Coverage row generated from market priors and Hugging Face schema.,Căn hộ chung cư,Tuyên Quang,Trung tâm,,,,180.0,3.0,1.0,4.0,21.817085,105.21993,2377552951,True
Nhà Trung tâm Tuyên Quang,Coverage row generated from market priors and Hugging Face schema.,Nhà,Tuyên Quang,Trung tâm,,,,45.0,2.0,1.0,1.0,21.808621,105.238336,863965251,True
Nhà Trung tâm Tuyên Quang,Coverage row generated from market priors and Hugging Face schema.,Nhà,Tuyên Quang,Trung tâm,,,,60.0,2.0,3.0,1.0,21.823231,105.213373,1219528041,True
Nhà Trung tâm Tuyên Quang,Coverage row generated from market priors and Hugging Face schema.,Nhà,Tuyên Quang,Trung tâm,,,,80.0,2.0,3.0,3.0,21.83591,105.206115,1703360838,True
Nhà Trung tâm Tuyên Quang,Coverage row generated from market priors and Hugging Face schema.,Nhà,Tuyên Quang,Trung tâm,,,,120.0,1.0,4.0,3.0,21.811976,105.201353,2327693354,True
Nhà Trung tâm Tuyên Quang,Coverage row generated from market priors and Hugging Face schema.,Nhà,Tuyên Quang,Trung tâm,,,,180.0,3.0,4.0,1.0,21.828698,105.199919,3840829632,True
Shophouse Trung tâm Tuyên Quang,Coverage row generated from market priors and Hugging Face schema.,Shophouse,Tuyên Quang,Trung tâm,,,,45.0,1.0,5.0,3.0,21.838472,105.231961,1378928388,True
Shophouse Trung tâm Tuyên Quang,Coverage row generated from market priors and Hugging Face schema.,Shophouse,Tuyên Quang,Trung tâm,,,,60.0,2.0,4.0,2.0,21.819771,105.220464,1917948023,True
Shophouse Trung tâm Tuyên Quang,Coverage row generated from market priors and Hugging Face schema.,Shophouse,Tuyên Quang,Trung tâm,,,,80.0,3.0,1.0,4.0,21.798715,105.208642,2556750015,True
Shophouse Trung tâm Tuyên Quang,Coverage row generated from market priors and Hugging Face schema.,Shophouse,Tuyên Quang,Trung tâm,,,,120.0,4.0,3.0,4.0,21.830857,105.195439,4237951449,True
Shophouse Trung tâm Tuyên Quang,Coverage row generated from market priors and Hugging Face schema.,Shophouse,Tuyên Quang,Trung tâm,,,,180.0,5.0,3.0,4.0,21.846655,105.223781,6410128544,True
Đất Trung tâm Tuyên Quang,Coverage row generated from market priors and Hugging Face schema.,Đất,Tuyên Quang,Trung tâm,,,,45.0,0.0,0.0,0.0,21.834879,105.202388,767684226,True
Đất Trung tâm Tuyên Quang,Coverage row generated from market priors and Hugging Face schema.,Đất,Tuyên Quang,Trung tâm,,,,60.0,0.0,0.0,0.0,21.80139,105.200447,1129617844,True
Đất Trung tâm Tuyên Quang,Coverage row generated from market priors and Hugging Face schema.,Đất,Tuyên Quang,Trung tâm,,,,80.0,0.0,0.0,0.0,21.817571,105.206585,1465799328,True
Đất Trung tâm Tuyên Quang,Coverage row generated from market priors and Hugging Face schema.,Đất,Tuyên Quang,Trung tâm,,,,120.0,0.0,0.0,0.0,21.831903,105.19768,2250757479,True
Đất Trung tâm Tuyên Quang,Coverage row generated from market priors and Hugging Face schema.,Đất,Tuyên Quang,Trung tâm,,,,180.0,0.0,0.0,0.0,21.846139,105.223545,3198413515,True
Biệt thự/Nhà liền kề Trung tâm Vĩnh Long,Coverage row generated from market priors and Hugging Face schema.,Biệt thự/Nhà liền kề,Vĩnh Long,Trung tâm,,,,45.0,1.0,2.0,4.0,10.256042,105.969859,1435250213,True
Biệt thự/Nhà liền kề Trung tâm Vĩnh Long,Coverage row generated from market priors and Hugging Face schema.,Biệt thự/Nhà liền kề,Vĩnh Long,Trung tâm,,,,60.0,2.0,5.0,3.0,10.273768,105.955893,2197090615,True
Biệt thự/Nhà liền kề Trung tâm Vĩnh Long,Coverage row generated from market priors and Hugging Face schema.,Biệt thự/Nhà liền kề,Vĩnh Long,Trung tâm,,,,80.0,4.0,4.0,4.0,10.256677,105.957593,3157517321,True
Biệt thự/Nhà liền kề Trung tâm Vĩnh Long,Coverage row generated from market priors and Hugging Face schema.,Biệt thự/Nhà liền kề,Vĩnh Long,Trung tâm,,,,120.0,5.0,2.0,3.0,10.236082,105.989106,4806675338,True
Biệt thự/Nhà liền kề Trung tâm Vĩnh Long,Coverage row generated from market priors and Hugging Face schema.,Biệt thự/Nhà liền kề,Vĩnh Long,Trung tâm,,,,180.0,1.0,2.0,1.0,10.254712,105.981635,6035728206,True
Căn hộ chung cư Trung tâm Vĩnh Long,Coverage row generated from market priors and Hugging Face schema.,Căn hộ chung cư,Vĩnh Long,Trung tâm,,,,45.0,5.0,3.0,3.0,10.274753,105.987928,859146522,True
Căn hộ chung cư Trung tâm Vĩnh Long,Coverage row generated from market priors and Hugging Face schema.,Căn hộ chung cư,Vĩnh Long,Trung tâm,,,,60.0,1.0,3.0,4.0,10.260754,105.962548,1170132077,True
Căn hộ chung cư Trung tâm Vĩnh Long,Coverage row generated from market priors and Hugging Face schema.,Căn hộ chung cư,Vĩnh Long,Trung tâm,,,,80.0,3.0,2.0,1.0,10.2544,105.98153,1452014261,True
Căn hộ chung cư Trung tâm Vĩnh Long,Coverage row generated from market priors and Hugging Face schema.,Căn hộ chung cư,Vĩnh Long,Trung tâm,,,,120.0,1.0,4.0,2.0,10.246477,105.947974,2198170098,True
Căn hộ chung cư Trung tâm Vĩnh Long,Coverage row generated from market priors and Hugging Face schema.,Căn hộ chung cư,Vĩnh Long,Trung tâm,,,,180.0,3.0,1.0,2.0,10.275958,105.965796,3077822082,True
Nhà Trung tâm Vĩnh Long,Coverage row generated from market priors and Hugging Face schema.,Nhà,Vĩnh Long,Trung tâm,,,,45.0,3.0,5.0,2.0,10.263367,105.963738,1362121456,True
Nhà Trung tâm Vĩnh Long,Coverage row generated from market priors and Hugging Face schema.,Nhà,Vĩnh Long,Trung tâm,,,,60.0,4.0,2.0,3.0,10.267898,105.969476,1826986029,True
Nhà Trung tâm Vĩnh Long,Coverage row generated from market priors and Hugging Face schema.,Nhà,Vĩnh Long,Trung tâm,,,,80.0,1.0,3.0,3.0,10.272739,105.988545,2172522560,True
Nhà Trung tâm Vĩnh Long,Coverage row generated from market priors and Hugging Face schema.,Nhà,Vĩnh Long,Trung tâm,,,,120.0,2.0,1.0,2.0,10.24832,105.953791,3328704715,True
Nhà Trung tâm Vĩnh Long,Coverage row generated from market priors and Hugging Face schema.,Nhà,Vĩnh Long,Trung tâm,,,,180.0,5.0,4.0,3.0,10.257221,105.995018,5429197282,True
Shophouse Trung tâm Vĩnh Long,Coverage row generated from market priors and Hugging Face schema.,Shophouse,Vĩnh Long,Trung tâm,,,,45.0,4.0,2.0,3.0,10.247166,105.9693,1982201291,True
Shophouse Trung tâm Vĩnh Long,Coverage row generated from market priors and Hugging Face schema.,Shophouse,Vĩnh Long,Trung tâm,,,,60.0,1.0,3.0,1.0,10.271727,105.95796,2392289043,True
Shophouse Trung tâm Vĩnh Long,Coverage row generated from market priors and Hugging Face schema.,Shophouse,Vĩnh Long,Trung tâm,,,,80.0,4.0,4.0,3.0,10.239701,105.976309,3323985904,True
Shophouse Trung tâm Vĩnh Long,Coverage row generated from market priors and Hugging Face schema.,Shophouse,Vĩnh Long,Trung tâm,,,,120.0,1.0,3.0,1.0,10.277889,105.996468,4596346965,True
Shophouse Trung tâm Vĩnh Long,Coverage row generated from market priors and Hugging Face schema.,Shophouse,Vĩnh Long,Trung tâm,,,,180.0,5.0,1.0,1.0,10.261969,105.975446,8078187393,True
Đất Trung tâm Vĩnh Long,Coverage row generated from market priors and Hugging Face schema.,Đất,Vĩnh Long,Trung tâm,,,,45.0,0.0,0.0,0.0,10.239899,105.968863,1008625771,True
Đất Trung tâm Vĩnh Long,Coverage row generated from market priors and Hugging Face schema.,Đất,Vĩnh Long,Trung tâm,,,,60.0,0.0,0.0,0.0,10.278687,105.991253,1394655169,True
Đất Trung tâm Vĩnh Long,Coverage row generated from market priors and Hugging Face schema.,Đất,Vĩnh Long,Trung tâm,,,,80.0,0.0,0.0,0.0,10.250928,105.970417,1905746236,True
Đất Trung tâm Vĩnh Long,Coverage row generated from market priors and Hugging Face schema.,Đất,Vĩnh Long,Trung tâm,,,,120.0,0.0,0.0,0.0,10.250065,105.948019,2792201124,True
Đất Trung tâm Vĩnh Long,Coverage row generated from market priors and Hugging Face schema.,Đất,Vĩnh Long,Trung tâm,,,,180.0,0.0,0.0,0.0,10.246598,105.971686,4082333369,True
Biệt thự/Nhà liền kề Trung tâm Vĩnh Phúc,Coverage row generated from market priors and Hugging Face schema.,Biệt thự/Nhà liền kề,Vĩnh Phúc,Trung tâm,,,,45.0,3.0,5.0,2.0,21.329045,105.604747,2428861551,True
Biệt thự/Nhà liền kề Trung tâm Vĩnh Phúc,Coverage row generated from market priors and Hugging Face schema.,Biệt thự/Nhà liền kề,Vĩnh Phúc,Trung tâm,,,,60.0,2.0,1.0,2.0,21.285876,105.600668,3010471372,True
Biệt thự/Nhà liền kề Trung tâm Vĩnh Phúc,Coverage row generated from market priors and Hugging Face schema.,Biệt thự/Nhà liền kề,Vĩnh Phúc,Trung tâm,,,,80.0,4.0,5.0,3.0,21.288969,105.615474,4267586755,True
Biệt thự/Nhà liền kề Trung tâm Vĩnh Phúc,Coverage row generated from market priors and Hugging Face schema.,Biệt thự/Nhà liền kề,Vĩnh Phúc,Trung tâm,,,,120.0,1.0,2.0,4.0,21.299238,105.583454,5679593221,True
Biệt thự/Nhà liền kề Trung tâm Vĩnh Phúc,Coverage row generated from market priors and Hugging Face schema.,Biệt thự/Nhà liền kề,Vĩnh Phúc,Trung tâm,,,,180.0,5.0,1.0,4.0,21.31775,105.598871,10395190527,True
Căn hộ chung cư Trung tâm Vĩnh Phúc,Coverage row generated from market priors and Hugging Face schema.,Căn hộ chung cư,Vĩnh Phúc,Trung tâm,,,,45.0,1.0,3.0,3.0,21.314253,105.59954,1210398162,True
Căn hộ chung cư Trung tâm Vĩnh Phúc,Coverage row generated from market priors and Hugging Face schema.,Căn hộ chung cư,Vĩnh Phúc,Trung tâm,,,,60.0,2.0,4.0,4.0,21.317999,105.602098,1762844959,True
Căn hộ chung cư Trung tâm Vĩnh Phúc,Coverage row generated from market priors and Hugging Face schema.,Căn hộ chung cư,Vĩnh Phúc,Trung tâm,,,,80.0,1.0,3.0,1.0,21.329952,105.580347,2129582867,True
Căn hộ chung cư Trung tâm Vĩnh Phúc,Coverage row generated from market priors and Hugging Face schema.,Căn hộ chung cư,Vĩnh Phúc,Trung tâm,,,,120.0,2.0,3.0,3.0,21.304441,105.624721,3153896541,True
Căn hộ chung cư Trung tâm Vĩnh Phúc,Coverage row generated from market priors and Hugging Face schema.,Căn hộ chung cư,Vĩnh Phúc,Trung tâm,,,,180.0,5.0,2.0,1.0,21.297661,105.605406,4498063729,True
Nhà Trung tâm Vĩnh Phúc,Coverage row generated from market priors and Hugging Face schema.,Nhà,Vĩnh Phúc,Trung tâm,,,,45.0,3.0,5.0,4.0,21.287713,105.605323,1866599657,True
Nhà Trung tâm Vĩnh Phúc,Coverage row generated from market priors and Hugging Face schema.,Nhà,Vĩnh Phúc,Trung tâm,,,,60.0,1.0,1.0,4.0,21.32085,105.585063,2247712205,True
Nhà Trung tâm Vĩnh Phúc,Coverage row generated from market priors and Hugging Face schema.,Nhà,Vĩnh Phúc,Trung tâm,,,,80.0,3.0,1.0,4.0,21.303386,105.592493,3270675604,True
Nhà Trung tâm Vĩnh Phúc,Coverage row generated from market priors and Hugging Face schema.,Nhà,Vĩnh Phúc,Trung tâm,,,,120.0,1.0,2.0,1.0,21.284579,105.584121,4536122497,True
Nhà Trung tâm Vĩnh Phúc,Coverage row generated from market priors and Hugging Face schema.,Nhà,Vĩnh Phúc,Trung tâm,,,,180.0,3.0,1.0,1.0,21.319317,105.602772,6983023759,True
Shophouse Trung tâm Vĩnh Phúc,Coverage row generated from market priors and Hugging Face schema.,Shophouse,Vĩnh Phúc,Trung tâm,,,,45.0,3.0,1.0,4.0,21.297575,105.629528,2799309679,True
Shophouse Trung tâm Vĩnh Phúc,Coverage row generated from market priors and Hugging Face schema.,Shophouse,Vĩnh Phúc,Trung tâm,,,,60.0,2.0,1.0,3.0,21.331199,105.626663,3457011411,True
Shophouse Trung tâm Vĩnh Phúc,Coverage row generated from market priors and Hugging Face schema.,Shophouse,Vĩnh Phúc,Trung tâm,,,,80.0,5.0,5.0,4.0,21.326015,105.625308,5623398567,True
Shophouse Trung tâm Vĩnh Phúc,Coverage row generated from market priors and Hugging Face schema.,Shophouse,Vĩnh Phúc,Trung tâm,,,,120.0,4.0,5.0,4.0,21.288906,105.581374,7917595177,True
Shophouse Trung tâm Vĩnh Phúc,Coverage row generated from market priors and Hugging Face schema.,Shophouse,Vĩnh Phúc,Trung tâm,,,,180.0,5.0,1.0,4.0,21.302989,105.619605,11205955518,True
Đất Trung tâm Vĩnh Phúc,Coverage row generated from market priors and Hugging Face schema.,Đất,Vĩnh Phúc,Trung tâm,,,,45.0,0.0,0.0,0.0,21.306056,105.604971,1456722885,True
Đất Trung tâm Vĩnh Phúc,Coverage row generated from market priors and Hugging Face schema.,Đất,Vĩnh Phúc,Trung tâm,,,,60.0,0.0,0.0,0.0,21.310874,105.625344,1956256332,True
Đất Trung tâm Vĩnh Phúc,Coverage row generated from market priors and Hugging Face schema.,Đất,Vĩnh Phúc,Trung tâm,,,,80.0,0.0,0.0,0.0,21.285048,105.589313,2796640483,True
Đất Trung tâm Vĩnh Phúc,Coverage row generated from market priors and Hugging Face schema.,Đất,Vĩnh Phúc,Trung tâm,,,,120.0,0.0,0.0,0.0,21.286394,105.591138,4302641345,True
Đất Trung tâm Vĩnh Phúc,Coverage row generated from market priors and Hugging Face schema.,Đất,Vĩnh Phúc,Trung tâm,,,,180.0,0.0,0.0,0.0,21.287024,105.585669,6501022961,True
Biệt thự/Nhà liền kề Trung tâm Yên Bái,Coverage row generated from market priors and Hugging Face schema.,Biệt thự/Nhà liền kề,Yên Bái,Trung tâm,,,,45.0,2.0,2.0,1.0,21.721707,104.922826,1105608904,True
Biệt thự/Nhà liền kề Trung tâm Yên Bái,Coverage row generated from market priors and Hugging Face schema.,Biệt thự/Nhà liền kề,Yên Bái,Trung tâm,,,,60.0,4.0,3.0,4.0,21.746423,104.93348,1752418920,True
Biệt thự/Nhà liền kề Trung tâm Yên Bái,Coverage row generated from market priors and Hugging Face schema.,Biệt thự/Nhà liền kề,Yên Bái,Trung tâm,,,,80.0,2.0,3.0,1.0,21.746741,104.910062,2116976382,True
Biệt thự/Nhà liền kề Trung tâm Yên Bái,Coverage row generated from market priors and Hugging Face schema.,Biệt thự/Nhà liền kề,Yên Bái,Trung tâm,,,,120.0,1.0,3.0,3.0,21.718788,104.899303,3070286558,True
Biệt thự/Nhà liền kề Trung tâm Yên Bái,Coverage row generated from market priors and Hugging Face schema.,Biệt thự/Nhà liền kề,Yên Bái,Trung tâm,,,,180.0,2.0,5.0,2.0,21.71299,104.927761,5067876614,True
Căn hộ chung cư Trung tâm Yên Bái,Coverage row generated from market priors and Hugging Face schema.,Căn hộ chung cư,Yên Bái,Trung tâm,,,,45.0,3.0,4.0,4.0,21.743266,104.909895,664733984,True
Căn hộ chung cư Trung tâm Yên Bái,Coverage row generated from market priors and Hugging Face schema.,Căn hộ chung cư,Yên Bái,Trung tâm,,,,60.0,4.0,4.0,4.0,21.718825,104.920687,844689182,True
Căn hộ chung cư Trung tâm Yên Bái,Coverage row generated from market priors and Hugging Face schema.,Căn hộ chung cư,Yên Bái,Trung tâm,,,,80.0,5.0,5.0,2.0,21.741306,104.931335,1202398472,True
Căn hộ chung cư Trung tâm Yên Bái,Coverage row generated from market priors and Hugging Face schema.,Căn hộ chung cư,Yên Bái,Trung tâm,,,,120.0,1.0,2.0,1.0,21.71087,104.890235,1632580355,True
Căn hộ chung cư Trung tâm Yên Bái,Coverage row generated from market priors and Hugging Face schema.,Căn hộ chung cư,Yên Bái,Trung tâm,,,,180.0,3.0,5.0,4.0,21.726393,104.909089,2601526593,True
Nhà Trung tâm Yên Bái,Coverage row generated from market priors and Hugging Face schema.,Nhà,Yên Bái,Trung tâm,,,,45.0,5.0,2.0,3.0,21.736704,104.90063,1011097154,True
Nhà Trung tâm Yên Bái,Coverage row generated from market priors and Hugging Face schema.,Nhà,Yên Bái,Trung tâm,,,,60.0,4.0,4.0,2.0,21.735514,104.917867,1322959756,True
Nhà Trung tâm Yên Bái,Coverage row generated from market priors and Hugging Face schema.,Nhà,Yên Bái,Trung tâm,,,,80.0,4.0,2.0,3.0,21.734066,104.897745,1752512766,True
Nhà Trung tâm Yên Bái,Coverage row generated from market priors and Hugging Face schema.,Nhà,Yên Bái,Trung tâm,,,,120.0,1.0,4.0,1.0,21.734733,104.889923,2385383373,True
Nhà Trung tâm Yên Bái,Coverage row generated from market priors and Hugging Face schema.,Nhà,Yên Bái,Trung tâm,,,,180.0,4.0,3.0,4.0,21.728286,104.911211,4295790296,True
Shophouse Trung tâm Yên Bái,Coverage row generated from market priors and Hugging Face schema.,Shophouse,Yên Bái,Trung tâm,,,,45.0,5.0,2.0,1.0,21.722773,104.902296,1584195411,True
Shophouse Trung tâm Yên Bái,Coverage row generated from market priors and Hugging Face schema.,Shophouse,Yên Bái,Trung tâm,,,,60.0,3.0,3.0,1.0,21.745039,104.921949,1932015121,True
Shophouse Trung tâm Yên Bái,Coverage row generated from market priors and Hugging Face schema.,Shophouse,Yên Bái,Trung tâm,,,,80.0,5.0,5.0,1.0,21.731365,104.898386,2728893305,True
Shophouse Trung tâm Yên Bái,Coverage row generated from market priors and Hugging Face schema.,Shophouse,Yên Bái,Trung tâm,,,,120.0,3.0,1.0,1.0,21.713848,104.901969,3865997673,True
Shophouse Trung tâm Yên Bái,Coverage row generated from market priors and Hugging Face schema.,Shophouse,Yên Bái,Trung tâm,,,,180.0,1.0,2.0,1.0,21.741003,104.908291,4969590167,True
Đất Trung tâm Yên Bái,Coverage row generated from market priors and Hugging Face schema.,Đất,Yên Bái,Trung tâm,,,,45.0,0.0,0.0,0.0,21.71312,104.904771,800579889,True
Đất Trung tâm Yên Bái,Coverage row generated from market priors and Hugging Face schema.,Đất,Yên Bái,Trung tâm,,,,60.0,0.0,0.0,0.0,21.698286,104.89861,1053416570,True
Đất Trung tâm Yên Bái,Coverage row generated from market priors and Hugging Face schema.,Đất,Yên Bái,Trung tâm,,,,80.0,0.0,0.0,0.0,21.700721,104.898409,1421192493,True
Đất Trung tâm Yên Bái,Coverage row generated from market priors and Hugging Face schema.,Đất,Yên Bái,Trung tâm,,,,120.0,0.0,0.0,0.0,21.713622,104.894022,2109137030,True
Đất Trung tâm Yên Bái,Coverage row generated from market priors and Hugging Face schema.,Đất,Yên Bái,Trung tâm,,,,180.0,0.0,0.0,0.0,21.718571,104.902349,3194912124,True
